
>>> ParaRead
data received from Serial port
ParaRead
check para in EEPROM, length is 400, right one is 400
There is para in the EEPROM
Length: 400
{"device ID":"RPL01015","para version":"V1.301015","PCB version":"V1.3","opto calibration":{"slopes":[1.508,1.622,1.504,1.73,1.542,1.743,1.617,1.59,1.294,1.511],"origins":[0,0,0,0,0,0,0,0,0,0]},"LED power":[150,150,150,150,150,150,150,150,150,150],"parameters":{"min increase":25,"min sharpness":8,"min slight positive time":22,"detect shape":true,"detection margin time":4,"arm percentile":0.5,"transition percentile":0.4,"sg order":2,"sg window":4,"baseline start":2,"baseline range":2},"units":"nM FAM","lysis duration":600,"opto preheat time":900,"LED Duration":200,"time per loop":20000,"amplification time":90,"lysis temperature":82,"amplification temperature":65.8,"bottom temperature sensor seq":[1,0,2],"top temperature sensor seq":[0,1,2],"PID parameter":[30,0.05,30],"PID2 parameter":[40,0.1,40],"PID3 parameter":[60,0.1,40],"Bottom overheat value":[5,5,5],"Top overheat value":[20,20],"temperature value calibration":[0,0,0,0,0,0],"top heater PWM":[[40,100],[40,100]],"buzzer":"On","kitId":0}@
[dash] heap free=94280 maxAlloc=77812 intFree=94280 intLargest=77812 clients=0 ap=0

>>> getResult
data received from Serial port
getResult
<AmpStart/>
<AmpStart>
{"calibration":{"slopes":[1.508,1.622,1.504,1.73,1.542,1.743,1.617,1.59,1.294,1.511],"origins":[0,0,0,0,0,0,0,0,0,0]},"led_power":[150,150,150,150,150,150,150,150,150,150],"units":"nM FAM","device_id":"RPL01015","slots":10,"amplification_time":30,"reading_interval":0.333333,"software_version":"v2.4.5AT1"}
Amplification Time[min],Sensor 1 Fluorescence[nM FAM],Sensor 2 Fluorescence[nM FAM],Sensor 3 Fluorescence[nM FAM],Sensor 4 Fluorescence[nM FAM],Sensor 5 Fluorescence[nM FAM],Temperature[C]
0.00,251.99,296.55,500.00,373.41,373.54,211.13,431.05,367.30,431.22,405.03,65.80
0.33,252.65,299.01,500.00,375.14,372.89,209.98,432.28,366.04,431.22,403.04,65.80
0.67,251.99,295.31,500.66,376.88,375.49,209.98,434.14,362.26,431.99,402.38,65.80
1.00,250.66,297.16,502.66,375.14,374.84,208.84,435.37,362.89,431.22,402.38,65.80
1.33,251.99,297.78,502.66,376.88,373.54,209.98,433.52,365.41,430.45,406.35,65.80
1.67,250.66,295.31,505.32,373.41,372.89,211.70,434.76,366.67,430.45,405.69,65.80
2.00,251.33,295.93,504.65,374.57,374.84,210.56,430.43,365.41,431.22,404.37,65.80
2.33,252.65,298.40,503.99,375.14,374.84,209.98,432.28,366.67,431.99,406.35,65.80
2.67,249.34,296.55,502.66,378.03,373.54,211.13,435.99,367.30,433.54,405.03,65.80
3.00,252.65,296.55,506.65,375.14,372.24,209.41,432.90,363.52,432.77,403.71,65.80
3.33,252.65,296.55,496.68,375.72,372.89,208.84,432.90,363.52,431.99,405.03,65.80
3.67,253.98,295.93,498.67,375.14,372.89,209.98,432.90,363.52,431.99,405.69,65.80
4.00,250.00,297.78,500.00,374.57,375.49,209.98,434.14,365.41,429.68,403.71,65.80
4.33,251.99,295.93,501.99,376.30,374.19,211.13,434.76,366.67,431.22,405.69,65.80
4.67,253.32,295.31,504.65,373.99,373.54,209.41,432.90,366.67,430.45,405.69,65.80
5.00,251.33,296.55,504.65,375.14,374.19,209.41,434.76,366.67,431.22,405.69,65.80
5.33,251.33,296.55,503.99,373.99,376.13,211.13,434.76,366.04,431.22,405.69,65.80
5.67,253.32,295.93,504.65,375.14,375.49,211.13,432.90,366.67,433.54,407.68,65.80
6.00,251.33,295.93,505.32,375.14,375.49,211.13,432.90,366.67,434.31,406.35,65.80
6.33,251.33,296.55,503.99,375.14,373.54,211.13,431.05,367.30,434.31,410.99,65.80
6.67,252.65,298.40,504.65,375.72,373.54,211.70,428.57,366.67,432.77,407.02,65.80
7.00,251.33,296.55,503.99,374.57,373.54,212.28,429.19,366.67,431.22,405.69,65.80
7.33,251.33,298.40,503.32,373.99,373.54,212.28,431.05,367.30,431.99,407.68,65.80
7.67,251.33,296.55,503.99,374.57,373.54,214.00,430.43,366.67,435.08,405.69,65.80
8.00,251.33,296.55,505.32,375.14,374.19,212.28,430.43,366.67,432.77,405.69,65.80
8.33,251.99,296.55,503.99,374.57,373.54,212.28,431.05,366.67,431.99,408.34,65.80
8.67,247.35,296.55,504.65,373.41,373.54,212.28,431.05,366.67,430.45,406.35,65.80
9.00,247.35,293.46,500.00,369.36,372.24,209.41,428.57,362.89,430.45,403.71,65.80
9.33,249.34,297.78,495.35,374.57,377.43,213.43,431.05,366.67,433.54,406.35,65.80
9.67,251.33,296.55,503.99,374.57,375.49,213.43,430.43,366.67,435.08,407.68,65.80
10.00,250.66,296.55,504.65,375.14,376.13,213.43,430.43,367.30,432.77,407.68,65.80
10.33,251.99,296.55,505.32,375.72,376.78,213.43,431.05,367.30,435.86,407.68,65.80
10.67,250.00,296.55,503.99,374.57,374.84,211.70,429.19,366.67,434.31,410.32,65.80
11.00,250.66,296.55,503.99,375.14,374.19,213.43,432.28,367.30,436.63,409.66,65.80
11.33,251.99,297.78,504.65,378.61,376.13,213.43,432.28,366.67,435.86,407.68,65.80
11.67,251.33,298.40,503.99,375.72,373.54,211.70,431.05,366.67,435.08,408.34,65.80
12.00,252.65,298.40,504.65,374.57,374.19,212.28,432.90,369.81,435.08,409.66,65.80
12.33,253.98,299.01,504.65,375.14,376.13,213.43,431.05,369.18,437.40,408.34,65.80
12.67,254.64,297.78,503.99,376.88,375.49,214.57,432.28,366.67,437.40,405.69,65.80
13.00,251.33,298.40,505.32,375.14,374.19,213.43,431.05,365.41,435.08,406.35,65.80
13.33,251.99,298.40,504.65,376.30,373.54,213.43,431.05,366.67,436.63,405.69,65.80
13.67,252.65,298.40,503.99,375.14,374.19,214.00,432.28,367.30,435.86,406.35,65.80
14.00,252.65,299.01,505.32,379.19,375.49,214.00,432.28,367.30,433.54,409.66,65.80
14.33,253.98,300.86,503.99,379.19,374.84,212.28,432.28,366.67,432.77,409.66,65.80
14.67,253.32,300.25,505.32,379.19,375.49,211.70,432.90,366.67,437.40,407.68,65.80
15.00,252.65,298.40,504.65,378.61,378.08,211.13,431.05,366.67,433.54,407.02,65.80
15.33,254.64,298.40,503.99,376.30,376.78,211.70,431.05,369.18,433.54,407.68,65.80
15.67,253.32,298.40,504.65,376.88,377.43,211.70,429.19,366.67,434.31,408.34,65.80
16.00,251.99,300.25,505.32,379.77,377.43,211.70,430.43,367.30,437.40,408.34,65.80
16.33,251.99,300.25,503.99,378.61,378.08,213.43,432.28,366.67,432.77,407.68,65.80
16.67,252.65,297.78,503.99,379.77,376.78,214.00,430.43,366.67,433.54,408.34,65.80
17.00,251.99,298.40,506.65,378.61,380.03,214.00,429.19,366.67,433.54,406.35,65.80
17.33,251.99,298.40,505.98,379.19,377.43,214.00,431.05,366.67,432.77,407.68,65.80
17.67,251.33,299.01,504.65,380.92,378.08,214.00,431.05,366.04,433.54,405.03,65.80
18.00,252.65,299.01,503.99,378.61,378.08,214.00,431.05,366.04,431.99,406.35,65.80
18.33,250.66,298.40,505.98,380.35,378.08,214.00,432.90,366.67,434.31,405.03,65.80
18.67,250.66,298.40,507.98,379.19,378.08,213.43,430.43,366.67,435.08,405.69,65.80
19.00,251.99,297.78,506.65,379.19,377.43,212.28,431.05,366.67,431.99,405.69,65.80
19.33,251.99,296.55,505.98,379.19,377.43,212.28,432.28,366.67,433.54,405.69,65.80
19.67,252.65,298.40,507.98,379.77,379.38,213.43,430.43,366.04,431.99,405.69,65.80
20.00,251.33,299.01,508.64,379.19,376.78,212.28,432.90,366.04,432.77,406.35,65.80
20.33,251.99,296.55,509.31,379.77,378.73,214.00,432.90,366.67,433.54,405.69,65.80
20.67,251.99,296.55,509.31,379.19,378.73,214.00,431.05,362.89,433.54,405.69,65.80
21.00,251.33,298.40,509.97,379.19,378.73,211.70,432.90,365.41,431.22,405.69,65.80
21.33,251.33,298.40,510.64,376.30,379.38,213.43,434.76,366.04,431.99,405.03,65.80
21.67,253.32,296.55,509.97,376.88,378.08,213.43,434.76,366.67,431.99,406.35,65.80
22.00,251.99,296.55,509.97,379.19,378.08,209.98,434.14,366.67,431.99,405.69,65.80
22.33,251.99,298.40,509.31,376.88,378.08,211.70,434.76,366.67,430.45,405.03,65.80
22.67,251.99,296.55,510.64,377.46,375.49,211.70,434.76,366.67,431.99,405.69,65.80
23.00,251.33,296.55,509.31,376.30,376.13,212.28,434.14,366.67,430.45,405.69,65.80
23.33,251.99,298.40,510.64,376.30,376.78,211.70,434.76,366.67,432.77,407.02,65.80
23.67,250.66,300.25,509.97,376.88,376.78,212.28,434.76,366.04,431.99,405.69,65.80
24.00,251.99,297.78,509.31,378.61,376.78,211.70,434.14,366.67,432.77,407.02,65.80
24.33,253.32,300.86,509.31,376.88,376.78,212.28,432.90,367.30,431.99,409.66,65.80
24.67,253.32,298.40,510.64,378.61,374.84,213.43,432.90,366.67,431.22,406.35,65.80
25.00,253.32,296.55,511.30,376.30,376.78,212.28,434.76,366.67,431.22,407.02,65.80
25.33,251.99,298.40,511.30,376.30,376.78,211.70,434.14,366.67,430.45,408.34,65.80
25.67,251.99,298.40,511.30,375.72,377.43,211.70,435.99,366.67,432.77,407.68,65.80
26.00,252.65,300.25,509.31,375.72,378.08,209.98,432.90,366.67,431.22,409.66,65.80
26.33,254.64,296.55,508.64,376.88,376.78,211.70,432.90,367.30,431.99,409.66,65.80
26.67,251.99,296.55,508.64,376.30,377.43,209.41,434.14,366.04,431.22,408.34,65.80
27.00,251.99,298.40,509.31,376.88,378.73,211.70,432.90,366.67,433.54,409.66,65.80
27.33,251.99,296.55,509.31,379.19,376.13,209.41,434.76,366.67,431.99,409.66,65.80
27.67,250.66,298.40,508.64,377.46,374.84,211.13,432.90,367.30,431.99,410.32,65.80
28.00,252.65,298.40,505.98,377.46,378.08,211.13,434.76,367.30,431.99,410.32,65.80
28.33,251.99,300.25,509.97,379.19,379.38,209.98,434.76,367.30,431.22,409.66,65.80
28.67,253.32,298.40,507.31,378.61,377.43,211.70,431.05,368.55,431.99,410.99,65.80
29.00,251.99,300.25,508.64,377.46,378.08,211.70,432.90,367.30,431.99,410.32,65.80
29.33,252.65,298.40,509.97,379.19,376.13,211.13,432.90,367.30,431.99,410.32,65.80
29.67,254.64,299.01,508.64,375.72,376.78,211.70,431.05,367.30,431.99,410.99,65.80
load algo para from flash
Slot 1:
Outcome check: Negative
Index Rising data : 10.666667
Index Break data : 0.000000
Index Transition time: 11.000000
{"outcome":{"outcome":"Negative","transition_time":{"x":11,"y":-0.887034561,"i":33},"plateau_point":{"x":12.33333333,"y":1.309045172,"i":37},"increase":2.196079733,"suspect_score":2,"arm_width":1.333333333,"window_rate":0.980341181,"rise_width":4.666666667,"shape_flag":0,"climbs_fixed":0,"climb_first_i":-1},"peak_features":{"main_peak":{"x":11.66666667,"y":2.514726812,"i":35},"left_arm":{"x":11,"y":0.378929138,"i":33},"right_arm":{"x":12.33333333,"y":0.077509595,"i":37}},"time_data":[0,0.333333333,0.666666667,1,1.333333333,1.666666667,2,2.333333333,2.666666667,3,3.333333333,3.666666667,4,4.333333333,4.666666667,5,5.333333333,5.666666667,6,6.333333333,6.666666667,7,7.333333333,7.666666667,8,8.333333333,8.666666667,9,9.333333333,9.666666667,10,10.33333333,10.66666667,11,11.33333333,11.66666667,12,12.33333333,12.66666667,13,13.33333333,13.66666667,14,14.33333333,14.66666667,15,15.33333333,15.66666667,16,16.33333333,16.66666667,17,17.33333333,17.66666667,18,18.33333333,18.66666667,19,19.33333333,19.66666667,20,20.33333333,20.66666667,21,21.33333333,21.66666667,22,22.33333333,22.66666667,23,23.33333333,23.66666667,24,24.33333333,24.66666667,25,25.33333333,25.66666667,26,26.33333333,26.66666667,27,27.33333333,27.66666667,28,28.33333333,28.66666667,29,29.33333333,29.66666667],"raw_data":[251.9894,252.6525,251.9894,250.6631,251.9894,250.6631,251.3263,252.6525,249.3369,252.6525,252.6525,253.9788,250,251.9894,253.3156,251.3263,251.3263,253.3156,251.3263,251.3263,252.6525,251.3263,251.3263,251.3263,251.3263,251.9894,247.3475,247.3475,249.3369,251.3263,250.6631,251.9894,250,250.6631,251.9894,251.3263,252.6525,253.9788,254.6419,251.3263,251.9894,252.6525,252.6525,253.9788,253.3156,252.6525,254.6419,253.3156,251.9894,251.9894,252.6525,251.9894,251.9894,251.3263,252.6525,250.6631,250.6631,251.9894,251.9894,252.6525,251.3263,251.9894,251.9894,251.3263,251.3263,253.3156,251.9894,251.9894,251.9894,251.3263,251.9894,250.6631,251.9894,253.3156,253.3156,253.3156,251.9894,251.9894,252.6525,254.6419,251.9894,251.9894,251.9894,250.6631,252.6525,251.9894,253.3156,251.9894,252.6525,254.6419],"processed_data":[0.322093247,0.233678829,0.113686249,-0.037884495,-0.221033402,-0.69756697,-0.683213469,-0.548293209,0.043068692,0.301429716,0.175118649,0.419127493,0.783705344,0.077518149,0.126320315,0.117708809,0.367461366,0.175125783,0.034461083,0.172253299,-0.014340884,-0.404752063,0.152161041,-0.160745266,-1.171230366,-2.026700701,-2.540555682,-2.87355451,-2.494622763,-1.975025392,-1.027695363,-0.599963696,-0.752110733,-0.887034561,-0.499491308,0.387552699,1.176993234,1.309045172,1.228666297,1.047810212,0.809543164,0.737774671,[stack]0.72054882,1.487023424,1.828638118,1.828638118,1.555921612,1.199954805, Control=1120/40960.9789109,0.729158608,0.097606907, Sensor=1516/102400.272719875,0.298558091, Display=8352/10240-0.088982124,-0.390403318,- Network=2172/61440.47652399 Input=1488/6144,-0.287060824 Setting=7016/8192,- | unused=23392 B
0.172234143,-0.132043946,0.304298104,0.315781234,-0.126301555,-0.068885902,-0.011472231,0.235405662,0.321525343,0.307171512,0.442090716,0.094738386,-0.444949856,-0.315767693,-0.077500248,0.453577281,0.898532488,1.007618826,0.981780213,1.076514702,0.9760402,0.938721099,1.021970014,0.780833521,0.493765166,-0.028701254,-0.155011726,0.212437551,0.229660761,0.555197507,1.001303391,1.567978414,2.255222575],"differential_data":[-0.265243253,-0.312610497,-0.407344987,-0.502079476,-0.989523712,-0.693270101,0.223910641,1.089423242,1.274584386,0.198074935,0.176546667,0.912880043,-0.512414016,-0.986077544,0.060285989,0.361711576,0.086125461,-0.499500423,-0.004308725,-0.073202951,-0.865508042,0.249752887,0.366010195,-1.98508711,-2.798933153,-2.053987974,-1.270280714,0.068899378,1.347793678,2.200391101,2.062592544,0.413376944,-0.430606297,0.378929138,1.911880889,2.514726812,1.38223871,0.077509595,-0.391852441,-0.6286847,-0.465053311,-0.133491516,1.123873129,1.662133948,0.512422041,-0.409074759,-0.94302497,-0.865516068,-0.706194296,-1.32195599,-0.6846581,0.301426776,-0.542552998,-1.033442113,-0.581312799,0.155013741,0.45643477,0.232525318,0.71479837,0.67173777,-0.645899488,-0.577000705,0.172243985,0.456437346,0.499496361,0.107648775,0.18084806,-0.318649688,-1.330560858,-0.615759119,0.551174412,1.154017461,1.464049104,0.831062317,0.124871588,0.103343815,-0.008610019,-0.206690404,0.068894721,-0.236831368,-0.792307272,-1.214302162,-0.973165339,0.361708208,0.57700873,0.514139933,1.157463946,1.519171361,1.880878775,2.061732483,-0.265243253,-0.312610497,-0.407344987,-0.502079476,-0.989523712,-0.693270101,0.223910641,1.089423242,1.274584386,0.198074935,0.176546667,0.912880043,-0.512414016,-0.986077544,0.060285989,0.361711576,0.086125461,-0.499500423,-0.004308725,-0.073202951,-0.865508042,0.249752887,0.366010195,-1.98508711,-2.798933153,-2.053987974,-1.270280714,0.068899378,1.347793678,2.200391101,2.062592544,0.413376944,-0.430606297,0.378929138,1.911880889,2.514726812,1.38223871,0.077509595,-0.391852441,-0.6286847,-0.465053311,-0.133491516,1.123873129,1.662133948,0.512422041,-0.409074759,-0.94302497,-0.865516068,-0.706194296,-1.32195599,-0.6846581,0.301426776,-0.542552998,-1.033442113,-0.581312799,0.155013741,0.45643477,0.232525318,0.71479837,0.67173777,-0.645899488,-0.577000705,0.172243985,0.456437346,0.499496361,0.107648775,0.18084806,-0.318649688,-1.330560858,-0.615759119,0.551174412,1.154017461,1.464049104,0.831062317,0.124871588,0.103343815,-0.008610019,-0.206690404,0.068894721,-0.236831368,-0.792307272,-1.214302162,-0.973165339,0.361708208,0.57700873,0.514139933,1.157463946,1.519171361,1.880878775,2.061732483]}

Slot 2:
Outcome check: Negative
Index Rising data : 0.000000
Index Break data : 0.000000
Index Transition time: 27.000000
{"outcome":{"outcome":"Negative","transition_time":{"x":27,"y":0.352293997,"i":81},"plateau_point":{"x":28.33333333,"y":2.201853434,"i":85},"increase":1.849559437,"suspect_score":3,"arm_width":1.333333333,"window_rate":0.760642246,"rise_width":6.333333333,"shape_flag":0,"climbs_fixed":0,"climb_first_i":-1},"peak_features":{"main_peak":{"x":27.66666667,"y":2.029714015,"i":83},"left_arm":{"x":27,"y":-0.072069441,"i":81},"right_arm":{"x":28.33333333,"y":0.540058463,"i":85}},"time_data":[0,0.333333333,0.666666667,1,1.333333333,1.666666667,2,2.333333333,2.666666667,3,3.333333333,3.666666667,4,4.333333333,4.666666667,5,5.333333333,5.666666667,6,6.333333333,6.666666667,7,7.333333333,7.666666667,8,8.333333333,8.666666667,9,9.333333333,9.666666667,10,10.33333333,10.66666667,11,11.33333333,11.66666667,12,12.33333333,12.66666667,13,13.33333333,13.66666667,14,14.33333333,14.66666667,15,15.33333333,15.66666667,16,16.33333333,16.66666667,17,17.33333333,17.66666667,18,18.33333333,18.66666667,19,19.33333333,19.66666667,20,20.33333333,20.66666667,21,21.33333333,21.66666667,22,22.33333333,22.66666667,23,23.33333333,23.66666667,24,24.33333333,24.66666667,25,25.33333333,25.66666667,26,26.33333333,26.66666667,27,27.33333333,27.66666667,28,28.33333333,28.66666667,29,29.33333333,29.66666667],"raw_data":[296.5475,299.0136,295.3144,297.164,297.7805,295.3144,295.9309,298.397,296.5475,296.5475,296.5475,295.9309,297.7805,295.9309,295.3144,296.5475,296.5475,295.9309,295.9309,296.5475,298.397,296.5475,298.397,296.5475,296.5475,296.5475,296.5475,293.4649,297.7805,296.5475,296.5475,296.5475,296.5475,296.5475,297.7805,298.397,298.397,299.0136,297.7805,298.397,298.397,298.397,299.0136,300.8631,300.2466,298.397,298.397,298.397,300.2466,300.2466,297.7805,298.397,298.397,299.0136,299.0136,298.397,298.397,297.7805,296.5475,298.397,299.0136,296.5475,296.5475,298.397,298.397,296.5475,296.5475,298.397,296.5475,296.5475,298.397,300.2466,297.7805,300.8631,298.397,296.5475,298.397,298.397,300.2466,296.5475,296.5475,298.397,296.5475,298.397,298.397,300.2466,298.397,300.2466,298.397,299.0136],"processed_data":[0.554077518,0.279436331,0.071520309,-0.069670548,-0.144136239,-0.317618762,0.080054874,-0.069400936,-0.272236746,0.149456998,0.04269898,-0.480416963,-0.445725874,-0.469743869,-0.533796038,-0.667241745,-1.038221747,-0.472409467,-0.309604661,0.032014525,0.378976929,0.619185939,0.576485374,0.560471968,-0.419019295,-0.597838959,-0.944798061,-0.763313459,-0.669901266,-0.496420724,-0.354965672,-0.002666127,-0.224187678,0.224184903,0.832698938,1.251719685,1.57732758,1.729455593,1.571987003,1.358474798,1.604015532,2.16449001,2.687603311,2.791692428,2.570168896,2.415368547,2.471413484,2.180503416,2.217868821,2.289929146,2.153814407,2.007027498,1.67341224,1.737466655,2.073750946,1.617366246,1.214354148,1.182324034,1.072900549,0.7686506,0.648550719,0.936791358,1.008849701,0.453715007,0.528439608,0.792663574,0.424355247,-0.072063099,0.424357096,0.78732815,1.486586798,2.073748964,2.380673892,2.239220821,1.569319952,1.604013682,1.726785899,1.056889125,1.369153968,1.168985738,0.680574888,0.352293997,0.632528594,1.353135146,1.98567127,2.201853434,2.345710246,2.386814372,2.325165812,2.160764567],"differential_data":[-0.823923562,-0.723835814,-0.523660318,-0.323484822,-0.371922322,0.336286669,0.372326739,-0.528437429,0.328286902,0.472403588,-0.944810942,-0.732637282,0.01600964,-0.132105245,-0.296246813,-0.756638564,0.292248416,1.092925629,0.756635988,1.032872386,0.880757121,0.296262667,-0.088070956,-1.493257002,-1.737466391,-0.788668149,-0.248211749,0.412345193,0.400339102,0.47240339,0.740631896,0.196166992,0.340276545,1.585329923,1.541302173,1.116942963,0.716603861,-0.008010864,-0.556471193,0.048042793,1.209022819,1.625381668,0.940803627,-0.176151622,-0.564485822,-0.148133117,-0.352297696,-0.380316994,0.164138596,-0.096081622,-0.424352472,-0.720603249,-0.404341264,0.600508058,-0.180150614,-1.289095197,-0.652563318,-0.212180398,-0.620510151,-0.636524745,0.252211137,0.540448474,-0.724614527,-0.720615139,0.508422852,-0.156126543,-1.29709001,2.774325285e-6,1.289086874,1.593344552,1.929631221,1.341130641,0.248207786,-1.217030909,-0.952810709,0.236198921,-0.820686836,-0.536447897,0.16814492,-1.032868621,-1.225037612,-0.072069441,1.501261724,2.029714015,1.273077432,0.540058463,0.277441406,-0.03081665,-0.339074707,-0.493203735,-0.823923562,-0.723835814,-0.523660318,-0.323484822,-0.371922322,0.336286669,0.372326739,-0.528437429,0.328286902,0.472403588,-0.944810942,-0.732637282,0.01600964,-0.132105245,-0.296246813,-0.756638564,0.292248416,1.092925629,0.756635988,1.032872386,0.880757121,0.296262667,-0.088070956,-1.493257002,-1.737466391,-0.788668149,-0.248211749,0.412345193,0.400339102,0.47240339,0.740631896,0.196166992,0.340276545,1.585329923,1.541302173,1.116942963,0.716603861,-0.008010864,-0.556471193,0.048042793,1.209022819,1.625381668,0.940803627,-0.176151622,-0.564485822,-0.148133117,-0.352297696,-0.380316994,0.164138596,-0.096081622,-0.424352472,-0.720603249,-0.404341264,0.600508058,-0.180150614,-1.289095197,-0.652563318,-0.212180398,-0.620510151,-0.636524745,0.252211137,0.540448474,-0.724614527,-0.720615139,0.508422852,-0.156126543,-1.29709001,2.774325285e-6,1.289086874,1.593344552,1.929631221,1.341130641,0.248207786,-1.217030909,-0.952810709,0.236198921,-0.820686836,-0.536447897,0.16814492,-1.032868621,-1.225037612,-0.072069441,1.501261724,2.029714015,1.273077432,0.540058463,0.277441406,-0.03081665,-0.339074707,-0.493203735]}

Slot 3:
Outcome check: Negative
Index Rising data : 19.333333
Index Break data : 0.000000
Index Transition time: 4.000000
{"outcome":{"outcome":"Negative","transition_time":{"x":4,"y":-1.439148081,"i":12},"plateau_point":{"x":5.333333333,"y":2.918644232,"i":16},"increase":4.357792313,"suspect_score":2,"arm_width":1,"window_rate":1.274380605,"rise_width":4,"shape_flag":0,"climbs_fixed":0,"climb_first_i":-1},"peak_features":{"main_peak":{"x":4.666666667,"y":4.861498746,"i":14},"left_arm":{"x":4,"y":1.757218596,"i":12},"right_arm":{"x":5,"y":2.072398198,"i":15}},"time_data":[0,0.333333333,0.666666667,1,1.333333333,1.666666667,2,2.333333333,2.666666667,3,3.333333333,3.666666667,4,4.333333333,4.666666667,5,5.333333333,5.666666667,6,6.333333333,6.666666667,7,7.333333333,7.666666667,8,8.333333333,8.666666667,9,9.333333333,9.666666667,10,10.33333333,10.66666667,11,11.33333333,11.66666667,12,12.33333333,12.66666667,13,13.33333333,13.66666667,14,14.33333333,14.66666667,15,15.33333333,15.66666667,16,16.33333333,16.66666667,17,17.33333333,17.66666667,18,18.33333333,18.66666667,19,19.33333333,19.66666667,20,20.33333333,20.66666667,21,21.33333333,21.66666667,22,22.33333333,22.66666667,23,23.33333333,23.66666667,24,24.33333333,24.66666667,25,25.33333333,25.66666667,26,26.33333333,26.66666667,27,27.33333333,27.66666667,28,28.33333333,28.66666667,29,29.33333333,29.66666667],"raw_data":[500,500,500.6649,502.6595,502.6595,505.3191,504.6542,503.9893,502.6595,506.6489,496.6755,498.6702,500,501.9947,504.6542,504.6542,503.9893,504.6542,505.3191,503.9893,504.6542,503.9893,503.3244,503.9893,505.3191,503.9893,504.6542,500,495.3457,503.9893,504.6542,505.3191,503.9893,503.9893,504.6542,503.9893,504.6542,504.6542,503.9893,505.3191,504.6542,503.9893,505.3191,503.9893,505.3191,504.6542,503.9893,504.6542,505.3191,503.9893,503.9893,506.6489,505.984,504.6542,503.9893,505.984,507.9787,506.6489,505.984,507.9787,508.6436,509.3085,509.3085,509.9734,510.6383,509.9734,509.9734,509.3085,510.6383,509.3085,510.6383,509.9734,509.3085,509.3085,510.6383,511.3032,511.3032,511.3032,509.3085,508.6436,508.6436,509.3085,509.3085,508.6436,505.984,509.9734,507.3138,508.6436,509.9734,508.6436],"processed_data":[-2.907106342,-1.37583461,-0.123760603,0.849115677,1.542794232,1.888195352,3.169055889,2.688375762,1.490994012,-0.290691954,-1.539888456,-1.899680794,-1.439148081,-0.72820173,1.537045433,2.512797434,2.918644232,2.944547975,2.737310632,2.567486519,2.29116676,2.190424403,2.075291885,2.688375234,2.912883412,1.318290017,0.092126491,-0.794398849,-0.86635692,-0.184194722,0.748385871,2.463869698,3.35039332,2.489774365,2.432208437,2.271023837,2.547340294,2.72003808,2.59914963,2.817900158,2.653837262,2.740186155,2.886979272,2.682620226,2.668228744,2.843804826,2.728672969,2.521432852,2.484019622,2.961820132,3.353270427,3.186329895,3.013628675,3.511573825,3.862730612,3.730326863,4.211009632,4.916194635,5.572452562,5.848776681,6.245987929,7.20159344,7.878004859,8.122662433,8.111151097,8.237793365,8.102513433,8.027677726,8.044947504,8.122661508,7.947085426,7.869371422,7.831953569,8.188862326,8.591823826,9.032205953,9.095526625,8.649382752,7.944194843,7.420345026,7.285066018,6.585630078,6.761205632,6.533821667,6.182662766,6.211443748,6.302397678,6.553099635,6.96354962,7.533747633],"differential_data":[4.593815197,4.175018608,3.33742543,2.499832252,1.558619512,2.439392486,1.200270616,-2.517092816,-4.468601574,-4.546323702,-2.413483261,0.151110562,1.757218596,4.464290272,4.861498746,2.072398198,0.647625812,-0.2720004,-0.565592184,-0.669215809,-0.565593175,-0.323812311,0.746926246,1.256387289,-2.055127825,-4.231135381,-3.169033298,-1.437725117,0.91530619,2.422114186,3.972096629,3.903011173,0.038857002,-1.377277325,-0.328125793,0.172697786,0.673521364,0.077714004,0.146793118,0.082031448,-0.116571005,0.349713016,-0.086348893,-0.328125793,0.2417769,0.090666337,-0.483557961,-0.36698002,0.66058092,1.303876208,0.336764645,-0.509462629,0.487865894,1.273652907,0.328129558,0.52241853,1.778801658,2.042164394,1.398873069,1.010303051,2.029225139,2.448025394,1.381603489,0.349719357,0.172696398,-0.012956495,-0.315173459,-0.086348893,0.142475673,-0.146793118,-0.379935128,-0.172697786,0.479236355,1.139805385,1.265015441,0.755554199,-0.574234801,-1.726997673,-1.84355659,-0.988693237,-1.252072421,-0.78579058,-0.077712616,-0.867814299,-0.483566879,0.179602368,0.51248383,0.991727913,1.470971997,1.710594039,4.593815197,4.175018608,3.33742543,2.499832252,1.558619512,2.439392486,1.200270616,-2.517092816,-4.468601574,-4.546323702,-2.413483261,0.151110562,1.757218596,4.464290272,4.861498746,2.072398198,0.647625812,-0.2720004,-0.565592184,-0.669215809,-0.565593175,-0.323812311,0.746926246,1.256387289,-2.055127825,-4.231135381,-3.169033298,-1.437725117,0.91530619,2.422114186,3.972096629,3.903011173,0.038857002,-1.377277325,-0.328125793,0.172697786,0.673521364,0.077714004,0.146793118,0.082031448,-0.116571005,0.349713016,-0.086348893,-0.328125793,0.2417769,0.090666337,-0.483557961,-0.36698002,0.66058092,1.303876208,0.336764645,-0.509462629,0.487865894,1.273652907,0.328129558,0.52241853,1.778801658,2.042164394,1.398873069,1.010303051,2.029225139,2.448025394,1.381603489,0.349719357,0.172696398,-0.012956495,-0.315173459,-0.086348893,0.142475673,-0.146793118,-0.379935128,-0.172697786,0.479236355,1.139805385,1.265015441,0.755554199,-0.574234801,-1.726997673,-1.84355659,-0.988693237,-1.252072421,-0.78579058,-0.077712616,-0.867814299,-0.483566879,0.179602368,0.51248383,0.991727913,1.470971997,1.710594039]}

Slot 4:
Outcome check: Negative
Index Rising data : 0.000000
Index Break data : 0.000000
Index Transition time: 9.000000
{"outcome":{"outcome":"Negative","transition_time":{"x":9,"y":-2.542333165,"i":27},"plateau_point":{"x":10.66666667,"y":0.347834071,"i":32},"increase":2.890167236,"suspect_score":2,"arm_width":1.666666667,"window_rate":1.102267707,"rise_width":5,"shape_flag":0,"climbs_fixed":0,"climb_first_i":-1},"peak_features":{"main_peak":{"x":10,"y":2.717507895,"i":30},"left_arm":{"x":9,"y":0.176412805,"i":27},"right_arm":{"x":10.66666667,"y":0.487950313,"i":32}},"time_data":[0,0.333333333,0.666666667,1,1.333333333,1.666666667,2,2.333333333,2.666666667,3,3.333333333,3.666666667,4,4.333333333,4.666666667,5,5.333333333,5.666666667,6,6.333333333,6.666666667,7,7.333333333,7.666666667,8,8.333333333,8.666666667,9,9.333333333,9.666666667,10,10.33333333,10.66666667,11,11.33333333,11.66666667,12,12.33333333,12.66666667,13,13.33333333,13.66666667,14,14.33333333,14.66666667,15,15.33333333,15.66666667,16,16.33333333,16.66666667,17,17.33333333,17.66666667,18,18.33333333,18.66666667,19,19.33333333,19.66666667,20,20.33333333,20.66666667,21,21.33333333,21.66666667,22,22.33333333,22.66666667,23,23.33333333,23.66666667,24,24.33333333,24.66666667,25,25.33333333,25.66666667,26,26.33333333,26.66666667,27,27.33333333,27.66666667,28,28.33333333,28.66666667,29,29.33333333,29.66666667],"raw_data":[373.4104,375.1445,376.8786,375.1445,376.8786,373.4104,374.5665,375.1445,378.0347,375.1445,375.7225,375.1445,374.5665,376.3006,373.9884,375.1445,373.9884,375.1445,375.1445,375.1445,375.7225,374.5665,373.9884,374.5665,375.1445,374.5665,373.4104,369.3642,374.5665,374.5665,375.1445,375.7225,374.5665,375.1445,378.6127,375.7225,374.5665,375.1445,376.8786,375.1445,376.3006,375.1445,379.1907,379.1907,379.1907,378.6127,376.3006,376.8786,379.7688,378.6127,379.7688,378.6127,379.1907,380.9249,378.6127,380.3468,379.1907,379.1907,379.1907,379.7688,379.1907,379.7688,379.1907,379.1907,376.3006,376.8786,379.1907,376.8786,377.4566,376.3006,376.3006,376.8786,378.6127,376.8786,378.6127,376.3006,376.3006,375.7225,375.7225,376.8786,376.3006,376.8786,379.1907,377.4566,377.4566,379.1907,378.6127,377.4566,379.1907,375.7225],"processed_data":[-0.701634448,-0.63507302,-0.529725799,-0.385592783,-0.202673974,-0.222692448,-0.312775583,0.057566193,0.197695513,0.462940299,0.435414896,-0.030014633,-0.462914141,-0.475425687,-0.700633524,-0.710642761,-0.75067971,-0.688121977,-0.25272016,-0.380337934,-0.442895666,-0.658094266,-0.675610431,-0.487937234,-1.473847096,-1.95679279,-2.322129947,-2.542333165,-2.20452141,-1.578944087,-1.03344066,0.232727843,0.347834071,0.558028052,0.372857164,0.510484175,0.482958773,0.317806359,-0.437891048,0.135137781,0.870816714,1.603993337,2.474796972,3.162932029,2.917705718,2.957742666,2.312146868,2.477299282,2.727530211,3.07034381,3.971179781,4.003713104,3.968682756,4.208905109,4.156355953,4.168865518,4.028732894,3.763483485,4.00871257,3.856071703,4.248934263,3.996201024,3.258019782,2.905194171,2.489810828,2.16451062,1.941805092,1.7015834,1.603993337,1.501398656,1.143568427,1.769145751,1.971832804,2.204547568,1.994353587,1.366273954,0.843291312,0.675636589,0.240234771,0.908351353,1.41632014,1.766643442,2.217059115,2.634944767,2.787585634,3.115388152,2.954990126,2.589402738,2.018625988,1.242659875],"differential_data":[0.199684282,0.257862973,0.374220355,0.490577737,0.244350503,-0.165152414,0.420387962,0.765706644,0.608061159,0.356579075,-0.739432397,-1.347493556,-0.668116582,-0.356579075,-0.352825611,-0.075069279,0.033781175,0.746939325,0.461676065,-0.28526326,-0.416634498,-0.349072147,0.255235548,-1.197354998,-2.203283335,-1.272424277,-0.878310563,0.176412805,1.445083618,1.756621125,2.717507895,2.071912097,0.487950313,0.037534639,-0.071315815,0.165152414,-0.289016724,-1.381274731,-0.274002868,1.963061642,2.203283335,2.405970388,2.338408037,0.664363118,-0.307784043,-0.908338274,-0.720665077,0.623075015,0.889566793,1.865474354,1.400053941,-0.003745537,0.307788007,0.281509796,-0.060059386,-0.191434588,-0.608073049,-0.030030486,0.138882327,0.360332539,0.210193981,-1.486371722,-1.636510279,-1.152313431,-1.111025327,-0.822008604,-0.69439083,-0.506717632,-0.300277115,-0.690637366,0.401620642,1.242396565,0.653102726,0.033781175,-1.257410421,-1.726593414,-1.035956048,-0.90458481,0.349072147,1.764128053,1.287438133,1.201108462,1.302451988,0.855789779,0.720665077,0.251106738,-0.788978121,-1.404546208,-2.020114294,-2.327898338,0.199684282,0.257862973,0.374220355,0.490577737,0.244350503,-0.165152414,0.420387962,0.765706644,0.608061159,0.356579075,-0.739432397,-1.347493556,-0.668116582,-0.356579075,-0.352825611,-0.075069279,0.033781175,0.746939325,0.461676065,-0.28526326,-0.416634498,-0.349072147,0.255235548,-1.197354998,-2.203283335,-1.272424277,-0.878310563,0.176412805,1.445083618,1.756621125,2.717507895,2.071912097,0.487950313,0.037534639,-0.071315815,0.165152414,-0.289016724,-1.381274731,-0.274002868,1.963061642,2.203283335,2.405970388,2.338408037,0.664363118,-0.307784043,-0.908338274,-0.720665077,0.623075015,0.889566793,1.865474354,1.400053941,-0.003745537,0.307788007,0.281509796,-0.060059386,-0.191434588,-0.608073049,-0.030030486,0.138882327,0.360332539,0.210193981,-1.486371722,-1.636510279,-1.152313431,-1.111025327,-0.822008604,-0.69439083,-0.506717632,-0.300277115,-0.690637366,0.401620642,1.242396565,0.653102726,0.033781175,-1.257410421,-1.726593414,-1.035956048,-0.90458481,0.349072147,1.764128053,1.287438133,1.201108462,1.302451988,0.855789779,0.720665077,0.251106738,-0.788978121,-1.404546208,-2.020114294,-2.327898338]}

Slot 5:
Outcome check: Negative
Index Rising data : 0.000000
Index Break data : 0.000000
Index Transition time: 8.333333
{"outcome":{"outcome":"Negative","transition_time":{"x":8.333333333,"y":-0.286368102,"i":25},"plateau_point":{"x":10,"y":2.198179963,"i":30},"increase":2.484548065,"suspect_score":2,"arm_width":1.666666667,"window_rate":1.040143133,"rise_width":6,"shape_flag":0,"climbs_fixed":0,"climb_first_i":-1},"peak_features":{"main_peak":{"x":9.333333333,"y":2.32873872,"i":28},"left_arm":{"x":8.333333333,"y":0.918018688,"i":25},"right_arm":{"x":10,"y":0.488492891,"i":30}},"time_data":[0,0.333333333,0.666666667,1,1.333333333,1.666666667,2,2.333333333,2.666666667,3,3.333333333,3.666666667,4,4.333333333,4.666666667,5,5.333333333,5.666666667,6,6.333333333,6.666666667,7,7.333333333,7.666666667,8,8.333333333,8.666666667,9,9.333333333,9.666666667,10,10.33333333,10.66666667,11,11.33333333,11.66666667,12,12.33333333,12.66666667,13,13.33333333,13.66666667,14,14.33333333,14.66666667,15,15.33333333,15.66666667,16,16.33333333,16.66666667,17,17.33333333,17.66666667,18,18.33333333,18.66666667,19,19.33333333,19.66666667,20,20.33333333,20.66666667,21,21.33333333,21.66666667,22,22.33333333,22.66666667,23,23.33333333,23.66666667,24,24.33333333,24.66666667,25,25.33333333,25.66666667,26,26.33333333,26.66666667,27,27.33333333,27.66666667,28,28.33333333,28.66666667,29,29.33333333,29.66666667],"raw_data":[373.5409,372.8924,375.4864,374.8379,373.5409,372.8924,374.8379,374.8379,373.5409,372.2439,372.8924,372.8924,375.4864,374.1894,373.5409,374.1894,376.1349,375.4864,375.4864,373.5409,373.5409,373.5409,373.5409,373.5409,374.1894,373.5409,373.5409,372.2439,377.4319,375.4864,376.1349,376.7834,374.8379,374.1894,376.1349,373.5409,374.1894,376.1349,375.4864,374.1894,373.5409,374.1894,375.4864,374.8379,375.4864,378.0804,376.7834,377.4319,377.4319,378.0804,376.7834,380.026,377.4319,378.0804,378.0804,378.0804,378.0804,377.4319,377.4319,379.3774,376.7834,378.7289,378.7289,378.7289,379.3774,378.0804,378.0804,378.0804,375.4864,376.1349,376.7834,376.7834,376.7834,376.7834,374.8379,376.7834,376.7834,377.4319,378.0804,376.7834,377.4319,378.7289,376.1349,374.8379,378.0804,379.3774,377.4319,378.0804,376.1349,376.7834],"processed_data":[-0.274022328,0.014861321,0.233559428,0.382071993,0.460399017,0.592344606,0.087015788,-0.070197828,-0.423926944,-0.454811261,-0.569912733,-0.426737071,-0.165648754,0.401446322,0.752373237,1.226823154,1.181903525,1.330690722,1.151015641,0.603567941,-0.126358363,-0.297604648,-0.345328195,-0.008441083,-0.544650387,-0.286368102,0.067362071,0.530582973,1.32507562,2.083075453,2.198179963,2.408737381,1.544061306,1.128566461,0.805716246,0.870285497,1.221210827,1.139792306,0.713069371,0.929238984,0.682185185,0.258265376,0.845013375,1.622661904,2.380660945,2.852299149,3.388514663,3.52326853,3.919115075,3.907882756,4.244773039,4.323383414,4.390762395,4.418837906,4.407609948,3.778750861,4.256005754,4.02579277,4.008945349,4.118432776,4.267227107,4.702375404,4.86801306,4.795022411,5.247016411,4.674307158,4.022992815,3.385714576,2.846694352,2.675439347,2.73158601,2.540682838,2.714742817,2.509801295,2.389081682,2.697895793,2.947755492,3.177960945,3.910689977,3.994913209,3.498004335,2.995484059,3.107778838,3.346406483,3.643990521,3.716982358,3.647359199,3.503340591,3.284926536,2.992117032],"differential_data":[0.866650945,0.761372633,0.550816008,0.340259384,0.31540892,-0.560074843,-0.993813651,-0.766414097,-0.57692015,-0.218978684,0.042111285,0.606395969,1.242275089,1.377032986,1.238065249,0.644295432,0.155801352,-0.046331827,-1.090684172,-1.916061005,-1.351758883,-0.328454748,0.433745347,-0.298983289,-0.416890528,0.918018688,1.225426612,1.886570324,2.32873872,1.309656515,0.488492891,-0.981177986,-1.920256379,-1.107517589,-0.387421447,0.62324187,0.404260214,-0.762212184,-0.315829983,-0.046326278,-1.006460413,0.244242284,2.046594793,2.303471355,1.844455868,1.511780578,1.006454071,0.795900617,0.576921339,0.488486946,0.623250986,0.218984034,0.143181739,0.025271329,-0.960130568,-0.227406291,0.370562863,-0.370590606,0.138960008,0.387422636,0.875913942,0.90117893,0.138970511,0.568505027,-0.181072879,-1.836035394,-1.932888873,-1.764447695,-1.065412843,-0.172662512,-0.202134764,-0.02526479,-0.046322315,-0.488491702,0.282141747,0.838010714,0.720097728,1.444401729,1.225428395,-0.619028463,-1.499143724,-0.585338246,0.526383635,0.804317524,0.555863814,0.005053017,-0.32046265,-0.543648995,-0.766835339,-0.878428511,0.866650945,0.761372633,0.550816008,0.340259384,0.31540892,-0.560074843,-0.993813651,-0.766414097,-0.57692015,-0.218978684,0.042111285,0.606395969,1.242275089,1.377032986,1.238065249,0.644295432,0.155801352,-0.046331827,-1.090684172,-1.916061005,-1.351758883,-0.328454748,0.433745347,-0.298983289,-0.416890528,0.918018688,1.225426612,1.886570324,2.32873872,1.309656515,0.488492891,-0.981177986,-1.920256379,-1.107517589,-0.387421447,0.62324187,0.404260214,-0.762212184,-0.315829983,-0.046326278,-1.006460413,0.244242284,2.046594793,2.303471355,1.844455868,1.511780578,1.006454071,0.795900617,0.576921339,0.488486946,0.623250986,0.218984034,0.143181739,0.025271329,-0.960130568,-0.227406291,0.370562863,-0.370590606,0.138960008,0.387422636,0.875913942,0.90117893,0.138970511,0.568505027,-0.181072879,-1.836035394,-1.932888873,-1.764447695,-1.065412843,-0.172662512,-0.202134764,-0.02526479,-0.046322315,-0.488491702,0.282141747,0.838010714,0.720097728,1.444401729,1.225428395,-0.619028463,-1.499143724,-0.585338246,0.526383635,0.804317524,0.555863814,0.005053017,-0.32046265,-0.543648995,-0.766835339,-0.878428511]}

Slot 6:
Outcome check: Negative
Index Rising data : 0.000000
Index Break data : 0.000000
Index Transition time: 15.333333
finish one round maintenance
{"outcome":{"outcome":"Negative","transition_time":{"x":15.33333333,"y":1.308875146,"i":46},"plateau_point":{"x":17.33333333,"y":4.242081151,"i":52},"increase":2.933206005,"suspect_score":2,"arm_width":2,"window_rate":0.692939032,"rise_width":8.333333333,"shape_flag":0,"climbs_fixed":0,"climb_first_i":-1},"peak_features":{"main_peak":{"x":16,"y":1.911175914,"i":48},"left_arm":{"x":15.33333333,"y":0.521565227,"i":46},"right_arm":{"x":17.33333333,"y":0.301765937,"i":52}},"time_data":[0,0.333333333,0.666666667,1,1.333333333,1.666666667,2,2.333333333,2.666666667,3,3.333333333,3.666666667,4,4.333333333,4.666666667,5,5.333333333,5.666666667,6,6.333333333,6.666666667,7,7.333333333,7.666666667,8,8.333333333,8.666666667,9,9.333333333,9.666666667,10,10.33333333,10.66666667,11,11.33333333,11.66666667,12,12.33333333,12.66666667,13,13.33333333,13.66666667,14,14.33333333,14.66666667,15,15.33333333,15.66666667,16,16.33333333,16.66666667,17,17.33333333,17.66666667,18,18.33333333,18.66666667,19,19.33333333,19.66666667,20,20.33333333,20.66666667,21,21.33333333,21.66666667,22,22.33333333,22.66666667,23,23.33333333,23.66666667,24,24.33333333,24.66666667,25,25.33333333,25.66666667,26,26.33333333,26.66666667,27,27.33333333,27.66666667,28,28.33333333,28.66666667,29,29.33333333,29.66666667],"raw_data":[211.1302,209.9828,209.9828,208.8353,209.9828,211.7039,210.5565,209.9828,211.1302,209.4091,208.8353,209.9828,209.9828,211.1302,209.4091,209.4091,211.1302,211.1302,211.1302,211.1302,211.7039,212.2777,212.2777,213.9989,212.2777,212.2777,212.2777,209.4091,213.4251,213.4251,213.4251,213.4251,211.7039,213.4251,213.4251,211.7039,212.2777,213.4251,214.5726,213.4251,213.4251,213.9989,213.9989,212.2777,211.7039,211.1302,211.7039,211.7039,211.7039,213.4251,213.9989,213.9989,213.9989,213.9989,213.9989,213.9989,213.4251,212.2777,212.2777,213.4251,212.2777,213.9989,213.9989,211.7039,213.4251,213.4251,209.9828,211.7039,211.7039,212.2777,211.7039,212.2777,211.7039,212.2777,213.4251,212.2777,211.7039,211.7039,209.9828,211.7039,209.4091,211.7039,209.4091,211.1302,211.1302,209.9828,211.7039,211.7039,211.1302,211.7039],"processed_data":[0.618927002,0.307723999,0.104560125,0.009435381,0.022349766,0.50169399,0.742606753,0.630842399,0.166400926,-0.372549016,-0.163921208,-0.084445111,-0.3005237,0.009932217,0.250844782,0.340256134,0.506661948,0.683001167,1.26169246,1.440514437,1.825480275,2.292407213,2.635151719,3.06482462,2.471232427,2.066395681,1.887571657,1.832930065,2.501033106,2.69475704,3.012664068,3.561551775,3.002728813,2.679853827,2.451358151,2.699723677,3.097108783,3.09959154,3.419983505,4.03344786,4.058285668,3.703123415,3.077243821,2.642603688,2.091230913,1.445477969,1.308875146,1.79318812,2.406652277,3.067305396,3.564039552,3.988746544,4.242081151,4.189923836,3.971360772,3.539204123,3.298288255,2.838810776,2.652536301,2.948092704,3.012668428,3.198941912,3.54416858,3.112013582,2.746915611,2.039072276,1.800641741,1.758419747,1.547308786,1.651621038,2.024168667,2.11358167,2.349529778,2.41162083,2.620246986,2.210444463,2.098680306,1.328747242,0.981035307,0.643257769,0.474370321,0.568749432,0.568750753,0.474374284,0.911496249,0.876725828,1.022515691,1.230396142,1.500367182,1.832428811],"differential_data":[-0.933609,-0.771550315,-0.447432927,-0.123315539,0.738387913,1.080385481,0.193722613,-0.864308741,-1.505087122,-0.4954832,0.432155857,-0.204903739,0.141565992,0.827052723,0.495485876,0.383725748,0.514117551,1.132545768,1.136269904,0.845681723,1.277839165,1.214507165,1.158626111,-0.245878938,-1.497643409,-0.875491155,-0.350198424,0.920192174,1.292740463,0.767446444,1.300192102,-0.014902883,-1.322546922,-0.827055993,0.029804775,0.968625948,0.599801794,0.484312082,1.40078448,0.957453245,-0.495486668,-1.47156277,-1.590779589,-1.479019363,-1.79568858,-1.17353365,0.521565227,1.646665697,1.911175914,1.736080913,1.382161723,1.017062398,0.301765937,-0.406080568,-0.976079569,-1.009608777,-1.05059002,-0.96862793,0.163922892,0.54019819,0.376273812,0.797250227,-0.130392496,-1.195879453,-1.609411958,-1.419410805,-0.420978794,-0.379999433,-0.160198063,0.715289822,0.692940947,0.488041667,0.44705874,0.406075812,-0.30176455,-0.78235002,-1.322545832,-1.676467499,-1.028234209,-0.759997479,-0.111762505,0.141570649,-0.141562722,0.514118244,0.603527317,0.166529163,0.53050547,0.716777237,0.903049003,0.996184887,-0.933609,-0.771550315,-0.447432927,-0.123315539,0.738387913,1.080385481,0.193722613,-0.864308741,-1.505087122,-0.4954832,0.432155857,-0.204903739,0.141565992,0.827052723,0.495485876,0.383725748,0.514117551,1.132545768,1.136269904,0.845681723,1.277839165,1.214507165,1.158626111,-0.245878938,-1.497643409,-0.875491155,-0.350198424,0.920192174,1.292740463,0.767446444,1.300192102,-0.014902883,-1.322546922,-0.827055993,0.029804775,0.968625948,0.599801794,0.484312082,1.40078448,0.957453245,-0.495486668,-1.47156277,-1.590779589,-1.479019363,-1.79568858,-1.17353365,0.521565227,1.646665697,1.911175914,1.736080913,1.382161723,1.017062398,0.301765937,-0.406080568,-0.976079569,-1.009608777,-1.05059002,-0.96862793,0.163922892,0.54019819,0.376273812,0.797250227,-0.130392496,-1.195879453,-1.609411958,-1.419410805,-0.420978794,-0.379999433,-0.160198063,0.715289822,0.692940947,0.488041667,0.44705874,0.406075812,-0.30176455,-0.78235002,-1.322545832,-1.676467499,-1.028234209,-0.759997479,-0.111762505,0.141570649,-0.141562722,0.514118244,0.603527317,0.166529163,0.53050547,0.716777237,0.903049003,0.996184887]}

Slot 7:
Outcome check: Negative
Index Rising data : 0.000000
Index Break data : 0.000000
Index Transition time: 19.666667
{"outcome":{"outcome":"Negative","transition_time":{"x":19.66666667,"y":-1.528654685,"i":59},"plateau_point":{"x":22,"y":1.708067923,"i":66},"increase":3.236722608,"suspect_score":3,"arm_width":2,"window_rate":0.894853171,"rise_width":7.333333333,"shape_flag":0,"climbs_fixed":0,"climb_first_i":-1},"peak_features":{"main_peak":{"x":20.66666667,"y":1.831190828,"i":62},"left_arm":{"x":20,"y":0.863399357,"i":60},"right_arm":{"x":22,"y":0.566222352,"i":66}},"time_data":[0,0.333333333,0.666666667,1,1.333333333,1.666666667,2,2.333333333,2.666666667,3,3.333333333,3.666666667,4,4.333333333,4.666666667,5,5.333333333,5.666666667,6,6.333333333,6.666666667,7,7.333333333,7.666666667,8,8.333333333,8.666666667,9,9.333333333,9.666666667,10,10.33333333,10.66666667,11,11.33333333,11.66666667,12,12.33333333,12.66666667,13,13.33333333,13.66666667,14,14.33333333,14.66666667,15,15.33333333,15.66666667,16,16.33333333,16.66666667,17,17.33333333,17.66666667,18,18.33333333,18.66666667,19,19.33333333,19.66666667,20,20.33333333,20.66666667,21,21.33333333,21.66666667,22,22.33333333,22.66666667,23,23.33333333,23.66666667,24,24.33333333,24.66666667,25,25.33333333,25.66666667,26,26.33333333,26.66666667,27,27.33333333,27.66666667,28,28.33333333,28.66666667,29,29.33333333,29.66666667],"raw_data":[431.0451,432.282,434.1373,435.3741,433.5189,434.7557,430.4267,432.282,435.9926,432.9005,432.9005,432.9005,434.1373,434.7557,432.9005,434.7557,434.7557,432.9005,432.9005,431.0451,428.5714,429.1898,431.0451,430.4267,430.4267,431.0451,431.0451,428.5714,431.0451,430.4267,430.4267,431.0451,429.1898,432.282,432.282,431.0451,432.9005,431.0451,432.282,431.0451,431.0451,432.282,432.282,432.282,432.9005,431.0451,431.0451,429.1898,430.4267,432.282,430.4267,429.1898,431.0451,431.0451,431.0451,432.9005,430.4267,431.0451,432.282,430.4267,432.9005,432.9005,431.0451,432.9005,434.7557,434.7557,434.1373,434.7557,434.7557,434.1373,434.7557,434.7557,434.1373,432.9005,432.9005,434.7557,434.1373,435.9926,432.9005,432.9005,434.1373,432.9005,434.7557,432.9005,434.7557,434.7557,431.0451,432.9005,432.9005,431.0451],"processed_data":[-1.053734427,-0.478404005,-0.01150016,0.346977108,0.597027799,0.495293291,0.144584887,-0.064231443,-0.005330668,0.029471261,0.854044861,0.500658176,0.235617766,1.011999221,1.212788371,1.287753283,1.012001599,0.163332588,-0.971796605,-2.232756644,-2.990404005,-3.282216918,-3.300956825,-2.572763418,-2.371974929,-2.473707323,-2.733394738,-2.786937895,-2.634336794,-2.977015376,-2.835125812,-2.205988104,-2.318430583,-1.729449912,-1.483149145,-1.13778779,-0.896842263,-1.459056507,-1.552759344,-1.459056507,-1.587563255,-1.030700684,-0.936997847,-0.615733754,-1.041410504,-1.890082553,-2.163156881,-2.310399704,-2.720007034,-2.631656003,-2.551341928,-2.479064809,-2.270248611,-2.219379243,-1.87134476,-1.40283322,-1.753541492,-1.734798283,-1.426917534,-1.528654685,-1.228808118,-0.953055113,-0.431004908,0.267738772,0.570260052,1.220818326,1.708067923,1.598299893,1.485859264,1.614363237,1.542080041,1.003965964,0.79247056,0.532785259,0.805854698,1.014674067,1.070896429,1.290422712,0.907585772,0.653254786,0.358767423,0.208846187,1.100349591,0.966487075,0.618451932,0.578294102,0.217675068,-0.307591254,-0.997504864,-1.852065763],"differential_data":[1.725991266,1.563351401,1.23807167,0.912791938,0.222474274,-0.678664368,-0.839287101,-0.224873332,0.140554057,1.289063293,0.706780372,-0.927640642,0.767011568,1.465755909,0.413631092,-0.301180158,-1.686631042,-2.975697307,-3.594133848,-3.0279111,-1.574190412,-0.46582923,1.06418025,1.393472845,0.148584143,-0.542129715,-0.469845858,0.148586917,-0.28511622,-0.301183527,1.156540908,0.775042844,0.714807287,1.252922157,0.887493183,0.879460322,-0.481903076,-0.983875621,0,-0.052205866,0.642533736,0.975848111,0.622450395,-0.156618985,-1.9115232,-1.682619565,-0.630475725,-0.835275229,-0.481884449,0.252997658,0.22888679,0.421639975,0.389528349,0.598355776,1.224819035,0.176704902,-0.497947594,0.489935937,0.309215397,0.297164124,0.863399357,1.196704815,1.831190828,1.50189744,1.429619331,1.706711806,0.566222352,-0.333312988,0.024095015,0.084331166,-0.915595909,-1.124414221,-0.706771058,0.020076207,0.722833212,0.397562597,0.413622968,-0.244965987,-0.95575189,-0.823227523,-0.666612898,1.112373253,1.136461332,-0.722846489,-0.58228946,-0.601165296,-1.328828034,-1.822769898,-2.316711763,-2.563682695,1.725991266,1.563351401,1.23807167,0.912791938,0.222474274,-0.678664368,-0.839287101,-0.224873332,0.140554057,1.289063293,0.706780372,-0.927640642,0.767011568,1.465755909,0.413631092,-0.301180158,-1.686631042,-2.975697307,-3.594133848,-3.0279111,-1.574190412,-0.46582923,1.06418025,1.393472845,0.148584143,-0.542129715,-0.469845858,0.148586917,-0.28511622,-0.301183527,1.156540908,0.775042844,0.714807287,1.252922157,0.887493183,0.879460322,-0.481903076,-0.983875621,0,-0.052205866,0.642533736,0.975848111,0.622450395,-0.156618985,-1.9115232,-1.682619565,-0.630475725,-0.835275229,-0.481884449,0.252997658,0.22888679,0.421639975,0.389528349,0.598355776,1.224819035,0.176704902,-0.497947594,0.489935937,0.309215397,0.297164124,0.863399357,1.196704815,1.831190828,1.50189744,1.429619331,1.706711806,0.566222352,-0.333312988,0.024095015,0.084331166,-0.915595909,-1.124414221,-0.706771058,0.020076207,0.722833212,0.397562597,0.413622968,-0.244965987,-0.95575189,-0.823227523,-0.666612898,1.112373253,1.136461332,-0.722846489,-0.58228946,-0.601165296,-1.328828034,-1.822769898,-2.316711763,-2.563682695]}

Slot 8:
Outcome check: Negative
Index Rising data : 0.000000
Index Break data : 0.000000
Index Transition time: 3.666667
{"outcome":{"outcome":"Negative","transition_time":{"x":3.666666667,"y":-0.70783052,"i":11},"plateau_point":{"x":5,"y":1.622752136,"i":15},"increase":2.330582656,"suspect_score":2,"arm_width":1,"window_rate":0.450597028,"rise_width":4.333333333,"shape_flag":0,"climbs_fixed":0,"climb_first_i":-1},"peak_features":{"main_peak":{"x":4,"y":2.336027071,"i":12},"left_arm":{"x":3.666666667,"y":0.731025002,"i":11},"right_arm":{"x":4.666666667,"y":1.159846913,"i":14}},"time_data":[0,0.333333333,0.666666667,1,1.333333333,1.666666667,2,2.333333333,2.666666667,3,3.333333333,3.666666667,4,4.333333333,4.666666667,5,5.333333333,5.666666667,6,6.333333333,6.666666667,7,7.333333333,7.666666667,8,8.333333333,8.666666667,9,9.333333333,9.666666667,10,10.33333333,10.66666667,11,11.33333333,11.66666667,12,12.33333333,12.66666667,13,13.33333333,13.66666667,14,14.33333333,14.66666667,15,15.33333333,15.66666667,16,16.33333333,16.66666667,17,17.33333333,17.66666667,18,18.33333333,18.66666667,19,19.33333333,19.66666667,20,20.33333333,20.66666667,21,21.33333333,21.66666667,22,22.33333333,22.66666667,23,23.33333333,23.66666667,24,24.33333333,24.66666667,25,25.33333333,25.66666667,26,26.33333333,26.66666667,27,27.33333333,27.66666667,28,28.33333333,28.66666667,29,29.33333333,29.66666667],"raw_data":[367.2956,366.0378,362.2642,362.8931,365.4088,366.6667,365.4088,366.6667,367.2956,363.522,363.522,363.522,365.4088,366.6667,366.6667,366.6667,366.0378,366.6667,366.6667,367.2956,366.6667,366.6667,367.2956,366.6667,366.6667,366.6667,366.6667,362.8931,366.6667,366.6667,367.2956,367.2956,366.6667,367.2956,366.6667,366.6667,369.8113,369.1824,366.6667,365.4088,366.6667,367.2956,367.2956,366.6667,366.6667,366.6667,369.1824,366.6667,367.2956,366.6667,366.6667,366.6667,366.6667,366.0378,366.0378,366.6667,366.6667,366.6667,366.6667,366.0378,366.0378,366.6667,362.8931,365.4088,366.0378,366.6667,366.6667,366.6667,366.6667,366.6667,366.6667,366.0378,366.6667,367.2956,366.6667,366.6667,366.6667,366.6667,366.6667,367.2956,366.0378,366.6667,366.6667,367.2956,367.2956,367.2956,368.5535,367.2956,367.2956,367.2956],"processed_data":[1.373363518,0.319422219,-0.376489628,-0.714372022,-0.694224964,0.506464442,1.456670191,1.301481305,0.337668811,-0.457344881,-0.647929798,-0.70783052,-0.160579797,0.849520861,1.394049706,1.622752136,1.60914156,1.57646952,1.60097355,1.7779471,1.927693949,1.870517879,1.81606448,2.050211324,1.49479127,1.018327325,0.620819488,0.634433499,0.879473137,1.176242184,1.734386229,2.374209053,1.731664484,1.884132154,2.428658225,2.940514899,2.970461627,2.668245258,2.423207601,2.055652437,1.443059616,1.483901515,1.620035015,2.137337689,2.129166376,2.224457844,2.308859953,2.352423334,2.202678466,1.973977489,1.513850885,1.511125441,1.306925192,1.309647861,1.309647861,1.421277331,1.492066751,1.492066751,1.764330975,1.195297571,0.653489546,0.23147768,0.108958191,0.285931079,0.582700127,1.029214702,1.777944325,1.7507204,1.63636826,1.453949371,1.508402771,1.562856171,1.61730957,1.67176297,1.72621637,1.7234937,1.7507204,1.62820025,1.65814962,1.57374685,1.58463753,1.66359496,1.669043074,1.993036179,2.428660075,2.559346253,2.606720763,2.560164282,2.41967681,2.185258345],"differential_data":[-3.161823897,-2.624779719,-1.550691362,-0.476603005,1.831254697,3.226342734,1.192525294,-1.67850207,-2.638239278,-1.478397914,-0.375728459,0.731025002,2.336027071,2.331944255,1.159846913,0.322637781,-0.069423923,-0.012252015,0.302216369,0.490080598,0.138856169,-0.167444204,0.269540167,-0.481909814,-1.547825999,-1.310957673,-0.575840739,0.387980474,0.812713029,1.282369638,1.796950303,-0.004082618,-0.735115349,1.045490612,1.584574117,0.812705102,-0.408404462,-0.820881039,-0.918889231,-1.470221978,-0.857626382,0.265463098,0.98015426,0.763697042,0.130680233,0.269540366,0.191948234,-0.159272231,-0.567668766,-1.033241371,-0.694278073,-0.31038854,-0.302216369,0.004084005,0.167444204,0.273628334,0.10618413,0.408396337,-0.445153769,-1.666262144,-1.445729838,-0.816797034,0.0816801,0.710612904,1.114925434,1.792866298,1.082258547,-0.212364098,-0.445156543,-0.191948234,0.163360199,0.163360199,0.163360199,0.163360199,0.077596095,0.036756045,-0.142940174,-0.138856169,-0.0816801,-0.110268135,0.134772164,0.126608316,0.494161829,1.139425501,0.84946511,0.267091033,0.001227044,-0.280565931,-0.562358906,-0.703255393,-3.161823897,-2.624779719,-1.550691362,-0.476603005,1.831254697,3.226342734,1.192525294,-1.67850207,-2.638239278,-1.478397914,-0.375728459,0.731025002,2.336027071,2.331944255,1.159846913,0.322637781,-0.069423923,-0.012252015,0.302216369,0.490080598,0.138856169,-0.167444204,0.269540167,-0.481909814,-1.547825999,-1.310957673,-0.575840739,0.387980474,0.812713029,1.282369638,1.796950303,-0.004082618,-0.735115349,1.045490612,1.584574117,0.812705102,-0.408404462,-0.820881039,-0.918889231,-1.470221978,-0.857626382,0.265463098,0.98015426,0.763697042,0.130680233,0.269540366,0.191948234,-0.159272231,-0.567668766,-1.033241371,-0.694278073,-0.31038854,-0.302216369,0.004084005,0.167444204,0.273628334,0.10618413,0.408396337,-0.445153769,-1.666262144,-1.445729838,-0.816797034,0.0816801,0.710612904,1.114925434,1.792866298,1.082258547,-0.212364098,-0.445156543,-0.191948234,0.163360199,0.163360199,0.163360199,0.163360199,0.077596095,0.036756045,-0.142940174,-0.138856169,-0.0816801,-0.110268135,0.134772164,0.126608316,0.494161829,1.139425501,0.84946511,0.267091033,0.001227044,-0.280565931,-0.562358906,-0.703255393]}

Slot 9:
Outcome check: Negative
Index Rising data : 0.000000
Index Break data : 0.000000
Index Transition time: 4.666667
{"outcome":{"outcome":"Negative","transition_time":{"x":4.666666667,"y":-1.284696901,"i":14},"plateau_point":{"x":6,"y":1.652599384,"i":18},"increase":2.937296285,"suspect_score":2,"arm_width":1.333333333,"window_rate":1.261230865,"rise_width":4.333333333,"shape_flag":0,"climbs_fixed":0,"climb_first_i":-1},"peak_features":{"main_peak":{"x":5.333333333,"y":2.895478286,"i":16},"left_arm":{"x":4.666666667,"y":1.003631988,"i":14},"right_arm":{"x":6,"y":0.115417679,"i":18}},"time_data":[0,0.333333333,0.666666667,1,1.333333333,1.666666667,2,2.333333333,2.666666667,3,3.333333333,3.666666667,4,4.333333333,4.666666667,5,5.333333333,5.666666667,6,6.333333333,6.666666667,7,7.333333333,7.666666667,8,8.333333333,8.666666667,9,9.333333333,9.666666667,10,10.33333333,10.66666667,11,11.33333333,11.66666667,12,12.33333333,12.66666667,13,13.33333333,13.66666667,14,14.33333333,14.66666667,15,15.33333333,15.66666667,16,16.33333333,16.66666667,17,17.33333333,17.66666667,18,18.33333333,18.66666667,19,19.33333333,19.66666667,20,20.33333333,20.66666667,21,21.33333333,21.66666667,22,22.33333333,22.66666667,23,23.33333333,23.66666667,24,24.33333333,24.66666667,25,25.33333333,25.66666667,26,26.33333333,26.66666667,27,27.33333333,27.66666667,28,28.33333333,28.66666667,29,29.33333333,29.66666667],"raw_data":[431.221,431.221,431.9938,431.221,430.4482,430.4482,431.221,431.9938,433.5394,432.7666,431.9938,431.9938,429.6754,431.221,430.4482,431.221,431.221,433.5394,434.3122,434.3122,432.7666,431.221,431.9938,435.085,432.7666,431.9938,430.4482,430.4482,433.5394,435.085,432.7666,435.8578,434.3122,436.6306,435.8578,435.085,435.085,437.4034,437.4034,435.085,436.6306,435.8578,433.5394,432.7666,437.4034,433.5394,433.5394,434.3122,437.4034,432.7666,433.5394,433.5394,432.7666,433.5394,431.9938,434.3122,435.085,431.9938,433.5394,431.9938,432.7666,433.5394,433.5394,431.221,431.9938,431.9938,431.9938,430.4482,431.9938,430.4482,432.7666,431.9938,432.7666,431.9938,431.221,431.221,430.4482,432.7666,431.221,431.9938,431.221,433.5394,431.9938,431.9938,431.9938,431.221,431.9938,431.9938,431.9938,431.9938],"processed_data":[-0.086360307,-0.634343373,-0.981600041,-1.128130311,-1.073934183,-0.863171466,-0.448336911,0.137115082,0.812893954,0.692458116,0.32445972,-0.361355472,-0.993643624,-1.37836922,-1.284696901,-0.709281228,0.458277318,1.221037629,1.652599384,1.297982748,1.341473468,1.053765631,0.983511392,0.832966594,0.418132039,0.073551723,0.050133643,-0.301137553,0.689112676,1.458563867,2.562559053,3.311937605,3.425682563,3.375500964,3.817099039,4.057970716,4.288806073,4.265387993,4.713676948,4.743785908,3.6966632,3.218265286,2.933902889,2.729831052,2.01725234,2.652885932,3.047647848,2.930557449,2.361832656,2.445468655,2.184524338,1.344818908,0.705839875,1.548890745,1.478636506,1.686053784,1.655944824,1.351509788,1.251146589,1.053765631,0.863075554,1.010274912,0.675730916,0.722567075,0.120387882,-0.187392594,-0.602227149,-0.428264271,-0.55204555,-0.317864752,0.053479083,0.374641319,0.30773252,0.003297484,-0.351319152,-0.49851851,-0.54535467,-0.598881709,-0.180701714,0.117042442,0.3311506,0.277623561,0.364604999,0.193987562,0.093624363,-0.227537874,-0.267014065,-0.179363538,0.035413707,0.377317671],"differential_data":[-1.643949197,-1.3428596,-0.740680407,-0.138501214,0.397438267,0.938395909,1.500429822,1.891846298,0.83301455,-0.732651351,-1.580720381,-1.977155017,-1.525520622,-0.436579915,1.003631988,2.614461329,2.895478286,1.791483099,0.115417679,-0.466688874,-0.366325676,-0.536943114,-0.331198556,-0.84806903,-1.139122307,-0.551997593,-0.562033913,0.958468549,2.639552129,2.810169567,2.780060607,1.294685265,0.095345039,0.587124713,1.023704628,0.707560552,0.311125916,0.637306312,0.717596872,-1.525520622,-2.288280933,-1.144140466,-0.732651351,-1.374975824,-0.115417679,1.545593262,0.416507275,-1.028722788,-0.727633191,-0.265962477,-1.65097462,-2.218026694,0.306107756,1.159194946,0.205744558,0.265962477,-0.501815994,-0.607197353,-0.446616235,-0.582106553,-0.065236079,-0.281016957,-0.431561755,-0.83301455,-1.364939504,-1.083922547,-0.361307516,0.075272399,0.165599278,0.908286949,1.038759108,0.381380155,-0.557015753,-0.988577508,-0.752723991,-0.291053277,-0.150544798,0.546979434,1.073886227,0.767778471,0.240871677,0.050181599,-0.125453999,-0.406470955,-0.632288153,-0.540957642,0.072261503,0.453641659,0.835021814,1.025711892,-1.643949197,-1.3428596,-0.740680407,-0.138501214,0.397438267,0.938395909,1.500429822,1.891846298,0.83301455,-0.732651351,-1.580720381,-1.977155017,-1.525520622,-0.436579915,1.003631988,2.614461329,2.895478286,1.791483099,0.115417679,-0.466688874,-0.366325676,-0.536943114,-0.331198556,-0.84806903,-1.139122307,-0.551997593,-0.562033913,0.958468549,2.639552129,2.810169567,2.780060607,1.294685265,0.095345039,0.587124713,1.023704628,0.707560552,0.311125916,0.637306312,0.717596872,-1.525520622,-2.288280933,-1.144140466,-0.732651351,-1.374975824,-0.115417679,1.545593262,0.416507275,-1.028722788,-0.727633191,-0.265962477,-1.65097462,-2.218026694,0.306107756,1.159194946,0.205744558,0.265962477,-0.501815994,-0.607197353,-0.446616235,-0.582106553,-0.065236079,-0.281016957,-0.431561755,-0.83301455,-1.364939504,-1.083922547,-0.361307516,0.075272399,0.165599278,0.908286949,1.038759108,0.381380155,-0.557015753,-0.988577508,-0.752723991,-0.291053277,-0.150544798,0.546979434,1.073886227,0.767778471,0.240871677,0.050181599,-0.125453999,-0.406470955,-0.632288153,-0.540957642,0.072261503,0.453641659,0.835021814,1.025711892]}

Slot 10:
Outcome check: Negative
Index Rising data : 0.000000
Index Break data : 0.000000
Index Transition time: 9.333333
{"outcome":{"outcome":"Negative","transition_time":{"x":9.333333333,"y":1.326507172,"i":28},"plateau_point":{"x":10.33333333,"y":4.011011561,"i":31},"increase":2.684504389,"suspect_score":2,"arm_width":1,"window_rate":1.034263677,"rise_width":4,"shape_flag":0,"climbs_fixed":0,"climb_first_i":-1},"peak_features":{"main_peak":{"x":10,"y":3.472377628,"i":30},"left_arm":{"x":9.333333333,"y":0.481325224,"i":28},"right_arm":{"x":10.33333333,"y":1.345116553,"i":31}},"time_data":[0,0.333333333,0.666666667,1,1.333333333,1.666666667,2,2.333333333,2.666666667,3,3.333333333,3.666666667,4,4.333333333,4.666666667,5,5.333333333,5.666666667,6,6.333333333,6.666666667,7,7.333333333,7.666666667,8,8.333333333,8.666666667,9,9.333333333,9.666666667,10,10.33333333,10.66666667,11,11.33333333,11.66666667,12,12.33333333,12.66666667,13,13.33333333,13.66666667,14,14.33333333,14.66666667,15,15.33333333,15.66666667,16,16.33333333,16.66666667,17,17.33333333,17.66666667,18,18.33333333,18.66666667,19,19.33333333,19.66666667,20,20.33333333,20.66666667,21,21.33333333,21.66666667,22,22.33333333,22.66666667,23,23.33333333,23.66666667,24,24.33333333,24.66666667,25,25.33333333,25.66666667,26,26.33333333,26.66666667,27,27.33333333,27.66666667,28,28.33333333,28.66666667,29,29.33333333,29.66666667],"raw_data":[405.0298,403.0443,402.3825,402.3825,406.3534,405.6916,404.368,406.3534,405.0298,403.7061,405.0298,405.6916,403.7061,405.6916,405.6916,405.6916,405.6916,407.677,406.3534,410.9861,407.0152,405.6916,407.677,405.6916,405.6916,408.3388,406.3534,403.7061,406.3534,407.677,407.677,407.677,410.3243,409.6625,407.677,408.3388,409.6625,408.3388,405.6916,406.3534,405.6916,406.3534,409.6625,409.6625,407.677,407.0152,407.677,408.3388,408.3388,407.677,408.3388,406.3534,407.677,405.0298,406.3534,405.0298,405.6916,405.6916,405.6916,405.6916,406.3534,405.6916,405.6916,405.6916,405.0298,406.3534,405.6916,405.0298,405.6916,405.6916,407.0152,405.6916,407.0152,409.6625,406.3534,407.0152,408.3388,407.677,409.6625,409.6625,408.3388,409.6625,409.6625,410.3243,410.3243,409.6625,410.9861,410.3243,410.3243,410.9861],"processed_data":[-1.178630112,-1.112457923,-0.983253393,-0.791016523,-0.535747313,0.429757915,0.707666174,0.52144527,0.157593434,-0.054415088,-0.068737872,-0.203393449,0.171918068,0.346682726,0.636046835,0.624588079,1.807829622,2.486828032,2.764729025,3.122852144,2.993927927,2.137297527,1.94248216,1.58149422,1.615874584,1.326505587,1.045734752,1.37520966,1.326507172,1.696093142,3.059832024,4.011011561,3.956576393,4.134205343,4.457948495,4.076904561,3.29762486,2.713164755,1.953939595,1.458295946,1.690360461,2.489698534,3.223135151,3.412225897,3.561203994,3.39503261,2.827761828,3.028311461,3.151505904,3.334867007,2.807709004,2.346445719,1.756258878,1.280670827,0.845194102,0.785029556,0.52717914,0.879571163,0.862381444,1.065793124,1.08011789,0.905355742,0.891030976,0.908220696,0.736323501,0.753513221,0.618860418,0.833731911,0.899625836,0.70766842,1.552838875,2.120106222,2.292004606,2.61288254,2.567044345,2.928033474,3.203078101,3.277567281,4.05111985,4.277458158,4.463681836,4.844723128,4.744448971,5.08538171,5.469290069,5.429177949,5.558673836,5.682439816,5.800475889,5.912782056],"differential_data":[0.198516568,0.293065079,0.482162099,0.67125912,1.831161658,1.865120231,0.137531033,-0.82510911,-0.863790537,-0.339496959,-0.223467542,0.36098391,0.825114263,0.69619315,0.416858029,1.75767418,2.79335993,1.435349105,0.954036168,0.343798353,-1.478331925,-1.57716865,-0.833704961,-0.489911364,-0.38248295,-0.855209747,0.07305611,0.42115863,0.481325224,2.599987278,3.472377628,1.345116553,0.184790673,0.752058153,-0.085951173,-1.740485451,-2.04560971,-2.015527899,-1.882303213,-0.3953687,1.547103882,2.299162035,1.383791044,0.507103264,-0.02578993,-1.100163249,-0.550081724,0.485616114,0.459833319,-0.515695349,-1.482631931,-1.57717519,-1.598662339,-1.366597163,-0.743461906,-0.477022443,0.141812411,0.502803456,0.279332941,0.32660467,-0.240656072,-0.283630371,0.00429743,-0.232061213,-0.232061213,-0.176194624,0.120328036,0.421148127,-0.189095237,0.979819558,2.118656703,1.108748597,0.739164476,0.412559608,0.472726401,0.954050634,0.524300711,1.272062624,1.499836315,0.61884298,0.850897455,0.421150703,0.360987874,1.087261646,0.515694358,0.13407565,0.3798928,0.362703081,0.345513361,0.336918501,0.198516568,0.293065079,0.482162099,0.67125912,1.831161658,1.865120231,0.137531033,-0.82510911,-0.863790537,-0.339496959,-0.223467542,0.36098391,0.825114263,0.69619315,0.416858029,1.75767418,2.79335993,1.435349105,0.954036168,0.343798353,-1.478331925,-1.57716865,-0.833704961,-0.489911364,-0.38248295,-0.855209747,0.07305611,0.42115863,0.481325224,2.599987278,3.472377628,1.345116553,0.184790673,0.752058153,-0.085951173,-1.740485451,-2.04560971,-2.015527899,-1.882303213,-0.3953687,1.547103882,2.299162035,1.383791044,0.507103264,-0.02578993,-1.100163249,-0.550081724,0.485616114,0.459833319,-0.515695349,-1.482631931,-1.57717519,-1.598662339,-1.366597163,-0.743461906,-0.477022443,0.141812411,0.502803456,0.279332941,0.32660467,-0.240656072,-0.283630371,0.00429743,-0.232061213,-0.232061213,-0.176194624,0.120328036,0.421148127,-0.189095237,0.979819558,2.118656703,1.108748597,0.739164476,0.412559608,0.472726401,0.954050634,0.524300711,1.272062624,1.499836315,0.61884298,0.850897455,0.421150703,0.360987874,1.087261646,0.515694358,0.13407565,0.3798928,0.362703081,0.345513361,0.336918501]}

[len] set(90) was=90 APPLIED

>>> {"Slot":[512,542,558,565,566,575,580,587,598,604,623,648,675,703,725,743,762,772,778,780,783,785,783...(372 B)
data received from Serial port

Receive long json data in 1 receiving
{"Slot":[512,542,558,565,566,575,580,587,598,604,623,648,675,703,725,743,762,772,778,780,783,785,783,789,787,787,789,792,791,792,793,788,791,796,793,791,793,795,799,798,795,796,798,797,797,798,801,797,801,797,799,796,798,804,802,802,797,800,801,800,800,804,805,806,808,802,808,808,809,805,805,810,802,809,806,811,806,813,811,813,809,813,809,812,812,815,812,815,814,816]}0
[dash] heap free=98392 maxAlloc=81908 intFree=98392 intLargest=81908 clients=0 ap=0
Json data received

>>> {"Slot":[552,586,598,607,616,619,622,622,631,647,654,674,700,728,753,777,800,816,831,838,837,841,845...(372 B)
data received from Serial port

Receive long json data in 1 receiving
{"Slot":[552,586,598,607,616,619,622,622,631,647,654,674,700,728,753,777,800,816,831,838,837,841,845,850,843,844,847,850,851,847,849,852,853,853,857,853,851,853,858,854,854,852,857,853,855,850,858,855,859,859,859,862,860,862,863,861,858,859,862,866,861,868,863,866,863,862,868,868,867,868,866,872,869,873,869,870,871,873,872,869,873,873,870,874,877,871,874,880,872,873]}1
Json data received

>>> {"Slot":[508,540,556,563,568,567,577,573,580,588,596,611,624,646,675,697,724,741,753,765,772,779,783...(372 B)
data received from Serial port

Receive long json data in 1 receiving
{"Slot":[508,540,556,563,568,567,577,573,580,588,596,611,624,646,675,697,724,741,753,765,772,779,783,783,789,783,786,787,790,788,790,791,790,791,792,789,794,789,792,793,794,799,794,796,799,793,794,794,794,798,799,800,795,795,799,798,797,800,797,808,803,800,804,802,802,803,799,803,801,802,802,805,803,802,809,806,803,808,811,813,807,810,811,809,811,810,810,810,809,812]}2
Json data received

>>> {"Slot":[590,623,639,649,652,658,657,664,669,667,674,687,699,721,743,774,805,832,854,873,882,894,894...(372 B)
data received from Serial port
[stack]
Receive long json data in 1 receiving
{"Slot":[590,623,639,649,652,658,657,664,669,667,674,687,699,721,743,774,805,832,854,873,882,894,894,897,902,902,903,905,906,905,906,911,908,910,903,913,908,911,912,908,914,911,908,915,913,917,914,917,914,912,920,920,911,914,916,916,918,918,920,915,918,923,923,922,921,922,922,921,923,925,928,923,929,924,925,927,926,925,930,933,928,933,932,936,928,930,933,939,937,936]}3 Control=1120/4096
 Sensor=1516/10240 Display=8352/10240 Network=2172/6144 Input=1488/6144 Setting=7016/8192 | unused=23392 B
Json data received

>>> {"Slot":[520,553,570,577,579,585,585,586,589,593,595,601,612,624,644,665,689,714,740,765,776,787,794...(372 B)
data received from Serial port

Receive long json data in 1 receiving
{"Slot":[520,553,570,577,579,585,585,586,589,593,595,601,612,624,644,665,689,714,740,765,776,787,794,797,801,805,804,803,806,806,808,809,808,813,810,808,813,809,812,813,810,812,808,813,816,813,816,817,815,817,816,815,820,818,815,818,819,819,815,823,820,818,822,820,820,817,819,828,824,827,824,824,827,824,828,825,821,829,829,828,830,829,828,830,833,830,830,833,833,831]}4
Json data received

>>> {"Slot":[589,625,642,652,656,656,665,662,670,666,666,672,679,689,707,729,753,779,813,832,859,877,888...(372 B)
data received from Serial port

Receive long json data in 1 receiving
{"Slot":[589,625,642,652,656,656,665,662,670,666,666,672,679,689,707,729,753,779,813,832,859,877,888,898,899,905,911,905,910,914,912,910,914,918,915,917,913,915,921,913,919,917,914,919,916,914,917,922,918,922,920,926,919,923,922,924,924,925,928,927,925,929,925,929,932,928,931,934,929,932,931,932,935,935,931,934,932,932,937,937,937,941,940,937,935,942,941,939,937,938]}5
Json data received

>>> {"Slot":[553,582,603,612,620,621,619,624,630,628,637,637,647,652,658,666,670,688,694,704,708,725,734...(372 B)
data received from Serial port

Receive long json data in 1 receiving
{"Slot":[553,582,603,612,620,621,619,624,630,628,637,637,647,652,658,666,670,688,694,704,708,725,734,751,764,768,781,791,799,807,814,819,823,823,828,833,839,838,838,838,843,847,851,849,851,853,847,852,850,850,849,855,850,853,853,854,858,853,855,855,856,857,857,860,863,859,861,861,862,863,867,862,863,863,860,860,868,867,866,866,866,864,869,868,869,870,865,871,873,872]}6
[dash] heap free=98392 maxAlloc=81908 intFree=98392 intLargest=81908 clients=0 ap=0
Json data received

>>> {"Slot":[543,569,585,598,602,603,606,603,615,618,628,648,675,713,747,782,803,817,819,823,829,825,833...(372 B)
data received from Serial port

Receive long json data in 1 receiving
{"Slot":[543,569,585,598,602,603,606,603,615,618,628,648,675,713,747,782,803,817,819,823,829,825,833,832,826,825,833,828,836,831,831,841,832,836,836,838,838,839,838,840,839,840,837,838,841,844,841,842,844,842,842,846,842,840,845,845,845,846,851,847,846,850,854,846,849,852,852,848,850,849,852,852,852,851,854,857,853,857,857,853,855,854,856,858,856,854,861,857,858,858]}7
Json data received

>>> {"Slot":[441,463,480,487,489,492,491,492,492,494,503,507,537,577,623,653,666,670,673,672,673,675,677...(372 B)
data received from Serial port

Receive long json data in 1 receiving
{"Slot":[441,463,480,487,489,492,491,492,492,494,503,507,537,577,623,653,666,670,673,672,673,675,677,675,675,676,679,678,681,675,679,681,680,678,680,682,677,682,682,684,686,680,683,682,680,685,683,686,686,686,689,687,688,690,688,691,691,688,688,688,689,689,692,689,688,694,690,689,694,691,691,694,690,692,695,692,695,697,697,696,694,700,696,698,695,699,699,699,700,697]}8
Json data received

>>> {"Slot":[511,545,558,562,574,573,577,574,577,578,577,584,601,630,678,731,761,781,783,782,789,786,788...(372 B)
data received from Serial port

Receive long json data in 1 receiving
{"Slot":[511,545,558,562,574,573,577,574,577,578,577,584,601,630,678,731,761,781,783,782,789,786,788,789,792,790,790,789,789,797,795,792,793,792,793,793,796,797,796,796,795,794,795,796,799,799,801,799,802,802,799,803,805,801,802,805,805,806,804,807,802,805,803,807,808,804,804,805,806,808,807,809,808,812,813,814,811,812,817,812,812,810,815,814,813,813,813,817,813,817]}9
Json data received

>>> getResult
data received from Serial port
getResult
<AmpStart/>
<AmpStart>
{"calibration":{"slopes":[1.508,1.622,1.504,1.73,1.542,1.743,1.617,1.59,1.294,1.511],"origins":[0,0,0,0,0,0,0,0,0,0]},"led_power":[150,150,150,150,150,150,150,150,150,150],"units":"nM FAM","device_id":"RPL01015","slots":10,"amplification_time":30,"reading_interval":0.333333,"software_version":"v2.4.5AT1"}
Amplification Time[min],Sensor 1 Fluorescence[nM FAM],Sensor 2 Fluorescence[nM FAM],Sensor 3 Fluorescence[nM FAM],Sensor 4 Fluorescence[nM FAM],Sensor 5 Fluorescence[nM FAM],Temperature[C]
0.00,339.52,340.32,337.77,341.04,337.22,337.92,341.99,341.51,340.80,338.19,65.80
0.33,359.42,361.28,359.04,360.12,358.63,358.58,359.93,357.86,357.81,360.69,65.80
0.67,370.03,368.68,369.68,369.36,369.65,368.33,372.91,367.92,370.94,369.29,65.80
1.00,374.67,374.23,374.34,375.14,374.19,374.07,378.48,376.10,376.35,371.94,65.80
1.33,375.33,379.78,377.66,376.88,375.49,376.36,383.43,378.62,377.90,379.88,65.80
1.67,381.30,381.63,376.99,380.35,379.38,376.36,384.04,379.25,380.22,379.22,65.80
2.00,384.62,383.48,383.64,379.77,379.38,381.53,382.81,381.13,379.44,381.87,65.80
2.33,389.26,383.48,380.98,383.82,380.03,379.80,385.90,379.25,380.22,379.88,65.80
2.67,396.55,389.03,385.64,386.71,381.97,384.39,389.61,386.79,380.22,381.87,65.80
3.00,400.53,398.89,390.96,385.55,384.57,382.10,388.37,388.68,381.76,382.53,65.80
3.33,413.13,403.21,396.28,389.60,385.86,382.10,393.94,394.97,388.72,381.87,65.80
3.67,429.71,415.54,406.25,397.11,389.75,385.54,393.94,407.55,391.81,386.50,65.80
4.00,447.61,431.57,414.89,404.05,396.89,389.56,400.12,424.53,414.99,397.75,65.80
4.33,466.18,448.83,429.52,416.76,404.67,395.30,403.22,448.43,445.90,416.94,65.80
4.67,480.77,464.24,448.80,429.48,417.64,405.62,406.93,469.81,481.45,448.71,65.80
5.00,492.71,479.04,463.43,447.40,431.26,418.24,411.87,491.82,504.64,483.79,65.80
5.33,505.31,493.22,481.38,465.32,446.82,432.01,414.35,505.03,514.68,503.64,65.80
5.67,511.94,503.08,492.69,480.92,463.04,446.93,425.48,513.84,517.77,516.88,65.80
6.00,515.92,512.33,500.66,493.64,479.90,466.44,429.19,515.09,520.09,518.20,65.80
6.33,517.24,516.65,508.64,504.62,496.11,477.34,435.37,517.61,519.32,517.54,65.80
6.67,519.23,516.03,513.30,509.83,503.24,492.83,437.85,521.38,520.09,522.17,65.80
7.00,520.56,518.50,517.95,516.76,510.38,503.16,448.36,518.87,521.64,520.19,65.80
7.33,519.23,520.96,520.61,516.76,514.92,509.47,453.93,523.90,523.18,521.51,65.80
7.67,523.21,524.04,520.61,518.50,516.86,515.20,464.44,523.27,521.64,522.17,65.80
8.00,521.88,519.73,524.60,521.39,519.46,515.78,472.48,519.50,521.64,524.16,65.80
8.33,521.88,520.35,520.61,521.39,522.05,519.22,474.95,518.87,522.41,522.83,65.80
8.67,523.21,522.19,522.61,521.97,521.40,522.66,482.99,523.90,524.73,522.83,65.80
9.00,525.20,524.04,523.27,523.12,520.75,519.22,489.18,520.75,523.96,522.17,65.80
9.33,524.54,524.66,525.27,523.70,522.70,522.09,494.12,525.79,526.28,522.17,65.80
9.67,525.20,522.19,523.94,523.12,522.70,524.38,499.07,522.64,521.64,527.47,65.80
10.00,525.86,523.43,525.27,523.70,523.99,523.24,503.40,522.64,524.73,526.14,65.80
10.33,522.55,525.28,525.93,526.59,524.64,522.09,506.49,528.93,526.28,524.16,65.80
10.67,524.54,525.89,525.27,524.86,523.99,524.38,508.97,523.27,525.50,524.82,65.80
11.00,527.85,525.89,525.93,526.01,527.24,526.68,508.97,525.79,523.96,524.16,65.80
11.33,525.86,528.36,526.60,521.97,525.29,524.96,512.06,525.79,525.50,524.82,65.80
11.67,524.54,525.89,524.60,527.75,523.99,526.10,515.15,527.04,527.05,524.82,65.80
12.00,525.86,524.66,527.93,524.86,527.24,523.81,518.86,527.04,523.18,526.80,65.80
12.33,527.19,525.89,524.60,526.59,524.64,524.96,518.24,527.67,527.05,527.47,65.80
12.67,529.84,528.98,526.60,527.17,526.59,528.40,518.24,527.04,527.05,526.80,65.80
13.00,529.18,526.51,527.26,524.86,527.24,523.81,518.24,528.30,528.59,526.80,65.80
13.33,527.19,526.51,527.93,528.32,525.29,527.25,521.34,527.67,530.14,526.14,65.80
13.67,527.85,525.28,531.25,526.59,526.59,526.10,523.81,528.30,525.50,525.48,65.80
14.00,529.18,528.36,527.93,524.86,523.99,524.38,526.28,526.42,527.82,526.14,65.80
14.33,528.51,525.89,529.26,528.90,527.24,527.25,525.05,527.04,527.05,526.80,65.80
14.67,528.51,527.13,531.25,527.75,529.18,525.53,526.28,528.93,525.50,528.79,65.80
15.00,529.18,524.04,527.26,530.06,527.24,524.38,527.52,530.82,529.37,528.79,65.80
15.33,531.17,528.98,527.93,528.32,529.18,526.10,523.81,528.93,527.82,530.11,65.80
15.67,528.51,527.13,527.93,530.06,529.83,528.97,526.90,529.56,530.14,528.79,65.80
16.00,531.17,529.59,527.93,528.32,528.53,526.68,525.66,530.82,530.14,530.77,65.80
16.33,528.51,529.59,530.59,527.17,529.83,528.97,525.66,529.56,530.14,530.77,65.80
16.67,529.84,529.59,531.25,531.79,529.18,527.83,525.05,529.56,532.46,528.79,65.80
17.00,527.85,531.44,531.91,531.79,528.53,531.27,528.76,532.08,530.91,531.44,65.80
17.33,529.18,530.21,528.59,526.59,531.78,527.25,525.66,529.56,531.68,532.76,65.80
17.67,533.16,531.44,528.59,528.32,530.48,529.55,527.52,528.30,533.23,530.11,65.80
18.00,531.83,532.06,531.25,529.48,528.53,528.97,527.52,531.45,531.68,530.77,65.80
18.33,531.83,530.83,530.59,529.48,530.48,530.12,528.14,531.45,534.00,532.76,65.80
18.67,528.51,528.98,529.92,530.64,531.13,530.12,530.61,531.45,534.00,532.76,65.80
19.00,530.50,529.59,531.91,530.64,531.13,530.69,527.52,532.08,531.68,533.42,65.80
19.33,531.17,531.44,529.92,531.79,528.53,532.42,528.76,535.22,531.68,532.10,65.80
19.67,530.50,533.91,537.23,528.90,533.72,531.84,528.76,532.70,531.68,534.08,65.80
20.00,530.50,530.83,533.91,530.64,531.78,530.69,529.38,532.08,532.46,530.77,65.80
20.33,533.16,535.14,531.91,533.53,530.48,532.99,529.99,534.59,532.46,532.76,65.80
20.67,533.82,532.06,534.57,533.53,533.07,530.69,529.99,537.11,534.78,531.44,65.80
21.00,534.48,533.91,533.24,532.95,531.78,532.99,531.85,532.08,532.46,534.08,65.80
21.33,535.81,532.06,533.24,532.37,531.78,534.71,533.70,533.96,531.68,534.75,65.80
21.67,531.83,531.44,533.91,532.95,529.83,532.42,531.23,535.85,536.32,532.10,65.80
22.00,535.81,535.14,531.25,532.95,531.13,534.14,532.47,535.85,533.23,532.10,65.80
22.33,535.81,535.14,533.91,532.37,536.97,535.86,532.47,533.33,532.46,532.76,65.80
22.67,536.47,534.53,532.58,533.53,534.37,532.99,533.09,534.59,536.32,533.42,65.80
23.00,533.82,535.14,533.24,534.68,536.32,534.71,533.70,533.96,534.00,534.75,65.80
23.33,533.82,533.91,533.24,536.42,534.37,534.14,536.18,535.85,534.00,534.08,65.80
23.67,537.14,537.61,535.24,533.53,534.37,534.71,533.09,535.85,536.32,535.41,65.80
24.00,531.83,535.76,533.91,536.99,536.32,536.43,533.70,535.85,533.23,534.75,65.80
24.33,536.47,538.22,533.24,534.10,534.37,536.43,533.70,535.22,534.78,537.39,65.80
24.67,534.48,535.76,537.90,534.68,536.97,534.14,531.85,537.11,537.09,538.05,65.80
25.00,537.80,536.37,535.90,535.84,535.02,535.86,531.85,538.99,534.78,538.72,65.80
25.33,534.48,536.99,533.91,535.26,532.43,534.71,536.80,536.48,537.09,536.73,65.80
25.67,539.12,538.22,537.23,534.68,537.61,534.71,536.18,538.99,538.64,537.39,65.80
26.00,537.80,537.61,539.23,537.57,537.61,537.58,535.56,538.99,538.64,540.70,65.80
26.33,539.12,535.76,540.56,539.31,536.97,537.58,535.56,536.48,537.87,537.39,65.80
26.67,536.47,538.22,536.57,536.42,538.26,537.58,535.56,537.74,536.32,537.39,65.80
27.00,539.12,538.22,538.56,539.31,537.61,539.87,534.32,537.11,540.96,536.07,65.80
27.33,536.47,536.37,539.23,538.73,536.97,539.30,537.41,538.36,537.87,539.38,65.80
27.67,538.46,538.84,537.90,541.04,538.26,537.58,536.80,539.62,539.41,538.72,65.80
28.00,538.46,540.69,539.23,536.42,540.21,536.43,537.41,538.36,537.09,538.05,65.80
28.33,540.45,536.99,538.56,537.57,538.26,540.45,538.03,537.11,540.19,538.05,65.80
28.67,538.46,538.84,538.56,539.31,538.26,539.87,534.94,541.51,540.19,538.05,65.80
29.00,540.45,542.54,538.56,542.77,540.21,538.73,538.65,538.99,540.19,540.70,65.80
29.33,539.79,537.61,537.90,541.62,540.21,537.58,539.89,539.62,540.96,538.05,65.80
29.67,541.11,538.22,539.89,541.04,538.91,538.15,539.27,539.62,538.64,540.70,65.80
load algo para from flash
Slot 1:
Outcome check: Error
Index Rising data : 4.000000
Index Break data : 0.000000
Index Transition time: 2.333333
{"outcome":{"outcome":"Error","transition_time":{"x":2.333333333,"y":-20.08337931,"i":7},"plateau_point":{"x":5.666666667,"y":102.1219971,"i":17},"increase":122.2053764,"suspect_score":0,"arm_width":-1,"window_rate":18.81738932,"rise_width":1.666666667,"shape_flag":0,"climbs_fixed":0,"climb_first_i":-1},"peak_features":{"main_peak":{"x":4,"y":51.37534897,"i":12},"left_arm":{"x":-1,"y":-1,"i":-1},"right_arm":{"x":5.333333333,"y":25.64247171,"i":16}},"time_data":[0,0.333333333,0.666666667,1,1.333333333,1.666666667,2,2.333333333,2.666666667,3,3.333333333,3.666666667,4,4.333333333,4.666666667,5,5.333333333,5.666666667,6,6.333333333,6.666666667,7,7.333333333,7.666666667,8,8.333333333,8.666666667,9,9.333333333,9.666666667,10,10.33333333,10.66666667,11,11.33333333,11.66666667,12,12.33333333,12.66666667,13,13.33333333,13.66666667,14,14.33333333,14.66666667,15,15.33333333,15.66666667,16,16.33333333,16.66666667,17,17.33333333,17.66666667,18,18.33333333,18.66666667,19,19.33333333,19.66666667,20,20.33333333,20.66666667,21,21.33333333,21.66666667,22,22.33333333,22.66666667,23,23.33333333,23.66666667,24,24.33333333,24.66666667,25,25.33333333,25.66666667,26,26.33333333,26.66666667,27,27.33333333,27.66666667,28,28.33333333,28.66666667,29,29.33333333,29.66666667],"raw_data":[339.5226,359.4164,370.0265,374.6684,375.3316,381.2997,384.6154,389.2573,396.5517,400.5305,413.13,429.7082,447.6127,466.1804,480.7692,492.7056,505.305,511.9363,515.9151,517.2414,519.2308,520.557,519.2308,523.2095,521.8833,521.8833,523.2095,525.1989,524.5358,525.1989,525.8621,522.5464,524.5358,527.8514,525.8621,524.5358,525.8621,527.1883,529.8408,529.1777,527.1883,527.8514,529.1777,528.5146,528.5146,529.1777,531.1671,528.5146,531.1671,528.5146,529.8408,527.8514,529.1777,533.1565,531.8303,531.8303,528.5146,530.504,531.1671,530.504,530.504,533.1565,533.8196,534.4827,535.809,531.8303,535.809,535.809,536.4722,533.8196,533.8196,537.1353,531.8303,536.4722,534.4827,537.7984,534.4827,539.1246,537.7984,539.1246,536.4722,539.1246,536.4722,538.4615,538.4615,540.4509,538.4615,540.4509,539.7878,541.1141],"processed_data":[-63.31371312,-53.2984412,-44.46158838,-36.80315467,-30.32314007,-27.38641741,-24.30329519,-20.08337931,-13.83962735,-5.534714075,6.522193677,21.51294936,38.04813917,55.76318201,71.66968777,85.02701598,95.11750126,102.1219971,107.0595866,109.3733674,110.5675742,111.514901,112.1263636,112.6459575,113.3176964,114.0238925,114.8334226,115.508036,116.0333611,115.8783458,116.0333664,116.2572782,116.4410033,116.4438852,116.538617,117.4715859,118.0830398,118.4131692,119.1537991,119.8169278,119.9001859,119.6705367,119.2514197,119.9174226,120.2963627,120.792992,120.8417926,121.2350757,121.0312474,120.2791217,120.2245761,120.881967,121.5852941,122.205373,122.2800158,122.5642137,122.1508276,121.2436846,121.3843389,121.9326439,122.9632217,124.0971429,124.5621969,125.2741343,125.7219637,126.1382171,126.3793589,126.0635936,126.6061454,126.5027965,125.9745959,125.5353756,125.98607,126.2042382,126.7037295,127.0539519,128.5926268,128.532347,129.3648507,129.1610345,129.445243,128.7591555,129.2213394,129.3103373,130.0394921,130.1916393,130.591527,131.0617448,131.6022927,132.2131706],"differential_data":[30.04581576,28.27818711,24.74292979,21.20767248,14.1251059,9.029767321,10.95455715,15.69550175,21.82299785,30.54273155,40.57149516,47.28891824,51.37534897,50.43232291,43.89575096,35.17172023,25.64247171,17.91312795,10.87705538,5.261981518,3.212300486,2.338184109,1.696584726,1.786999195,2.066902458,2.273589295,2.226215313,1.799907734,0.555464707,7.926643661e-6,0.568398612,0.611455348,0.279910397,0.146420566,1.54155107,2.316634141,1.412374918,1.606138948,2.105637984,1.119580157,-0.219586657,-0.973149287,0.370328829,1.567414519,1.313354096,0.818144959,0.663125571,0.284182065,-1.433931029,-1.210006912,0.904267943,2.041077056,1.985109007,1.042082551,0.538261116,-0.193782261,-1.980793742,-1.14973311,1.033438943,2.368324181,3.246748491,2.398462865,1.765487076,1.739650181,1.296124347,0.986092704,-0.111935306,0.34017984,0.658804361,-0.947324282,-1.451131449,0.017211121,1.003293917,1.076489337,1.274570614,2.833345884,2.21759271,1.158335896,0.943031212,0.120588426,-0.602818477,-0.335855459,0.826772715,1.227229131,1.321952919,0.828052352,1.305158303,1.516148515,1.727138727,1.832633833,30.04581576,28.27818711,24.74292979,21.20767248,14.1251059,9.029767321,10.95455715,15.69550175,21.82299785,30.54273155,40.57149516,47.28891824,51.37534897,50.43232291,43.89575096,35.17172023,25.64247171,17.91312795,10.87705538,5.261981518,3.212300486,2.338184109,1.696584726,1.786999195,2.066902458,2.273589295,2.226215313,1.799907734,0.555464707,7.926643661e-6,0.568398612,0.611455348,0.279910397,0.146420566,1.54155107,2.316634141,1.412374918,1.606138948,2.105637984,1.119580157,-0.219586657,-0.973149287,0.370328829,1.567414519,1.313354096,0.818144959,0.663125571,0.284182065,-1.433931029,-1.210006912,0.904267943,2.041077056,1.985109007,1.042082551,0.538261116,-0.193782261,-1.980793742,-1.14973311,1.033438943,2.368324181,3.246748491,2.398462865,1.765487076,1.739650181,1.296124347,0.986092704,-0.111935306,0.34017984,0.658804361,-0.947324282,-1.451131449,0.017211121,1.003293917,1.076489337,1.274570614,2.833345884,2.21759271,1.158335896,0.943031212,0.120588426,-0.602818477,-0.335855459,0.826772715,1.227229131,1.321952919,0.828052352,1.305158303,1.516148515,1.727138727,1.832633833]}

Slot 2:
Outcome check: Error
Index Rising data : 4.000000
Index Break data : 0.000000
Index Transition time: 2.666667
{"outcome":{"outcome":"Error","transition_time":{"x":2.666666667,"y":-11.11606073,"i":8},"plateau_point":{"x":6,"y":109.7784452,"i":18},"increase":120.8945059,"suspect_score":0,"arm_width":-1,"window_rate":22.45971297,"rise_width":2.333333333,"shape_flag":0,"climbs_fixed":0,"climb_first_i":-1},"peak_features":{"main_peak":{"x":4.333333333,"y":48.46510196,"i":13},"left_arm":{"x":-1,"y":-1,"i":-1},"right_arm":{"x":6,"y":17.95922217,"i":18}},"time_data":[0,0.333333333,0.666666667,1,1.333333333,1.666666667,2,2.333333333,2.666666667,3,3.333333333,3.666666667,4,4.333333333,4.666666667,5,5.333333333,5.666666667,6,6.333333333,6.666666667,7,7.333333333,7.666666667,8,8.333333333,8.666666667,9,9.333333333,9.666666667,10,10.33333333,10.66666667,11,11.33333333,11.66666667,12,12.33333333,12.66666667,13,13.33333333,13.66666667,14,14.33333333,14.66666667,15,15.33333333,15.66666667,16,16.33333333,16.66666667,17,17.33333333,17.66666667,18,18.33333333,18.66666667,19,19.33333333,19.66666667,20,20.33333333,20.66666667,21,21.33333333,21.66666667,22,22.33333333,22.66666667,23,23.33333333,23.66666667,24,24.33333333,24.66666667,25,25.33333333,25.66666667,26,26.33333333,26.66666667,27,27.33333333,27.66666667,28,28.33333333,28.66666667,29,29.33333333,29.66666667],"raw_data":[340.3206,361.2824,368.6806,374.2293,379.778,381.6276,383.4772,383.4772,389.0259,398.8903,403.2059,415.5364,431.566,448.8286,464.2417,479.0382,493.2183,503.0826,512.3304,516.6461,516.0296,518.4957,520.9618,524.0444,519.7288,520.3453,522.1948,524.0444,524.6609,522.1948,523.4279,525.2775,525.894,525.894,528.36,525.894,524.6609,525.894,528.9766,526.5105,526.5105,525.2775,528.36,525.894,527.127,524.0444,528.9766,527.127,529.5931,529.5931,529.5931,531.4427,530.2096,531.4427,532.0592,530.8262,528.9766,529.5931,531.4427,533.9088,530.8262,535.1418,532.0592,533.9088,532.0592,531.4427,535.1418,535.1418,534.5253,535.1418,533.9088,537.6079,535.7583,538.2244,535.7583,536.3749,536.9914,538.2244,537.6079,535.7583,538.2244,538.2244,536.3749,538.8409,540.6905,536.9914,538.8409,542.5401,537.6079,538.2244],"processed_data":[-55.44593099,-44.20466715,-34.75425401,-27.09469154,-21.22597976,-20.10502499,-17.45744159,-14.7778323,-11.11606073,-4.862759809,4.547886043,16.95840626,31.00231432,46.6689358,63.31238229,78.60801796,92.06475896,102.3908509,109.7784452,114.3636657,117.6571211,119.3145304,119.6988631,120.0885314,120.8411662,121.4416818,121.5671212,121.6685379,122.6880631,123.2085077,123.3072674,124.0385552,125.0100402,125.738666,125.4824552,125.6292392,125.7573464,125.9334939,125.4957941,126.1470059,126.2484242,126.2510986,125.3169741,125.6585868,125.6185493,125.9921941,126.2937812,127.1611724,128.1166548,129.0854762,129.1842276,130.0436253,130.4226278,130.5293917,130.1477307,129.5018472,129.9181997,129.6299528,130.4012705,131.2206336,132.2962166,132.6858798,132.1147294,131.8718595,132.3896262,132.3042214,133.23033,133.2596824,134.1858003,134.4793804,134.7943239,135.2960797,135.7151035,135.8592318,136.2088642,136.2408989,136.291612,136.1741748,136.822723,136.6358931,136.4170445,136.9641732,137.3485015,137.4472545,138.0797877,138.573541,138.6362617,138.5161616,138.2132407,137.7274991],"differential_data":[33.7237915,31.03751548,25.66496342,20.29241137,10.48449982,5.65280726,7.990789042,9.512071287,14.87260873,23.49592016,32.7317491,39.68164241,44.56579431,48.46510196,47.90862324,43.12856501,35.67424943,26.57052929,17.95922217,11.81801397,7.426297076,3.062612955,1.161001428,1.713454606,2.029725706,1.088932582,0.340284075,1.681412734,2.309954755,0.928806454,1.245071213,2.554159189,2.550166142,0.708622524,-0.164140181,0.41233687,0.456382058,-0.392328436,0.320268111,1.128945091,0.156139027,-1.397175182,-0.888767787,0.452362853,0.500410996,1.0128479,1.75346751,2.734310398,2.886455585,1.601359182,1.437223756,1.857600224,0.728649585,-0.412345589,-1.541316837,-0.344296542,0.192158488,0.724606204,2.386021205,2.842419117,2.197869239,-0.272230669,-1.221030495,0.412345193,0.648542924,1.261055686,1.433191473,1.433205344,1.82954704,0.912785518,1.225048907,1.381169307,0.844728148,0.740641012,0.57250065,0.124121728,-0.100086163,0.796666529,0.692577412,-0.608517733,0.492420147,1.397185487,0.724622058,1.096929377,1.689429741,0.834710931,-0.086069122,-0.634531432,-1.182993743,-1.457224898,33.7237915,31.03751548,25.66496342,20.29241137,10.48449982,5.65280726,7.990789042,9.512071287,14.87260873,23.49592016,32.7317491,39.68164241,44.56579431,48.46510196,47.90862324,43.12856501,35.67424943,26.57052929,17.95922217,11.81801397,7.426297076,3.062612955,1.161001428,1.713454606,2.029725706,1.088932582,0.340284075,1.681412734,2.309954755,0.928806454,1.245071213,2.554159189,2.550166142,0.708622524,-0.164140181,0.41233687,0.456382058,-0.392328436,0.320268111,1.128945091,0.156139027,-1.397175182,-0.888767787,0.452362853,0.500410996,1.0128479,1.75346751,2.734310398,2.886455585,1.601359182,1.437223756,1.857600224,0.728649585,-0.412345589,-1.541316837,-0.344296542,0.192158488,0.724606204,2.386021205,2.842419117,2.197869239,-0.272230669,-1.221030495,0.412345193,0.648542924,1.261055686,1.433191473,1.433205344,1.82954704,0.912785518,1.225048907,1.381169307,0.844728148,0.740641012,0.57250065,0.124121728,-0.100086163,0.796666529,0.692577412,-0.608517733,0.492420147,1.397185487,0.724622058,1.096929377,1.689429741,0.834710931,-0.086069122,-0.634531432,-1.182993743,-1.457224898]}

Slot 3:
Outcome check: Error
Index Rising data : 4.000000
Index Break data : 0.000000
Index Transition time: 3.000000
[stack] Control=1120/4096 Sensor=1516/10240 Display=8352/10240 Network=2172/6144 Input=1488/6144 Setting=7016/8192 | unused=23392 B
{"outcome":{"outcome":"Error","transition_time":{"x":3,"y":-3.465469955,"i":9},"plateau_point":{"x":6.333333333,"y":114.7474266,"i":19},"increase":118.2128966,"suspect_score":0,"arm_width":-1,"window_rate":26.3071939,"rise_width":2.666666667,"shape_flag":0,"climbs_fixed":0,"climb_first_i":-1},"peak_features":{"main_peak":{"x":4.666666667,"y":48.79197356,"i":14},"left_arm":{"x":-1,"y":-1,"i":-1},"right_arm":{"x":6.333333333,"y":18.34933947,"i":19}},"time_data":[0,0.333333333,0.666666667,1,1.333333333,1.666666667,2,2.333333333,2.666666667,3,3.333333333,3.666666667,4,4.333333333,4.666666667,5,5.333333333,5.666666667,6,6.333333333,6.666666667,7,7.333333333,7.666666667,8,8.333333333,8.666666667,9,9.333333333,9.666666667,10,10.33333333,10.66666667,11,11.33333333,11.66666667,12,12.33333333,12.66666667,13,13.33333333,13.66666667,14,14.33333333,14.66666667,15,15.33333333,15.66666667,16,16.33333333,16.66666667,17,17.33333333,17.66666667,18,18.33333333,18.66666667,19,19.33333333,19.66666667,20,20.33333333,20.66666667,21,21.33333333,21.66666667,22,22.33333333,22.66666667,23,23.33333333,23.66666667,24,24.33333333,24.66666667,25,25.33333333,25.66666667,26,26.33333333,26.66666667,27,27.33333333,27.66666667,28,28.33333333,28.66666667,29,29.33333333,29.66666667],"raw_data":[337.7659,359.0425,369.6808,374.3351,377.6595,376.9947,383.6436,380.984,385.6383,390.9574,396.2766,406.25,414.8936,429.5213,448.8032,463.4308,481.383,492.6862,500.6649,508.6436,513.2979,517.9521,520.6117,520.6117,524.601,520.6117,522.6064,523.2712,525.2659,523.9362,525.2659,525.9308,525.2659,525.9308,526.5957,524.601,527.9255,524.601,526.5957,527.2606,527.9255,531.25,527.9255,529.2553,531.25,527.2606,527.9255,527.9255,527.9255,530.5851,531.25,531.9149,528.5904,528.5904,531.25,530.5851,529.9202,531.9149,529.9202,537.234,533.9095,531.9149,534.5745,533.2446,533.2446,533.9095,531.25,533.9095,532.5798,533.2446,533.2446,535.2393,533.9095,533.2446,537.8989,535.9042,533.9095,537.234,539.2287,540.5585,536.5692,538.5638,539.2287,537.8989,539.2287,538.5638,538.5638,538.5638,537.8989,539.8936],"processed_data":[-50.7972573,-39.05281927,-29.29298769,-21.51776258,-15.72714392,-14.71973211,-13.29783888,-11.35496263,-8.047762916,-3.465469955,2.081068031,11.62272003,22.88849181,37.20529043,53.53980126,69.7332728,85.14383463,97.60699014,107.142887,114.7474266,119.37578,123.6817558,126.2434699,127.5272095,128.1172674,128.5893128,128.8886559,129.3549436,129.7665504,130.8113764,131.058917,131.5539954,131.3467464,131.9972488,131.8418168,131.7756066,131.9108851,131.7986311,132.6822878,133.5342818,133.8077254,135.2785654,135.5232228,135.4598961,135.0396574,134.1214749,134.1790395,134.0898156,134.8554472,136.003895,136.0873528,136.306102,136.3550345,135.776491,135.9088908,135.4944113,136.7954098,137.9467368,138.2950063,139.221837,139.8291701,139.8118974,140.0594301,138.8476559,139.1556377,139.1297397,138.7210177,138.6317933,138.9023497,139.3053086,139.4175519,139.7571967,140.735832,140.8596106,141.0064086,141.3057569,142.753551,143.4098163,143.51343,144.5064522,144.89503,144.5870534,144.3222462,144.3107298,144.8403298,144.3941897,144.4612581,144.5959694,144.7983236,145.0683207],"differential_data":[35.2333141,32.25640441,26.30258504,20.34876566,10.1970457,3.643957559,5.047154216,7.875113946,11.83423902,15.19324642,22.63228498,31.21113567,38.37385559,45.97696418,48.79197356,47.40605005,41.81057601,32.99857855,25.71065472,18.34933947,13.40149382,10.30153488,5.76818055,2.810696292,1.593154907,1.157082694,1.148446219,1.316841819,2.184649183,1.938549884,1.11392846,0.431744068,0.664880133,0.74260563,-0.332463252,0.103602422,0.034536783,1.157104096,2.603475992,1.688156326,2.616425353,2.573246151,0.27199604,-0.725348138,-2.007631773,-1.290926847,-0.047488919,1.014611579,2.871119115,1.847858379,0.453310483,0.40152255,-0.794416551,-0.669215611,-0.423119483,1.329778498,3.678488199,2.249394801,1.912650368,2.301245751,0.885090617,0.345390023,-1.446362384,-1.355688714,0.423125824,-0.651929979,-0.746919706,0.271998022,1.01027293,0.772803369,0.677832269,1.977420163,1.653620732,0.405864765,0.669219574,2.620713667,3.156089089,1.139818464,1.64495374,2.072399982,0.120901925,-0.859175645,-0.414485386,0.777125371,0.125189843,-0.568607558,0.302669416,0.505598232,0.708527047,0.809991455,35.2333141,32.25640441,26.30258504,20.34876566,10.1970457,3.643957559,5.047154216,7.875113946,11.83423902,15.19324642,22.63228498,31.21113567,38.37385559,45.97696418,48.79197356,47.40605005,41.81057601,32.99857855,25.71065472,18.34933947,13.40149382,10.30153488,5.76818055,2.810696292,1.593154907,1.157082694,1.148446219,1.316841819,2.184649183,1.938549884,1.11392846,0.431744068,0.664880133,0.74260563,-0.332463252,0.103602422,0.034536783,1.157104096,2.603475992,1.688156326,2.616425353,2.573246151,0.27199604,-0.725348138,-2.007631773,-1.290926847,-0.047488919,1.014611579,2.871119115,1.847858379,0.453310483,0.40152255,-0.794416551,-0.669215611,-0.423119483,1.329778498,3.678488199,2.249394801,1.912650368,2.301245751,0.885090617,0.345390023,-1.446362384,-1.355688714,0.423125824,-0.651929979,-0.746919706,0.271998022,1.01027293,0.772803369,0.677832269,1.977420163,1.653620732,0.405864765,0.669219574,2.620713667,3.156089089,1.139818464,1.64495374,2.072399982,0.120901925,-0.859175645,-0.414485386,0.777125371,0.125189843,-0.568607558,0.302669416,0.505598232,0.708527047,0.809991455]}

Slot 4:
Outcome check: Positive
Index Rising data : 4.000000
Index Break data : 0.000000
Index Transition time: 3.333333
[dash] heap free=83944 maxAlloc=73716 intFree=83944 intLargest=73716 clients=0 ap=0
{"outcome":{"outcome":"Positive","transition_time":{"x":3.333333333,"y":1.408845447,"i":10},"plateau_point":{"x":6.666666667,"y":120.9268985,"i":20},"increase":119.5180531,"suspect_score":0,"arm_width":3,"window_rate":28.98243449,"rise_width":2.666666667,"shape_flag":0,"climbs_fixed":0,"climb_first_i":-1},"peak_features":{"main_peak":{"x":5,"y":49.60587241,"i":15},"left_arm":{"x":3.666666667,"y":20.76420415,"i":11},"right_arm":{"x":6.666666667,"y":17.22845717,"i":20}},"time_data":[0,0.333333333,0.666666667,1,1.333333333,1.666666667,2,2.333333333,2.666666667,3,3.333333333,3.666666667,4,4.333333333,4.666666667,5,5.333333333,5.666666667,6,6.333333333,6.666666667,7,7.333333333,7.666666667,8,8.333333333,8.666666667,9,9.333333333,9.666666667,10,10.33333333,10.66666667,11,11.33333333,11.66666667,12,12.33333333,12.66666667,13,13.33333333,13.66666667,14,14.33333333,14.66666667,15,15.33333333,15.66666667,16,16.33333333,16.66666667,17,17.33333333,17.66666667,18,18.33333333,18.66666667,19,19.33333333,19.66666667,20,20.33333333,20.66666667,21,21.33333333,21.66666667,22,22.33333333,22.66666667,23,23.33333333,23.66666667,24,24.33333333,24.66666667,25,25.33333333,25.66666667,26,26.33333333,26.66666667,27,27.33333333,27.66666667,28,28.33333333,28.66666667,29,29.33333333,29.66666667],"raw_data":[341.0405,360.1156,369.3642,375.1445,376.8786,380.3468,379.7688,383.815,386.7052,385.5491,389.5954,397.1098,404.0462,416.763,429.4798,447.3988,465.3179,480.9248,493.6416,504.6243,509.8266,516.763,516.763,518.4971,521.3873,521.3873,521.9653,523.1214,523.6994,523.1214,523.6994,526.5896,524.8555,526.0115,521.9653,527.7457,524.8555,526.5896,527.1676,524.8555,528.3237,526.5896,524.8555,528.9017,527.7457,530.0578,528.3237,530.0578,528.3237,527.1676,531.7919,531.7919,526.5896,528.3237,529.4797,529.4797,530.6358,530.6358,531.7919,528.9017,530.6358,533.526,533.526,532.948,532.3699,532.948,532.948,532.3699,533.526,534.6821,536.4162,533.526,536.9942,534.1041,534.6821,535.8381,535.2601,534.6821,537.5723,539.3063,536.4162,539.3063,538.7283,541.0405,536.4162,537.5723,539.3063,542.7745,541.6185,541.0405],"processed_data":[-43.56424819,-32.91965905,-23.98414901,-16.75771807,-11.24036622,-9.318588455,-7.857235467,-6.751209738,-4.874468783,-2.68243831,1.408845447,6.796326608,15.25164821,27.40538877,41.88878311,57.91860513,74.95936472,90.28604245,104.0037334,114.1030773,120.9268985,125.5887154,128.4388491,129.9752686,131.1813862,131.9370841,132.9580303,133.215764,133.7637765,134.3943571,135.342723,135.0674676,135.5103831,135.6730291,135.6555197,135.8757216,136.0809131,136.5863721,137.4671811,136.6489226,137.1118531,136.9642181,137.5572774,138.1703444,138.618261,139.5616283,139.4890546,139.1587443,140.0570806,139.9419857,139.9444961,139.714281,139.7493114,139.7017563,139.1937642,140.0445488,140.97542,140.7827495,140.9604186,141.508426,142.0589412,142.5994397,143.0898908,143.8130728,143.5428327,143.0623872,143.037358,143.8380943,144.1583907,144.9641256,145.5196417,145.7573665,145.7698753,145.7023149,145.3019407,145.5021328,145.9525464,146.6932312,147.3613498,147.809263,149.1204723,149.5733962,149.1279891,148.6425459,149.2205747,149.5008281,149.9782673,150.6784115,151.6012605,152.7468143],"differential_data":[31.93376742,29.37014878,24.24291148,19.11567418,11.15869442,5.074696132,3.851068076,4.474150026,6.103157143,9.424971345,14.21814738,20.76420415,30.91359324,39.95570235,45.76982454,49.60587241,48.55115598,43.56655309,35.72555225,25.38474759,17.22845717,11.26792591,6.579829823,4.113805597,2.942723262,2.664966137,1.918019877,1.208619353,1.767889642,2.368419697,1.009665749,0.251490209,0.908342238,0.217704872,0.304038704,0.638090059,1.065975833,2.079401982,0.093825699,-0.53299188,0.472943195,0.668136399,1.809189437,1.59147545,2.086925952,1.306190392,-0.604326124,0.852038891,1.174862156,-0.168876747,-0.341557094,-0.292776925,-0.018786938,-0.833320915,0.514188692,2.672483766,1.107300994,-0.022502156,1.088514848,1.647783948,1.636520584,1.54642437,1.820449631,0.679412842,-1.126028482,-0.758212003,1.163560743,1.681549072,1.689046885,2.041876459,1.189861347,0.375350358,-0.082577396,-0.701901919,-0.300273152,0.975908552,1.786647648,2.113205154,1.674047693,2.638683765,2.646199808,0.011275254,-1.396275508,0.138878364,1.28742327,1.136538934,1.766375098,2.434489699,3.102604299,3.436661599,31.93376742,29.37014878,24.24291148,19.11567418,11.15869442,5.074696132,3.851068076,4.474150026,6.103157143,9.424971345,14.21814738,20.76420415,30.91359324,39.95570235,45.76982454,49.60587241,48.55115598,43.56655309,35.72555225,25.38474759,17.22845717,11.26792591,6.579829823,4.113805597,2.942723262,2.664966137,1.918019877,1.208619353,1.767889642,2.368419697,1.009665749,0.251490209,0.908342238,0.217704872,0.304038704,0.638090059,1.065975833,2.079401982,0.093825699,-0.53299188,0.472943195,0.668136399,1.809189437,1.59147545,2.086925952,1.306190392,-0.604326124,0.852038891,1.174862156,-0.168876747,-0.341557094,-0.292776925,-0.018786938,-0.833320915,0.514188692,2.672483766,1.107300994,-0.022502156,1.088514848,1.647783948,1.636520584,1.54642437,1.820449631,0.679412842,-1.126028482,-0.758212003,1.163560743,1.681549072,1.689046885,2.041876459,1.189861347,0.375350358,-0.082577396,-0.701901919,-0.300273152,0.975908552,1.786647648,2.113205154,1.674047693,2.638683765,2.646199808,0.011275254,-1.396275508,0.138878364,1.28742327,1.136538934,1.766375098,2.434489699,3.102604299,3.436661599]}

Slot 5:
Outcome check: Positive
Index Rising data : 4.000000
Index Break data : 0.000000
Index Transition time: 3.666667
{"outcome":{"outcome":"Positive","transition_time":{"x":3.666666667,"y":4.991526814,"i":11},"plateau_point":{"x":7,"y":124.9094518,"i":21},"increase":119.917925,"suspect_score":0,"arm_width":3,"window_rate":30.72274163,"rise_width":3.333333333,"shape_flag":0,"climbs_fixed":0,"climb_first_i":-1},"peak_features":{"main_peak":{"x":5.333333333,"y":49.14347086,"i":16},"left_arm":{"x":4,"y":22.95888272,"i":12},"right_arm":{"x":7,"y":17.51393345,"i":21}},"time_data":[0,0.333333333,0.666666667,1,1.333333333,1.666666667,2,2.333333333,2.666666667,3,3.333333333,3.666666667,4,4.333333333,4.666666667,5,5.333333333,5.666666667,6,6.333333333,6.666666667,7,7.333333333,7.666666667,8,8.333333333,8.666666667,9,9.333333333,9.666666667,10,10.33333333,10.66666667,11,11.33333333,11.66666667,12,12.33333333,12.66666667,13,13.33333333,13.66666667,14,14.33333333,14.66666667,15,15.33333333,15.66666667,16,16.33333333,16.66666667,17,17.33333333,17.66666667,18,18.33333333,18.66666667,19,19.33333333,19.66666667,20,20.33333333,20.66666667,21,21.33333333,21.66666667,22,22.33333333,22.66666667,23,23.33333333,23.66666667,24,24.33333333,24.66666667,25,25.33333333,25.66666667,26,26.33333333,26.66666667,27,27.33333333,27.66666667,28,28.33333333,28.66666667,29,29.33333333,29.66666667],"raw_data":[337.2244,358.6252,369.6498,374.1894,375.4864,379.3774,379.3774,380.026,381.9715,384.5655,385.8625,389.7536,396.8872,404.6693,417.6394,431.2581,446.8223,463.035,479.8963,496.109,503.2426,510.3762,514.9157,516.8613,519.4553,522.0493,521.4008,520.7523,522.6978,522.6978,523.9948,524.6434,523.9948,527.2374,525.2919,523.9948,527.2374,524.6434,526.5889,527.2374,525.2919,526.5889,523.9948,527.2374,529.1829,527.2374,529.1829,529.8314,528.5344,529.8314,529.1829,528.5344,531.7769,530.4799,528.5344,530.4799,531.1284,531.1284,528.5344,533.7225,531.7769,530.4799,533.074,531.7769,531.7769,529.8314,531.1284,536.965,534.371,536.3165,534.371,534.371,536.3165,534.371,536.965,535.0195,532.4254,537.6135,537.6135,536.965,538.262,537.6135,536.965,538.262,540.2075,538.262,538.262,540.2075,540.2075,538.9105],"processed_data":[-42.8358232,-30.76177868,-20.8620608,-13.13666957,-7.585604977,-6.807954202,-5.887122348,-4.781008766,-3.601902157,-2.043800123,0.668142608,4.991526814,11.34185395,20.29744862,32.01271315,45.83913907,61.98166805,78.60145298,93.98598635,107.4811354,117.8235857,124.9094518,129.4995413,132.2844796,134.2328205,135.3136698,135.9565661,136.5320727,137.0065283,137.1553135,138.2501888,139.2917339,139.3759582,139.9991956,139.9823552,140.0244652,140.4146978,140.2069521,140.880729,140.689829,140.1058819,140.6813945,140.647706,141.0968915,142.2002023,142.7981788,143.6712798,143.7218159,143.4354564,143.9211324,144.196253,144.2046711,144.3955751,144.4685607,145.0356568,144.6370085,144.608936,145.3585085,145.670131,145.8526153,146.1277451,146.6246532,146.6667675,145.3528991,145.9396504,146.4534063,147.2366667,148.4241995,149.176583,150.1479335,149.8784192,149.5246871,150.1479372,149.4601249,149.5948762,149.8222769,149.9036991,150.65608,151.1642198,151.9306497,152.3012332,152.2198089,152.5959942,152.7532059,152.9497206,153.5926045,153.8258955,153.9637365,154.0061276,153.9530686],"differential_data":[36.22213357,32.9606436,26.43766367,19.91468373,9.493073045,2.547723944,3.040418154,3.427830287,4.105812965,6.405067147,10.55299041,16.01056701,22.95888272,31.0062888,38.31253567,44.95343236,49.14347086,48.00647746,43.3195236,35.75639898,26.14247468,17.51393345,11.06254161,7.099918712,4.543785392,2.585618453,1.82760422,1.574943245,0.93486122,1.865490802,3.204630666,1.688654119,1.0611925,0.90959544,0.037904417,0.648513992,0.273730389,0.699046742,0.724315297,-1.162270682,-0.012651716,0.812736214,0.623245437,2.328744467,2.55193101,2.20661629,1.385455639,-0.353735193,0.298974768,1.141194926,0.425308029,0.298983091,0.39583439,0.960122641,0.252671675,-0.640081232,1.082250025,1.591792515,0.741160207,0.686421184,1.158056878,0.808533508,-1.907631218,-1.090675651,1.650760799,1.945524538,2.956189837,2.909874458,2.585601014,1.052754192,-0.934869543,0.404277058,-0.096843373,-0.829591429,0.543227951,0.463234245,1.250704679,1.890781155,1.911854533,1.705520035,0.433738808,0.442141446,0.800095595,0.530589711,1.259097805,1.314262291,0.556698093,0.270348091,-0.016001912,-0.159176913,36.22213357,32.9606436,26.43766367,19.91468373,9.493073045,2.547723944,3.040418154,3.427830287,4.105812965,6.405067147,10.55299041,16.01056701,22.95888272,31.0062888,38.31253567,44.95343236,49.14347086,48.00647746,43.3195236,35.75639898,26.14247468,17.51393345,11.06254161,7.099918712,4.543785392,2.585618453,1.82760422,1.574943245,0.93486122,1.865490802,3.204630666,1.688654119,1.0611925,0.90959544,0.037904417,0.648513992,0.273730389,0.699046742,0.724315297,-1.162270682,-0.012651716,0.812736214,0.623245437,2.328744467,2.55193101,2.20661629,1.385455639,-0.353735193,0.298974768,1.141194926,0.425308029,0.298983091,0.39583439,0.960122641,0.252671675,-0.640081232,1.082250025,1.591792515,0.741160207,0.686421184,1.158056878,0.808533508,-1.907631218,-1.090675651,1.650760799,1.945524538,2.956189837,2.909874458,2.585601014,1.052754192,-0.934869543,0.404277058,-0.096843373,-0.829591429,0.543227951,0.463234245,1.250704679,1.890781155,1.911854533,1.705520035,0.433738808,0.442141446,0.800095595,0.530589711,1.259097805,1.314262291,0.556698093,0.270348091,-0.016001912,-0.159176913]}

Slot 6:
Outcome check: Positive
Index Rising data : 4.000000
Index Break data : 0.000000
Index Transition time: 4.000000
{"outcome":{"outcome":"Positive","transition_time":{"x":4,"y":5.734734605,"i":12},"plateau_point":{"x":7.666666667,"y":131.2385998,"i":23},"increase":125.5038652,"suspect_score":0,"arm_width":3.333333333,"window_rate":32.04779406,"rise_width":3.666666667,"shape_flag":0,"climbs_fixed":0,"climb_first_i":-1},"peak_features":{"main_peak":{"x":5.666666667,"y":47.25022591,"i":17},"left_arm":{"x":4,"y":16.63425218,"i":12},"right_arm":{"x":7.333333333,"y":19.09679601,"i":22}},"time_data":[0,0.333333333,0.666666667,1,1.333333333,1.666666667,2,2.333333333,2.666666667,3,3.333333333,3.666666667,4,4.333333333,4.666666667,5,5.333333333,5.666666667,6,6.333333333,6.666666667,7,7.333333333,7.666666667,8,8.333333333,8.666666667,9,9.333333333,9.666666667,10,10.33333333,10.66666667,11,11.33333333,11.66666667,12,12.33333333,12.66666667,13,13.33333333,13.66666667,14,14.33333333,14.66666667,15,15.33333333,15.66666667,16,16.33333333,16.66666667,17,17.33333333,17.66666667,18,18.33333333,18.66666667,19,19.33333333,19.66666667,20,20.33333333,20.66666667,21,21.33333333,21.66666667,22,22.33333333,22.66666667,23,23.33333333,23.66666667,24,24.33333333,24.66666667,25,25.33333333,25.66666667,26,26.33333333,26.66666667,27,27.33333333,27.66666667,28,28.33333333,28.66666667,29,29.33333333,29.66666667],"raw_data":[337.9231,358.5771,368.3304,374.0677,376.3626,376.3626,381.5261,379.8049,384.3947,382.0998,382.0998,385.5422,389.5582,395.2955,405.6225,418.2444,432.0138,446.9306,466.4372,477.3379,492.8285,503.1555,509.4664,515.2037,515.7774,519.2197,522.662,519.2197,522.0883,524.3832,523.2358,522.0883,524.3832,526.6782,524.957,526.1044,523.8095,524.957,528.3993,523.8095,527.2518,526.1044,524.3832,527.2518,525.5307,524.3832,526.1044,528.973,526.6782,528.973,527.8256,531.2679,527.2518,529.5468,528.973,530.1205,530.1205,530.6942,532.4153,531.8416,530.6942,532.9891,530.6942,532.9891,534.7103,532.4153,534.1365,535.8577,532.9891,534.7103,534.1365,534.7103,536.4315,536.4315,534.1365,535.8577,534.7103,534.7103,537.5789,537.5789,537.5789,539.8738,539.3,537.5789,536.4315,540.4475,539.8738,538.7263,537.5789,538.1526],"processed_data":[-40.29726415,-28.91842106,-19.46564795,-11.93894482,-6.338311662,-4.71648298,-3.315701175,-2.558187377,-1.818055388,-1.005899801,-0.449560917,1.86272229,5.734734605,12.95222374,22.22369239,34.68913395,48.91548731,64.57987758,80.41563792,95.19088177,108.4163233,118.5074024,125.3697351,131.2385998,133.9259109,135.5402806,137.0180471,138.1307188,138.8609059,138.9006427,139.5215621,140.549797,141.0763431,141.2750376,141.4315151,142.2362187,141.8164755,141.7965928,142.3777664,142.2063953,142.6435166,142.5665238,142.0027373,142.0126773,141.9754234,142.3032668,143.0409192,143.0856231,144.4640479,145.0675709,145.2588068,145.1669095,145.6089956,145.5667785,145.7381581,145.9815552,147.1513534,147.2755325,147.9908183,148.0106867,148.0404885,148.4776154,148.5744819,148.956961,149.9081978,150.1267608,150.7427046,150.6259771,150.4744725,150.9140842,151.266767,151.3462448,152.0093878,152.0019367,151.7411557,151.6020658,151.6517292,151.9969467,153.0400774,153.9937969,155.0220252,154.9226835,154.7513216,155.0444,155.2679327,155.0419164,154.9435604,154.8588625,154.7878226,154.7304406],"differential_data":[34.13652926,31.2474243,25.46921436,19.69100443,10.83369275,4.53391573,3.237443404,2.24646868,2.328431365,2.052741707,4.302933136,9.276443283,16.63425218,24.73343668,32.60536531,40.03769238,44.83611545,47.25022591,45.91650628,42.00102809,34.97478099,25.43011772,19.09679601,12.83426359,6.452521188,4.638204401,3.885657372,2.764288172,1.154885825,0.990984235,2.473731499,2.332171552,1.0878609,0.532758044,1.441771668,0.577440534,-0.659438889,0.841936384,0.614703686,0.398625361,0.540192839,-0.961168958,-0.830769725,-0.040970839,0.435884154,1.598243614,1.173534443,2.134693096,2.972921793,1.192138276,0.149007822,0.525283219,0.599803578,0.193743817,0.622165036,2.119792988,1.940965925,1.259197285,1.102731284,0.074505298,0.700393082,0.800990117,0.719018317,2.000573889,1.754699707,1.251760111,0.748824479,-0.40234811,0.432160613,1.188441685,0.648240919,1.113931235,0.983537946,-0.40234811,-0.599806352,-0.134139816,0.592321222,2.082522306,2.995275324,2.972921793,1.393329967,-0.406055401,0.18257478,0.774916612,-0.003725523,-0.486558434,-0.274580799,-0.233606789,-0.192632779,-0.172145774,34.13652926,31.2474243,25.46921436,19.69100443,10.83369275,4.53391573,3.237443404,2.24646868,2.328431365,2.052741707,4.302933136,9.276443283,16.63425218,24.73343668,32.60536531,40.03769238,44.83611545,47.25022591,45.91650628,42.00102809,34.97478099,25.43011772,19.09679601,12.83426359,6.452521188,4.638204401,3.885657372,2.764288172,1.154885825,0.990984235,2.473731499,2.332171552,1.0878609,0.532758044,1.441771668,0.577440534,-0.659438889,0.841936384,0.614703686,0.398625361,0.540192839,-0.961168958,-0.830769725,-0.040970839,0.435884154,1.598243614,1.173534443,2.134693096,2.972921793,1.192138276,0.149007822,0.525283219,0.599803578,0.193743817,0.622165036,2.119792988,1.940965925,1.259197285,1.102731284,0.074505298,0.700393082,0.800990117,0.719018317,2.000573889,1.754699707,1.251760111,0.748824479,-0.40234811,0.432160613,1.188441685,0.648240919,1.113931235,0.983537946,-0.40234811,-0.599806352,-0.134139816,0.592321222,2.082522306,2.995275324,2.972921793,1.393329967,-0.406055401,0.18257478,0.774916612,-0.003725523,-0.486558434,-0.274580799,-0.233606789,-0.192632779,-0.172145774]}

Slot 7:
Outcome check: Positive
Index Rising data : 4.000000
Index Break data : 0.000000
Index Transition time: 3.333333
{"outcome":{"outcome":"Positive","transition_time":{"x":3.333333333,"y":2.187216622,"i":10},"plateau_point":{"x":10.33333333,"y":115.2178691,"i":31},"increase":113.0306525,"suspect_score":2,"arm_width":5.666666667,"window_rate":19.18536222,"rise_width":6.333333333,"shape_flag":0,"climbs_fixed":0,"climb_first_i":-1},"peak_features":{"main_peak":{"x":7.666666667,"y":22.94210835,"i":23},"left_arm":{"x":4.333333333,"y":11.46905557,"i":13},"right_arm":{"x":10,"y":9.690053965,"i":30}},"time_data":[0,0.333333333,0.666666667,1,1.333333333,1.666666667,2,2.333333333,2.666666667,3,3.333333333,3.666666667,4,4.333333333,4.666666667,5,5.333333333,5.666666667,6,6.333333333,6.666666667,7,7.333333333,7.666666667,8,8.333333333,8.666666667,9,9.333333333,9.666666667,10,10.33333333,10.66666667,11,11.33333333,11.66666667,12,12.33333333,12.66666667,13,13.33333333,13.66666667,14,14.33333333,14.66666667,15,15.33333333,15.66666667,16,16.33333333,16.66666667,17,17.33333333,17.66666667,18,18.33333333,18.66666667,19,19.33333333,19.66666667,20,20.33333333,20.66666667,21,21.33333333,21.66666667,22,22.33333333,22.66666667,23,23.33333333,23.66666667,24,24.33333333,24.66666667,25,25.33333333,25.66666667,26,26.33333333,26.66666667,27,27.33333333,27.66666667,28,28.33333333,28.66666667,29,29.33333333,29.66666667],"raw_data":[341.9913,359.9258,372.9128,378.4787,383.4261,384.0445,382.8077,385.8998,389.6104,388.3735,393.9394,393.9394,400.1237,403.2159,406.9264,411.8738,414.3476,425.4793,429.1898,435.3741,437.8479,448.3612,453.927,464.4403,472.4799,474.9536,482.9932,489.1775,494.1249,499.0724,503.4014,506.4935,508.9672,508.9672,512.0594,515.1516,518.8621,518.2437,518.2437,518.2437,521.3358,523.8095,526.2833,525.0464,526.2833,527.5201,523.8095,526.9017,525.6648,525.6648,525.0464,528.757,525.6648,527.5201,527.5201,528.1385,530.6122,527.5201,528.757,528.757,529.3754,529.9938,529.9938,531.8491,533.7044,531.2307,532.4675,532.4675,533.0859,533.7044,536.1781,533.0859,533.7044,533.7044,531.8491,531.8491,536.7966,536.1781,535.5597,535.5597,535.5597,534.3228,537.415,536.7966,537.415,538.0334,534.9413,538.6519,539.8887,539.2703],"processed_data":[-44.61261856,-32.35647241,-22.20325432,-14.1529643,-8.20560234,-6.224489286,-5.635510994,-4.240697687,-3.102893912,-0.765716553,2.187216622,4.966138699,8.497345367,12.02319679,16.14338242,21.2916022,26.71021446,32.01638424,37.9409897,43.70228887,50.15965581,57.01860581,64.58700469,72.1580763,79.88174359,86.32304336,92.63048418,98.01162059,103.347245,108.7578331,112.3586409,115.2178691,117.5256023,119.9645272,122.2776183,124.422044,125.9640955,127.3455176,128.1807861,129.4229945,130.6464675,132.3893258,134.4534368,135.3128097,135.588557,135.4894988,135.3101162,134.9647579,135.1093261,135.1307495,135.7465004,135.7277533,136.0597281,136.9351698,137.3902881,137.4679285,138.0676235,138.0622659,138.2523442,138.1934447,138.236288,139.5454413,140.166547,140.8733225,141.3364747,141.6657535,141.7460655,142.2413444,142.6081149,143.3041865,143.6227721,143.5852968,142.65632,142.2949068,142.3671973,143.2667331,143.9119289,144.7659503,145.1113025,145.1969673,144.7445248,145.0470547,145.8823298,145.962646,146.1580877,146.6908482,147.1730079,147.6712286,148.1855103,148.7158529],"differential_data":[36.76843844,33.61404635,27.30526216,20.99647797,11.89271252,3.85513702,2.975687399,3.798925623,5.212471702,7.935165802,8.597782878,9.465193117,10.58558714,11.46905557,13.9026081,15.85024806,16.08717307,16.84616287,17.52885695,18.32799916,19.97447541,21.64102331,22.70920573,22.94210835,21.24745059,19.12311088,17.53286585,16.07514121,16.11931878,13.51709381,9.690053965,7.750442109,7.119987191,7.128024015,6.686275135,5.529715798,4.385210508,3.325035987,3.116215297,3.698521998,4.449496975,5.710453975,4.385225767,1.702680315,0.265033672,-0.417661196,-0.787111357,-0.301185112,0.248987371,0.955761402,0.895505831,0.469841499,1.811124727,1.995840097,0.799138057,1.016003101,0.891506046,0.277080982,0.196768228,-0.024084314,2.027994924,2.895388517,1.991821685,1.754891532,1.188646589,0.614386224,0.863386278,1.293074174,1.59426325,1.521985735,0.42166534,-1.449678099,-1.935584923,-0.433684114,1.457739496,2.317097453,2.248825668,1.799060376,0.646525594,-0.550166539,-0.224868973,1.706707447,1.373386928,0.413636839,1.092303388,1.522380403,1.470570592,1.518753488,1.566936384,1.591027832,36.76843844,33.61404635,27.30526216,20.99647797,11.89271252,3.85513702,2.975687399,3.798925623,5.212471702,7.935165802,8.597782878,9.465193117,10.58558714,11.46905557,13.9026081,15.85024806,16.08717307,16.84616287,17.52885695,18.32799916,19.97447541,21.64102331,22.70920573,22.94210835,21.24745059,19.12311088,17.53286585,16.07514121,16.11931878,13.51709381,9.690053965,7.750442109,7.119987191,7.128024015,6.686275135,5.529715798,4.385210508,3.325035987,3.116215297,3.698521998,4.449496975,5.710453975,4.385225767,1.702680315,0.265033672,-0.417661196,-0.787111357,-0.301185112,0.248987371,0.955761402,0.895505831,0.469841499,1.811124727,1.995840097,0.799138057,1.016003101,0.891506046,0.277080982,0.196768228,-0.024084314,2.027994924,2.895388517,1.991821685,1.754891532,1.188646589,0.614386224,0.863386278,1.293074174,1.59426325,1.521985735,0.42166534,-1.449678099,-1.935584923,-0.433684114,1.457739496,2.317097453,2.248825668,1.799060376,0.646525594,-0.550166539,-0.224868973,1.706707447,1.373386928,0.413636839,1.092303388,1.522380403,1.470570592,1.518753488,1.566936384,1.591027832]}

Slot 8:
Outcome check: Error
Index Rising data : 4.000000
Index Break data : 0.000000
Index Transition time: 3.000000
{"outcome":{"outcome":"Error","transition_time":{"x":3,"y":-6.256612935,"i":9},"plateau_point":{"x":5.666666667,"y":117.5719678,"i":17},"increase":123.8285808,"suspect_score":0,"arm_width":-1,"window_rate":23.54883595,"rise_width":1.666666667,"shape_flag":0,"climbs_fixed":0,"climb_first_i":-1},"peak_features":{"main_peak":{"x":4.333333333,"y":64.53483918,"i":13},"left_arm":{"x":-1,"y":-1,"i":-1},"right_arm":{"x":5.666666667,"y":20.95075454,"i":17}},"time_data":[0,0.333333333,0.666666667,1,1.333333333,1.666666667,2,2.333333333,2.666666667,3,3.333333333,3.666666667,4,4.333333333,4.666666667,5,5.333333333,5.666666667,6,6.333333333,6.666666667,7,7.333333333,7.666666667,8,8.333333333,8.666666667,9,9.333333333,9.666666667,10,10.33333333,10.66666667,11,11.33333333,11.66666667,12,12.33333333,12.66666667,13,13.33333333,13.66666667,14,14.33333333,14.66666667,15,15.33333333,15.66666667,16,16.33333333,16.66666667,17,17.33333333,17.66666667,18,18.33333333,18.66666667,19,19.33333333,19.66666667,20,20.33333333,20.66666667,21,21.33333333,21.66666667,22,22.33333333,22.66666667,23,23.33333333,23.66666667,24,24.33333333,24.66666667,25,25.33333333,25.66666667,26,26.33333333,26.66666667,27,27.33333333,27.66666667,28,28.33333333,28.66666667,29,29.33333333,29.66666667],"raw_data":[341.5095,357.8617,367.9246,376.1006,378.6164,379.2453,381.1321,379.2453,386.7925,388.6793,394.9686,407.5472,424.5283,448.4277,469.8113,491.8239,505.0315,513.8365,515.0944,517.6101,521.3837,518.868,523.8994,523.2704,519.4969,518.868,523.8994,520.7548,525.7862,522.6415,522.6415,528.9308,523.2704,525.7862,525.7862,527.0441,527.0441,527.673,527.0441,528.3019,527.673,528.3019,526.4151,527.0441,528.9308,530.8176,528.9308,529.5598,530.8176,529.5598,529.5598,532.0755,529.5598,528.3019,531.4466,531.4466,531.4466,532.0755,535.2202,532.7044,532.0755,534.5912,537.1069,532.0755,533.9623,535.8491,535.8491,533.3334,534.5912,533.9623,535.8491,535.8491,535.8491,535.2202,537.1069,538.9937,536.478,538.9937,538.9937,536.478,537.7359,537.1069,538.3648,539.6227,538.3648,537.1069,541.5095,538.9937,539.6227,539.6227],"processed_data":[-49.59510609,-38.54879788,-29.34980277,-21.99812075,-16.49375182,-14.83293832,-13.82283674,-13.02782265,-10.69179558,-6.256612935,2.091012401,15.02085262,32.11905819,53.24133512,75.14228431,94.10549808,108.2196872,117.5719678,122.1868569,124.2288511,125.8923889,126.7309624,126.8235322,127.0168392,126.314402,126.9351628,126.8643776,127.0331848,128.8981919,129.5924565,129.7258624,130.3792935,130.4201344,131.2423776,131.6453296,131.4302428,132.5655942,132.679941,133.1400724,133.0937824,132.8541895,132.5928174,133.0366014,133.297974,133.7499322,134.4632593,135.233768,135.1820268,135.3617219,135.5414121,135.4706245,135.3099982,135.3018393,135.6095123,135.598629,136.2656793,137.5317043,138.0408231,137.9346376,139.0209685,139.3776352,139.2632881,139.2061116,140.1127461,140.2270882,139.9330446,139.5736643,140.1236397,139.971173,140.0065631,140.1916981,140.6681536,141.3488087,141.7381561,142.0703235,142.9524572,143.3526843,143.6058945,143.1838901,142.7918322,143.1621132,143.1866253,143.0259871,143.8291622,144.1014194,144.4744227,144.6990423,144.8487901,144.9236661,144.9236704],"differential_data":[33.13892462,30.36795498,24.8260157,19.28407642,10.74777364,4.006372625,2.707673506,4.696561739,10.15681458,19.17421197,31.91619833,45.04206868,57.33072375,64.53483918,61.29624444,49.61610432,35.19970465,20.95075454,9.98532481,5.558298086,3.75316709,1.396714842,0.428815173,-0.763695259,-0.122514601,0.824963458,0.147032899,3.050721404,3.838907613,1.241505809,1.180255444,1.041407994,1.294626211,1.837792731,0.281797731,1.380396855,1.874547389,0.861717323,0.62076202,-0.428824289,-0.751447405,0.273617831,1.057734898,1.069996227,1.747927975,2.225753586,1.078151158,0.191930994,0.539077957,0.163353858,-0.347120805,-0.253177791,0.449271066,0.445184485,0.984250552,2.899613021,2.662715763,0.604399842,1.470218014,2.164496484,0.363479416,-0.257285378,1.274186964,1.531464812,-0.269552256,-0.980135831,0.285892635,0.596263142,-0.17561479,0.33078756,0.992385666,1.735665854,1.605003852,1.08227222,1.821451559,1.92354118,0.980156044,-0.253191267,-1.221093512,-0.032665302,0.59218964,-0.204189152,0.96380536,1.613148479,0.967890752,0.896434279,0.561551062,0.336935742,0.112320422,0.000012762,33.13892462,30.36795498,24.8260157,19.28407642,10.74777364,4.006372625,2.707673506,4.696561739,10.15681458,19.17421197,31.91619833,45.04206868,57.33072375,64.53483918,61.29624444,49.61610432,35.19970465,20.95075454,9.98532481,5.558298086,3.75316709,1.396714842,0.428815173,-0.763695259,-0.122514601,0.824963458,0.147032899,3.050721404,3.838907613,1.241505809,1.180255444,1.041407994,1.294626211,1.837792731,0.281797731,1.380396855,1.874547389,0.861717323,0.62076202,-0.428824289,-0.751447405,0.273617831,1.057734898,1.069996227,1.747927975,2.225753586,1.078151158,0.191930994,0.539077957,0.163353858,-0.347120805,-0.253177791,0.449271066,0.445184485,0.984250552,2.899613021,2.662715763,0.604399842,1.470218014,2.164496484,0.363479416,-0.257285378,1.274186964,1.531464812,-0.269552256,-0.980135831,0.285892635,0.596263142,-0.17561479,0.33078756,0.992385666,1.735665854,1.605003852,1.08227222,1.821451559,1.92354118,0.980156044,-0.253191267,-1.221093512,-0.032665302,0.59218964,-0.204189152,0.96380536,1.613148479,0.967890752,0.896434279,0.561551062,0.336935742,0.112320422,0.000012762]}

Slot 9:
Outcome check: Error
Index Rising data : 4.000000
Index Break data : 0.000000
Index Transition time: 3.333333
{"outcome":{"outcome":"Error","transition_time":{"x":3.333333333,"y":-1.987149722,"i":10},"plateau_point":{"x":5.666666667,"y":131.5930921,"i":17},"increase":133.5802418,"suspect_score":0,"arm_width":-1,"window_rate":25.34006299,"rise_width":1.666666667,"shape_flag":0,"climbs_fixed":0,"climb_first_i":-1},"peak_features":{"main_peak":{"x":4.333333333,"y":80.3057243,"i":13},"left_arm":{"x":-1,"y":-1,"i":-1},"right_arm":{"x":5.333333333,"y":32.19655619,"i":16}},"time_data":[0,0.333333333,0.666666667,1,1.333333333,1.666666667,2,2.333333333,2.666666667,3,3.333333333,3.666666667,4,4.333333333,4.666666667,5,5.333333333,5.666666667,6,6.333333333,6.666666667,7,7.333333333,7.666666667,8,8.333333333,8.666666667,9,9.333333333,9.666666667,10,10.33333333,10.66666667,11,11.33333333,11.66666667,12,12.33333333,12.66666667,13,13.33333333,13.66666667,14,14.33333333,14.66666667,15,15.33333333,15.66666667,16,16.33333333,16.66666667,17,17.33333333,17.66666667,18,18.33333333,18.66666667,19,19.33333333,19.66666667,20,20.33333333,20.66666667,21,21.33333333,21.66666667,22,22.33333333,22.66666667,23,23.33333333,23.66666667,24,24.33333333,24.66666667,25,25.33333333,25.66666667,26,26.33333333,26.66666667,27,27.33333333,27.66666667,28,28.33333333,28.66666667,29,29.33333333,29.66666667],"raw_data":[340.8037,357.8052,370.9428,376.3524,377.898,380.2164,379.4436,380.2164,380.2164,381.762,388.7171,391.8083,414.9922,445.9042,481.4529,504.6368,514.6832,517.7744,520.0927,519.3199,520.0927,521.6383,523.1839,521.6383,521.6383,522.4111,524.7295,523.9567,526.2751,521.6383,524.7295,526.2751,525.5023,523.9567,525.5023,527.0479,523.1839,527.0479,527.0479,528.5935,530.1391,525.5023,527.8207,527.0479,525.5023,529.3663,527.8207,530.1391,530.1391,530.1391,532.4575,530.9119,531.6847,533.2303,531.6847,534.0031,534.0031,531.6847,531.6847,531.6847,532.4575,532.4575,534.7759,532.4575,531.6847,536.3215,533.2303,532.4575,536.3215,534.0031,534.0031,536.3215,533.2303,534.7759,537.0943,534.7759,537.0943,538.6399,538.6399,537.8671,536.3215,540.9583,537.8671,539.4127,537.0943,540.1855,540.1855,540.1855,540.9583,538.6399],"processed_data":[-43.79247511,-31.60569477,-21.73061575,-14.16723806,-8.915561693,-7.988872974,-8.607782141,-8.1962958,-8.530837947,-7.520515475,-1.987149722,11.30430042,32.93594083,59.60582307,86.47309037,110.1287213,124.8787893,131.5930921,132.6803585,132.7238418,132.9345959,133.2691333,133.3728461,134.0586572,134.2961928,135.1593203,135.3466662,135.7681903,136.219818,136.5945025,136.4305806,136.4874556,137.0260847,137.3572858,137.0160528,136.9324166,137.4007748,138.7556786,139.0902274,139.5518968,140.2945858,139.3478243,139.1437499,138.6452721,138.8225771,139.9098458,140.2310154,141.3718085,142.255002,142.3888222,143.2653267,143.3389264,143.8072888,144.5031376,144.6971758,144.9848828,144.6771024,144.2890321,143.9477946,143.8775458,144.2555751,144.3291687,144.9413848,145.4231356,145.1688861,145.5134697,145.6573204,145.9851695,146.5003599,146.1357063,146.3832693,146.7780431,146.4401567,146.8650394,147.3802448,148.0660665,149.3373376,149.2369731,149.7588551,150.2673588,150.441309,150.1101072,150.2539644,150.6654634,150.9866362,151.1438744,151.2495922,151.4121803,151.6316386,151.9079671],"differential_data":[36.56034102,33.09278903,26.15768506,19.22258109,9.267547627,0.461669327,-0.311134239,0.115416291,1.013670488,9.815532338,28.23722384,52.38463583,72.45228398,80.3057243,75.78434734,57.60854845,32.19655619,11.70235374,1.696124585,0.381356177,0.817937281,0.657375187,1.184285746,1.38502007,1.650994635,1.575710148,0.913305109,1.309727656,1.239468265,0.316143878,-0.160570417,0.893256249,1.304745364,-0.01504794,-0.637303736,0.577083043,2.734893006,2.534178895,1.194327218,1.806537579,-0.306108747,-1.726253757,-1.053828252,-0.481759208,1.896860494,2.112657423,2.192944019,3.035979828,1.525520622,1.515487076,1.425156234,0.812943099,1.746316885,1.334830544,0.722617806,-0.030110149,-1.043776079,-1.093961641,-0.617229511,0.461670715,0.677434352,1.028714663,1.640950389,0.341251918,0.135501218,0.732651351,0.707549652,1.264559263,0.225805109,-0.175635796,0.963505336,0.085331112,0.130494353,1.410132074,1.801540622,2.93563922,1.756359943,0.632276263,1.545578597,1.023680848,-0.235877495,-0.281016957,0.833034367,1.099007743,0.71761649,0.39443403,0.402458845,0.573069545,0.743680246,0.828985596,36.56034102,33.09278903,26.15768506,19.22258109,9.267547627,0.461669327,-0.311134239,0.115416291,1.013670488,9.815532338,28.23722384,52.38463583,72.45228398,80.3057243,75.78434734,57.60854845,32.19655619,11.70235374,1.696124585,0.381356177,0.817937281,0.657375187,1.184285746,1.38502007,1.650994635,1.575710148,0.913305109,1.309727656,1.239468265,0.316143878,-0.160570417,0.893256249,1.304745364,-0.01504794,-0.637303736,0.577083043,2.734893006,2.534178895,1.194327218,1.806537579,-0.306108747,-1.726253757,-1.053828252,-0.481759208,1.896860494,2.112657423,2.192944019,3.035979828,1.525520622,1.515487076,1.425156234,0.812943099,1.746316885,1.334830544,0.722617806,-0.030110149,-1.043776079,-1.093961641,-0.617229511,0.461670715,0.677434352,1.028714663,1.640950389,0.341251918,0.135501218,0.732651351,0.707549652,1.264559263,0.225805109,-0.175635796,0.963505336,0.085331112,0.130494353,1.410132074,1.801540622,2.93563922,1.756359943,0.632276263,1.545578597,1.023680848,-0.235877495,-0.281016957,0.833034367,1.099007743,0.71761649,0.39443403,0.402458845,0.573069545,0.743680246,0.828985596]}

Slot 10:
Outcome check: Positive
Index Rising data : 4.000000
Index Break data : 0.000000
Index Transition time: 3.666667
{"outcome":{"outcome":"Positive","transition_time":{"x":3.666666667,"y":3.154361609,"i":11},"plateau_point":{"x":5.666666667,"y":128.9819716,"i":17},"increase":125.82761,"suspect_score":0,"arm_width":2,"window_rate":30.26864806,"rise_width":2,"shape_flag":0,"climbs_fixed":0,"climb_first_i":-1},"peak_features":{"main_peak":{"x":4.666666667,"y":80.96469493,"i":14},"left_arm":{"x":3.666666667,"y":29.88474006,"i":11},"right_arm":{"x":5.666666667,"y":31.78852111,"i":17}},"time_data":[0,0.333333333,0.666666667,1,1.333333333,1.666666667,2,2.333333333,2.666666667,3,3.333333333,3.666666667,4,4.333333333,4.666666667,5,5.333333333,5.666666667,6,6.333333333,6.666666667,7,7.333333333,7.666666667,8,8.333333333,8.666666667,9,9.333333333,9.666666667,10,10.33333333,10.66666667,11,11.33333333,11.66666667,12,12.33333333,12.66666667,13,13.33333333,13.66666667,14,14.33333333,14.66666667,15,15.33333333,15.66666667,16,16.33333333,16.66666667,17,17.33333333,17.66666667,18,18.33333333,18.66666667,19,19.33333333,19.66666667,20,20.33333333,20.66666667,21,21.33333333,21.66666667,22,22.33333333,22.66666667,23,23.33333333,23.66666667,24,24.33333333,24.66666667,25,25.33333333,25.66666667,26,26.33333333,26.66666667,27,27.33333333,27.66666667,28,28.33333333,28.66666667,29,29.33333333,29.66666667],"raw_data":[338.1866,360.6883,369.2918,371.9391,379.8809,379.2191,381.8663,379.8809,381.8663,382.5281,381.8663,386.499,397.7498,416.9424,448.7094,483.7856,503.64,516.8762,518.1998,517.538,522.1707,520.1853,521.5089,522.1707,524.1562,522.8325,522.8325,522.1707,522.1707,527.4653,526.1416,524.1562,524.818,524.1562,524.818,524.818,526.8034,527.4653,526.8034,526.8034,526.1416,525.4798,526.1416,526.8034,528.7889,528.7889,530.1125,528.7889,530.7743,530.7743,528.7889,531.4361,532.7598,530.1125,530.7743,532.7598,532.7598,533.4216,532.098,534.0834,530.7743,532.7598,531.4361,534.0834,534.7452,532.098,532.098,532.7598,533.4216,534.7452,534.0834,535.407,534.7452,537.3925,538.0543,538.7161,536.7307,537.3925,540.7015,537.3925,537.3925,536.0688,539.3779,538.7161,538.0543,538.0543,538.0543,540.7015,538.0543,540.7015],"processed_data":[-41.24730558,-29.02380861,-19.0321422,-11.27230633,-5.744301007,-4.790256385,-3.578367291,-3.223112164,-4.194343996,-4.111261938,-2.893638446,3.154361609,17.0295216,38.59145814,65.66564069,92.56792143,114.1986149,128.9819716,135.3909623,136.5484208,136.4166291,136.419501,137.3248431,138.109848,138.1041138,138.0095579,138.2416281,138.9034426,139.3217348,140.1382689,140.5451052,140.765713,140.344562,139.648358,140.2099036,141.0092322,141.630931,142.2297075,142.2784104,142.0692649,141.4647476,141.4274976,141.7598481,142.5964287,143.3527919,144.2352118,145.0947081,145.2293646,145.1749194,145.7994884,146.048746,146.2235065,146.2779456,146.6675883,147.4067565,147.312222,147.959712,148.3894616,148.4123839,147.7820754,147.5586011,147.9052578,148.2834343,148.2519278,148.5986003,148.2949163,148.4754176,148.2147013,148.6559041,149.2890533,149.8792373,150.5381869,151.5380698,152.2084845,152.5838021,153.3430342,153.8358165,153.7871162,153.2771466,153.1740004,153.449028,153.3143673,153.0822981,153.3687974,153.9246142,154.0248979,154.3351819,154.6483299,154.9643418,155.2832176],"differential_data":[36.67049089,33.32274507,26.62725343,19.93176178,9.723074916,3.248900575,2.350716331,-0.923965058,-1.33222466,1.951058326,10.89843532,29.88474006,53.1556448,72.95417865,80.96469493,72.79946127,54.62107532,31.78852111,11.34967378,1.538500303,-0.193379786,1.362320937,2.535520479,1.168906076,-0.150435014,0.206271481,1.34082705,1.620159991,1.852239435,1.835055661,0.941166073,-0.300814938,-1.676032525,-0.201987527,2.041311289,2.131541066,1.830713049,0.97121915,-0.240663999,-1.220494258,-0.962650844,0.442650733,1.753396567,2.389415791,2.458174668,2.612874217,1.491229169,0.120316939,0.855185769,1.310739889,0.63602715,0.343799542,0.666122635,1.693216299,0.966950652,0.829433293,1.615859391,0.67900779,-0.911079308,-1.280674129,0.184773631,1.087249756,0.520004867,0.472748992,0.06448285,-0.184774027,-0.120322488,0.270729759,1.611527876,1.834999778,1.873700427,2.488248751,2.505446397,1.568598363,1.701824634,1.878021637,0.666123031,-0.838004769,-0.919673771,0.257822012,0.210550283,-0.550094803,0.081645222,1.263474105,0.984150676,0.615851623,0.935148086,0.943739775,0.952331464,0.956627308,36.67049089,33.32274507,26.62725343,19.93176178,9.723074916,3.248900575,2.350716331,-0.923965058,-1.33222466,1.951058326,10.89843532,29.88474006,53.1556448,72.95417865,80.96469493,72.79946127,54.62107532,31.78852111,11.34967378,1.538500303,-0.193379786,1.362320937,2.535520479,1.168906076,-0.150435014,0.206271481,1.34082705,1.620159991,1.852239435,1.835055661,0.941166073,-0.300814938,-1.676032525,-0.201987527,2.041311289,2.131541066,1.830713049,0.97121915,-0.240663999,-1.220494258,-0.962650844,0.442650733,1.753396567,2.389415791,2.458174668,2.612874217,1.491229169,0.120316939,0.855185769,1.310739889,0.63602715,0.343799542,0.666122635,1.693216299,0.966950652,0.829433293,1.615859391,0.67900779,-0.911079308,-1.280674129,0.184773631,1.087249756,0.520004867,0.472748992,0.06448285,-0.184774027,-0.120322488,0.270729759,1.611527876,1.834999778,1.873700427,2.488248751,2.505446397,1.568598363,1.701824634,1.878021637,0.666123031,-0.838004769,-0.919673771,0.257822012,0.210550283,-0.550094803,0.081645222,1.263474105,0.984150676,0.615851623,0.935148086,0.943739775,0.952331464,0.956627308]}

[len] set(90) was=90 APPLIED

>>> {"Slot":[483,526,544,560,565,578,570,580,572,584,586,602,604,614,641,655,682,709,726,748,761,772,781...(372 B)
data received from Serial port

Receive long json data in 1 receiving
{"Slot":[483,526,544,560,565,578,570,580,572,584,586,602,604,614,641,655,682,709,726,748,761,772,781,782,796,804,805,804,804,803,802,797,804,795,806,809,799,797,811,808,811,805,813,810,813,809,809,811,817,818,815,807,813,820,811,816,820,817,818,822,823,825,820,822,813,818,816,816,811,822,822,820,818,825,825,824,828,831,830,824,826,828,828,839,825,833,833,827,821,832]}0
Json data received

>>> {"Slot":[213,345,435,493,538,559,582,594,601,608,625,633,646,663,674,700,725,756,772,795,817,832,839...(372 B)
data received from Serial port

Receive long json data in 1 receiving
{"Slot":[213,345,435,493,538,559,582,594,601,608,625,633,646,663,674,700,725,756,772,795,817,832,839,848,854,858,855,858,867,863,866,865,867,868,868,871,863,868,868,865,868,868,870,871,871,874,866,870,872,880,873,875,872,876,878,878,881,880,875,876,879,880,882,881,881,879,881,882,876,885,887,885,884,884,886,885,882,888,887,886,888,889,888,892,889,890,890,891,890,889]}1
Json data received

>>> {"Slot":[481,528,546,562,567,569,577,575,579,581,583,594,609,623,641,663,689,712,731,754,771,779,790...(372 B)
data received from Serial port

Receive long json data in 1 receiving
{"Slot":[481,528,546,562,567,569,577,575,579,581,583,594,609,623,641,663,689,712,731,754,771,779,790,795,799,797,797,804,806,811,805,806,810,812,813,816,814,812,816,814,818,817,815,821,816,820,819,822,821,823,823,826,825,823,828,827,827,828,830,834,829,828,830,829,831,835,834,836,835,838,838,839,839,840,838,843,840,846,843,841,847,844,847,851,845,851,850,853,851,847]}2
Json data received

>>> {"Slot":[656,657,661,657,667,658,666,660,665,755,766,775,781,802,826,851,877,906,931,950,969,978,989...(437 B)
[dash] heap free=93216 maxAlloc=77812 intFree=93216 intLargest=77812 clients=0 ap=0
data received from Serial port

Receive long json data in 1 receiving
{"Slot":[656,657,661,657,667,658,666,660,665,755,766,775,781,802,826,851,877,906,931,950,969,978,989,997,996,1006,1007,1002,1003,1009,1009,1008,1013,1009,1009,1012,1015,1016,1009,1011,1018,1020,1021,1022,1009,1017,1017,1016,1020,1018,1018,1020,1022,1024,1021,1016,1019,1023,1024,1024,1025,1025,1027,1023,1022,1031,1031,1028,1028,1026,1027,1031,1032,1028,1028,1032,1031,1031,1033,1031,1030,1037,1036,1030,1039,1039,1038,1031,1037,1035]}3
Json data received

>>> {"Slot":[582,584,585,587,590,592,593,593,602,680,690,703,721,740,764,787,813,834,849,861,878,884,886...(372 B)
data received from Serial port
[stack]
Receive long json data in 1 receiving
{"Slot":[582,584,585,587,590,592,593,593,602,680,690,703,721,740,764,787,813,834,849,861,878,884,886,891,891,897,897,894,899,900,902,906,899,903,905,906,906,904,901,906,907,904,905,910,903,906,908,904,911,906,909,909,907,911,916,911,911,910,909,915,913,914,911,914,916,917,914,918,915,920,917,919,921,920,919,918,925,921,919,917,919,918,923,925,923,919,926,923,927,927]}4 Control=1120/4096
 Sensor=1516/10240 Display=8352/10240 Network=2172/6144 Input=1488/6144 Setting=7016/8192 | unused=23392 B
Json data received

>>> {"Slot":[595,623,642,647,660,661,667,671,665,757,763,771,783,794,815,834,862,883,914,938,964,976,988...(438 B)
data received from Serial port

Receive long json data in 1 receiving
{"Slot":[595,623,642,647,660,661,667,671,665,757,763,771,783,794,815,834,862,883,914,938,964,976,988,997,1002,1009,1011,1015,1011,1014,1017,1016,1021,1015,1018,1021,1019,1022,1024,1019,1019,1025,1018,1026,1022,1024,1020,1027,1030,1029,1024,1027,1026,1029,1027,1025,1026,1032,1032,1025,1029,1032,1034,1033,1036,1029,1031,1030,1032,1034,1032,1039,1040,1042,1040,1039,1040,1036,1041,1039,1041,1042,1041,1044,1041,1044,1046,1047,1047,1045]}5
Json data received

>>> {"Slot":[617,613,619,616,614,617,620,620,626,624,695,706,655,670,686,712,738,767,790,810,826,835,843...(372 B)
data received from Serial port
finish one round maintenance

Receive long json data in 1 receiving
{"Slot":[617,613,619,616,614,617,620,620,626,624,695,706,655,670,686,712,738,767,790,810,826,835,843,852,852,854,861,860,860,860,865,862,867,864,861,866,868,868,869,866,866,869,872,869,871,869,871,870,874,870,872,873,877,880,874,877,877,872,878,878,875,884,873,879,878,880,878,881,880,879,880,882,877,882,879,882,881,883,882,884,884,883,885,888,885,883,884,886,890,892]}6
Json data received

>>> {"Slot":[418,442,463,469,474,477,482,486,495,505,516,532,543,553,572,587,619,655,685,704,715,730,735...(372 B)
data received from Serial port

Receive long json data in 1 receiving
{"Slot":[418,442,463,469,474,477,482,486,495,505,516,532,543,553,572,587,619,655,685,704,715,730,735,738,732,739,740,742,736,745,739,740,742,739,745,743,742,738,738,743,745,741,746,747,747,747,747,745,747,753,745,744,749,750,753,750,749,753,755,751,751,752,757,752,757,752,759,760,756,759,758,756,759,756,762,758,759,761,759,761,759,760,758,760,764,763,764,767,765,764]}7
Json data received

>>> {"Slot":[441,467,479,483,485,491,491,495,491,555,557,562,561,565,571,580,587,604,619,640,663,680,698...(372 B)
data received from Serial port

Receive long json data in 1 receiving
{"Slot":[441,467,479,483,485,491,491,495,491,555,557,562,561,565,571,580,587,604,619,640,663,680,698,715,724,736,741,749,752,751,752,755,753,752,756,756,755,759,761,757,757,755,758,759,755,755,761,762,762,760,762,760,764,764,762,763,762,759,766,766,766,765,763,763,765,769,766,767,769,766,763,768,765,772,772,766,773,769,771,774,769,770,770,771,771,772,772,774,773,775]}8
Json data received

>>> {"Slot":[239,367,465,532,575,614,633,652,663,673,681,683,690,691,694,697,692,694,694,697,692,695,692...(372 B)
[dash] heap free=98392 maxAlloc=81908 intFree=98392 intLargest=81908 clients=0 ap=0
data received from Serial port

Receive long json data in 1 receiving
{"Slot":[239,367,465,532,575,614,633,652,663,673,681,683,690,691,694,697,692,694,694,697,692,695,692,698,695,696,698,697,696,696,691,693,694,695,695,696,694,696,698,697,698,694,693,693,693,703,693,698,697,698,694,697,694,695,694,692,697,694,694,693,690,701,696,697,693,693,697,694,695,690,697,695,696,693,696,700,695,692,695,696,698,693,693,693,697,695,695,694,695,691]}9
Json data received

>>> getResult
data received from Serial port
getResult
<AmpStart/>
<AmpStart>
{"calibration":{"slopes":[1.508,1.622,1.504,1.73,1.542,1.743,1.617,1.59,1.294,1.511],"origins":[0,0,0,0,0,0,0,0,0,0]},"led_power":[150,150,150,150,150,150,150,150,150,150],"units":"nM FAM","device_id":"RPL01015","slots":10,"amplification_time":30,"reading_interval":0.333333,"software_version":"v2.4.5AT1"}
Amplification Time[min],Sensor 1 Fluorescence[nM FAM],Sensor 2 Fluorescence[nM FAM],Sensor 3 Fluorescence[nM FAM],Sensor 4 Fluorescence[nM FAM],Sensor 5 Fluorescence[nM FAM],Temperature[C]
0.00,320.29,131.32,319.81,379.19,377.43,341.37,381.57,262.89,340.80,158.17,65.80
0.33,348.81,212.70,351.06,379.77,378.73,357.43,379.10,277.99,360.90,242.89,65.80
0.67,360.74,268.19,363.03,382.08,379.38,368.33,382.81,291.19,370.17,307.74,65.80
1.00,371.35,303.95,373.67,379.77,380.67,371.20,380.95,294.97,373.26,352.08,65.80
1.33,374.67,331.69,376.99,385.55,382.62,378.66,379.72,298.11,374.81,380.54,65.80
1.67,383.29,344.64,378.32,380.35,383.92,379.23,381.57,300.00,379.44,406.35,65.80
2.00,377.98,358.82,383.64,384.97,384.57,382.67,383.43,303.14,379.44,418.93,65.80
2.33,384.62,366.21,382.31,381.50,384.57,384.97,383.43,305.66,382.53,431.50,65.80
2.67,379.31,370.53,384.97,384.39,390.40,381.53,387.14,311.32,379.44,438.78,65.80
3.00,387.27,374.85,386.30,436.42,440.99,434.31,385.90,317.61,428.90,445.40,65.80
3.33,388.59,385.33,387.63,442.77,447.47,437.75,429.81,324.53,430.45,450.69,65.80
3.67,399.20,390.26,394.95,447.98,455.90,442.34,436.61,334.59,434.31,452.02,65.80
4.00,400.53,398.27,404.92,451.45,467.57,449.23,405.07,341.51,433.54,456.65,65.80
4.33,407.16,408.75,414.23,463.58,479.90,455.54,414.35,347.80,436.63,457.31,65.80
4.67,425.07,415.54,426.20,477.46,495.46,467.58,424.24,359.75,441.27,459.30,65.80
5.00,434.35,431.57,440.82,491.91,510.38,478.49,440.32,369.18,448.22,461.28,65.80
5.33,452.25,446.98,458.11,506.94,527.24,494.55,456.40,389.31,453.63,457.97,65.80
5.67,470.16,466.09,473.40,523.70,540.86,506.60,474.34,411.95,466.77,459.30,65.80
6.00,481.43,475.96,486.04,538.15,550.58,524.38,488.56,430.82,478.36,459.30,65.80
6.33,496.02,490.14,501.33,549.13,558.37,538.15,500.93,442.77,494.59,461.28,65.80
6.67,504.64,503.70,512.63,560.12,569.39,553.07,510.82,449.69,512.36,457.97,65.80
7.00,511.94,512.95,517.95,565.32,573.28,559.95,516.39,459.12,525.50,459.96,65.80
7.33,517.90,517.26,525.27,571.68,574.58,566.84,521.34,462.26,539.41,457.97,65.80
7.67,518.57,522.81,528.59,576.30,577.82,572.00,526.90,464.15,552.55,461.95,65.80
8.00,527.85,526.51,531.25,575.72,577.82,574.87,526.90,460.38,559.51,459.96,65.80
8.33,533.16,528.98,529.92,581.50,581.71,578.89,528.14,464.78,568.78,460.62,65.80
8.67,533.82,527.13,529.92,582.08,581.71,580.03,532.47,465.41,572.64,461.95,65.80
9.00,533.16,528.98,534.57,579.19,579.77,582.33,531.85,466.67,578.83,461.28,65.80
9.33,533.16,534.53,535.90,579.77,583.01,580.03,531.85,462.89,581.14,460.62,65.80
9.67,532.49,532.06,539.23,583.24,583.66,581.76,531.85,468.55,580.37,460.62,65.80
10.00,531.83,533.91,535.24,583.24,584.95,583.48,534.94,464.78,581.14,457.31,65.80
10.33,528.51,533.29,535.90,582.66,587.55,582.90,533.09,465.41,583.46,458.64,65.80
10.67,533.16,534.53,538.56,585.55,583.01,585.77,536.18,466.67,581.92,459.30,65.80
11.00,527.19,535.14,539.89,583.24,585.60,582.33,534.32,464.78,581.14,459.96,65.80
11.33,534.48,535.14,540.56,583.24,586.90,584.05,532.47,468.55,584.23,459.96,65.80
11.67,536.47,536.99,542.55,584.97,587.55,585.77,535.56,467.30,584.23,460.62,65.80
12.00,529.84,532.06,541.22,586.71,587.55,584.62,536.80,466.67,583.46,459.30,65.80
12.33,528.51,535.14,539.89,587.28,586.25,586.35,536.80,464.15,586.55,460.62,65.80
12.67,537.80,535.14,542.55,583.24,584.31,587.49,537.41,464.15,588.10,461.95,65.80
13.00,535.81,533.29,541.22,584.39,587.55,584.62,535.56,467.30,585.01,461.28,65.80
13.33,537.80,535.14,543.88,588.44,588.20,584.62,535.56,468.55,585.01,461.95,65.80
13.67,533.82,535.14,543.22,589.60,586.25,588.07,537.41,466.04,583.46,459.30,65.80
14.00,539.12,536.37,541.89,590.17,586.90,584.05,539.27,469.18,585.78,458.64,65.80
14.33,537.14,536.99,545.88,590.75,590.14,588.64,537.41,469.81,586.55,458.64,65.80
14.67,539.12,536.99,542.55,583.24,585.60,586.35,538.65,469.81,583.46,458.64,65.80
15.00,536.47,538.84,545.21,587.86,587.55,587.49,537.41,469.81,583.46,465.25,65.80
15.33,536.47,533.91,544.55,587.86,588.85,585.20,538.65,469.81,588.10,458.64,65.80
15.67,537.80,536.37,546.54,587.28,586.25,589.21,538.03,468.55,588.87,461.95,65.80
16.00,541.78,537.61,545.88,589.60,590.79,590.94,540.51,469.81,588.87,461.28,65.80
16.33,542.44,542.54,547.21,588.44,587.55,590.36,538.03,473.58,587.33,461.95,65.80
16.67,540.45,538.22,547.21,588.44,589.49,587.49,539.27,468.55,588.87,459.30,65.80
17.00,535.15,539.46,549.20,589.60,589.49,589.21,539.89,467.92,587.33,461.28,65.80
17.33,539.12,537.61,548.54,590.75,588.20,588.64,542.36,471.07,590.42,459.30,65.80
17.67,543.77,540.07,547.21,591.91,590.79,590.36,544.22,471.70,590.42,459.96,65.80
18.00,537.80,541.31,550.53,590.17,594.03,589.21,540.51,473.58,588.87,459.30,65.80
18.33,541.11,541.31,549.87,587.28,590.79,588.07,542.36,471.70,589.64,457.97,65.80
18.67,543.77,543.16,549.87,589.02,590.79,588.64,542.36,471.07,588.87,461.28,65.80
19.00,541.78,542.54,550.53,591.33,590.14,592.08,539.27,473.58,586.55,459.30,65.80
19.33,542.44,539.46,551.86,591.91,589.49,592.08,542.98,474.84,591.96,459.30,65.80
19.67,545.09,540.07,554.52,591.91,593.39,588.07,542.98,472.33,591.96,458.64,65.80
20.00,545.76,541.92,551.20,592.49,592.09,590.36,541.13,472.33,591.96,456.65,65.80
20.33,547.08,542.54,550.53,592.49,592.74,592.08,546.69,472.96,591.19,463.93,65.80
20.67,543.77,543.77,551.86,593.64,590.79,593.23,539.89,476.10,589.64,460.62,65.80
21.00,545.09,543.16,551.20,591.33,592.74,592.66,543.60,472.96,589.64,461.28,65.80
21.33,539.12,543.16,552.53,590.75,594.03,594.38,542.98,476.10,591.19,458.64,65.80
21.67,542.44,541.92,555.19,595.95,594.68,590.36,544.22,472.96,594.28,458.64,65.80
22.00,541.11,543.16,554.52,595.95,592.74,591.51,542.98,477.36,591.96,461.28,65.80
22.33,541.11,543.77,555.85,594.22,595.33,590.94,544.84,477.99,592.74,459.30,65.80
22.67,537.80,540.07,555.19,594.22,593.39,592.08,544.22,475.47,594.28,459.96,65.80
23.00,545.09,545.62,557.18,593.06,596.63,593.23,543.60,477.36,591.96,456.65,65.80
23.33,545.09,546.86,557.18,593.64,594.68,592.08,544.22,476.73,589.64,461.28,65.80
23.67,543.77,545.62,557.85,595.95,595.98,596.10,545.45,475.47,593.51,459.96,65.80
24.00,542.44,545.01,557.85,596.53,597.28,596.67,542.36,477.36,591.19,460.62,65.80
24.33,547.08,545.01,558.51,594.22,596.63,597.82,545.45,475.47,596.60,458.64,65.80
24.67,547.08,546.24,557.18,594.22,595.98,596.67,543.60,479.25,596.60,460.62,65.80
25.00,546.42,545.62,560.51,596.53,595.33,596.10,545.45,476.73,591.96,463.27,65.80
25.33,549.07,543.77,558.51,595.95,599.87,596.67,544.84,477.36,597.37,459.96,65.80
25.67,551.06,547.47,562.50,595.95,597.28,594.38,546.07,478.62,594.28,457.97,65.80
26.00,550.40,546.86,560.51,597.11,595.98,597.25,545.45,477.36,595.83,459.96,65.80
26.33,546.42,546.24,559.18,595.95,594.68,596.10,546.69,478.62,598.15,460.62,65.80
26.67,547.75,547.47,563.16,595.38,595.98,597.25,546.69,477.36,594.28,461.95,65.80
27.00,549.07,548.09,561.17,599.42,595.33,597.82,546.07,477.99,595.05,458.64,65.80
27.33,549.07,547.47,563.16,598.84,598.57,597.25,547.31,476.73,595.05,458.64,65.80
27.67,556.37,549.94,565.82,595.38,599.87,598.97,549.17,477.99,595.83,458.64,65.80
28.00,547.08,548.09,561.84,600.58,598.57,597.25,547.31,480.50,595.83,461.28,65.80
28.33,552.39,548.71,565.82,600.58,595.98,598.97,546.07,479.87,596.60,459.96,65.80
28.67,552.39,548.71,565.16,600.00,600.52,600.11,546.69,480.50,596.60,459.96,65.80
29.00,548.41,549.32,567.15,595.95,598.57,600.69,547.93,482.39,598.15,459.30,65.80
29.33,544.43,548.71,565.82,599.42,601.17,600.69,550.40,481.13,597.37,459.96,65.80
29.67,551.72,548.09,563.16,598.27,601.17,599.54,551.64,480.50,598.92,457.31,65.80
load algo para from flash
Slot 1:
Outcome check: Positive
Index Rising data : 4.000000
Index Break data : 0.000000
Index Transition time: 3.666667
{"outcome":{"outcome":"Positive","transition_time":{"x":3.666666667,"y":6.639900108,"i":11},"plateau_point":{"x":7.333333333,"y":129.3562543,"i":22},"increase":122.7163542,"suspect_score":0,"arm_width":2.666666667,"window_rate":31.2159085,"rise_width":3.666666667,"shape_flag":0,"climbs_fixed":0,"climb_first_i":-1},"peak_features":{"main_peak":{"x":5.333333333,"y":48.00371383,"i":16},"left_arm":{"x":4,"y":23.81670033,"i":12},"right_arm":{"x":6.666666667,"y":23.79946959,"i":20}},"time_data":[0,0.333333333,0.666666667,1,1.333333333,1.666666667,2,2.333333333,2.666666667,3,3.333333333,3.666666667,4,4.333333333,4.666666667,5,5.333333333,5.666666667,6,6.333333333,6.666666667,7,7.333333333,7.666666667,8,8.333333333,8.666666667,9,9.333333333,9.666666667,10,10.33333333,10.66666667,11,11.33333333,11.66666667,12,12.33333333,12.66666667,13,13.33333333,13.66666667,14,14.33333333,14.66666667,15,15.33333333,15.66666667,16,16.33333333,16.66666667,17,17.33333333,17.66666667,18,18.33333333,18.66666667,19,19.33333333,19.66666667,20,20.33333333,20.66666667,21,21.33333333,21.66666667,22,22.33333333,22.66666667,23,23.33333333,23.66666667,24,24.33333333,24.66666667,25,25.33333333,25.66666667,26,26.33333333,26.66666667,27,27.33333333,27.66666667,28,28.33333333,28.66666667,29,29.33333333,29.66666667],"raw_data":[320.2918,348.8064,360.7427,371.3528,374.6684,383.2891,377.9841,384.6154,379.3103,387.2679,388.5941,399.2043,400.5305,407.1618,425.0663,434.3501,452.2546,470.1591,481.4323,496.0212,504.6419,511.9363,517.9045,518.5676,527.8514,533.1565,533.8196,533.1565,533.1565,532.4933,531.8303,528.5146,533.1565,527.1883,534.4827,536.4722,529.8408,528.5146,537.7984,535.809,537.7984,533.8196,539.1246,537.1353,539.1246,536.4722,536.4722,537.7984,541.7772,542.4403,540.4509,535.1459,539.1246,543.7666,537.7984,541.1141,543.7666,541.7772,542.4403,545.0928,545.756,547.0822,543.7666,545.0928,539.1246,542.4403,541.1141,541.1141,537.7984,545.0928,545.0928,543.7666,542.4403,547.0822,547.0822,546.4191,549.0716,551.061,550.3979,546.4191,547.7454,549.0716,549.0716,556.366,547.0822,552.3873,552.3873,548.4085,544.4297,551.7241],"processed_data":[-62.67066817,-44.73802786,-30.0722355,-18.67329109,-10.54119464,-8.807299329,-7.013114236,-6.648537904,-4.521351075,-2.135806922,1.53006827,6.639900108,14.1553745,22.51770033,34.64063914,47.99796774,64.23460461,80.00044363,93.78838173,106.9619878,115.8439088,122.8283008,129.3562543,134.5148899,139.0190085,142.4581036,144.7977193,146.3306712,144.8752326,144.2609059,142.8198146,142.1050046,142.9231529,143.703977,143.2360479,143.9939135,144.1690313,145.9172882,145.4637244,146.6148675,148.411924,149.4740671,148.980304,149.238669,148.854003,149.3936943,149.7094768,151.3055826,151.426151,151.4491002,152.1036193,151.5668038,150.7228255,151.2682658,152.402192,153.4442555,153.5562098,153.966713,155.9761951,156.3895743,157.3024608,157.2507923,156.5503356,155.2212011,154.3198048,152.4997893,152.1926237,152.5371103,153.9552408,153.9351435,154.9484928,156.1742777,157.0728021,156.9292614,158.1837418,160.1157149,161.031466,160.7587546,160.8362669,160.0927606,160.8649756,160.8075592,161.6199609,163.236165,163.8906888,162.6103686,162.2699053,161.7127021,160.938759,159.9480759],"differential_data":[53.79792092,48.897649,39.09710515,29.2965613,14.79898765,5.292120599,3.238142137,3.737644741,6.769096474,9.077129017,13.16356055,18.93795935,23.81670033,30.72789695,38.22040112,44.39094821,48.00371383,44.33066569,40.44231623,33.0832906,23.79946959,20.26851822,17.52988364,14.49413131,11.91482049,8.668066248,5.808851366,0.116269991,-3.104647946,-3.083127108,-3.233851842,0.155007499,2.398458506,0.469342517,0.434904817,1.399475098,2.885062081,1.942039589,1.046368884,4.422299472,4.288799335,0.852569976,-0.353097098,-0.18945154,0.232538,1.283210655,2.867832332,2.575011414,0.215276545,1.016202456,0.176555287,-2.071190772,-0.447807015,2.519049706,3.263984581,1.731026786,0.783686254,3.629977932,3.634292008,1.98939851,1.291826917,-1.1281877,-3.044386827,-3.345796263,-4.08211765,-3.190771722,0.055981525,2.643925654,2.097049862,1.489878072,3.358701235,3.186463988,1.132475618,1.666409579,4.779680128,4.271586232,0.96455958,-0.292798723,-0.998990938,0.043063077,1.072197852,1.132477996,3.642908666,3.406091863,-0.938694545,-2.431175212,-1.346499713,-1.996719519,-2.646939325,-2.972049228,53.79792092,48.897649,39.09710515,29.2965613,14.79898765,5.292120599,3.238142137,3.737644741,6.769096474,9.077129017,13.16356055,18.93795935,23.81670033,30.72789695,38.22040112,44.39094821,48.00371383,44.33066569,40.44231623,33.0832906,23.79946959,20.26851822,17.52988364,14.49413131,11.91482049,8.668066248,5.808851366,0.116269991,-3.104647946,-3.083127108,-3.233851842,0.155007499,2.398458506,0.469342517,0.434904817,1.399475098,2.885062081,1.942039589,1.046368884,4.422299472,4.288799335,0.852569976,-0.353097098,-0.18945154,0.232538,1.283210655,2.867832332,2.575011414,0.215276545,1.016202456,0.176555287,-2.071190772,-0.447807015,2.519049706,3.263984581,1.731026786,0.783686254,3.629977932,3.634292008,1.98939851,1.291826917,-1.1281877,-3.044386827,-3.345796263,-4.08211765,-3.190771722,0.055981525,2.643925654,2.097049862,1.489878072,3.358701235,3.186463988,1.132475618,1.666409579,4.779680128,4.271586232,0.96455958,-0.292798723,-0.998990938,0.043063077,1.072197852,1.132477996,3.642908666,3.406091863,-0.938694545,-2.431175212,-1.346499713,-1.996719519,-2.646939325,-2.972049228]}

Slot 2:
Outcome check: Positive
Index Rising data : 4.000000
Index Break data : 0.000000
Index Transition time: 3.000000
{"outcome":{"outcome":"Positive","transition_time":{"x":3,"y":-0.208186426,"i":9},"plateau_point":{"x":7.333333333,"y":140.9942118,"i":22},"increase":141.2023983,"suspect_score":1,"arm_width":3.666666667,"window_rate":31.79162413,"rise_width":3.666666667,"shape_flag":0,"climbs_fixed":0,"climb_first_i":-1},"peak_features":{"main_peak":{"x":5.666666667,"y":46.57150229,"i":17},"left_arm":{"x":3.666666667,"y":21.94260892,"i":11},"right_arm":{"x":7.333333333,"y":18.41560859,"i":22}},"time_data":[0,0.333333333,0.666666667,1,1.333333333,1.666666667,2,2.333333333,2.666666667,3,3.333333333,3.666666667,4,4.333333333,4.666666667,5,5.333333333,5.666666667,6,6.333333333,6.666666667,7,7.333333333,7.666666667,8,8.333333333,8.666666667,9,9.333333333,9.666666667,10,10.33333333,10.66666667,11,11.33333333,11.66666667,12,12.33333333,12.66666667,13,13.33333333,13.66666667,14,14.33333333,14.66666667,15,15.33333333,15.66666667,16,16.33333333,16.66666667,17,17.33333333,17.66666667,18,18.33333333,18.66666667,19,19.33333333,19.66666667,20,20.33333333,20.66666667,21,21.33333333,21.66666667,22,22.33333333,22.66666667,23,23.33333333,23.66666667,24,24.33333333,24.66666667,25,25.33333333,25.66666667,26,26.33333333,26.66666667,27,27.33333333,27.66666667,28,28.33333333,28.66666667,29,29.33333333,29.66666667],"raw_data":[131.3194,212.7004,268.1874,303.9457,331.6893,344.6363,358.8163,366.2146,370.5302,374.8459,385.3268,390.2589,398.2737,408.7546,415.5364,431.566,446.979,466.0912,475.9556,490.1357,503.6992,512.947,517.2626,522.8113,526.5105,528.9766,527.127,528.9766,534.5253,532.0592,533.9088,533.2922,534.5253,535.1418,535.1418,536.9914,532.0592,535.1418,535.1418,533.2922,535.1418,535.1418,536.3749,536.9914,536.9914,538.8409,533.9088,536.3749,537.6079,542.5401,538.2244,539.4575,537.6079,540.074,541.307,541.307,543.1566,542.5401,539.4575,540.074,541.9236,542.5401,543.7731,543.1566,543.1566,541.9236,543.1566,543.7731,540.074,545.6227,546.8557,545.6227,545.0062,545.0062,546.2392,545.6227,543.7731,547.4723,546.8557,546.2392,547.4723,548.0888,547.4723,549.9384,548.0888,548.7053,548.7053,549.3218,548.7053,548.0888],"processed_data":[-234.5471694,-172.5922336,-120.5323549,-78.36753319,-46.09776854,-29.87067483,-19.64866949,-11.90343155,-6.066483667,-0.208186426,5.890318239,12.51460022,20.51872419,29.63311873,41.12553148,54.7504176,69.2453756,84.57571424,100.2930438,113.413501,124.5055703,133.2383074,140.9942118,145.5153798,147.6852207,149.977833,151.7019618,152.9269997,153.863794,154.8539705,156.0683307,156.3192055,156.8529894,157.2640068,157.1972882,157.4401595,156.9784383,156.6688419,156.4366353,156.4686566,157.3894433,157.4535112,158.67322,159.1883229,159.0095103,158.5504535,159.1242696,159.6046797,160.4427225,160.803032,161.6731016,161.7211324,161.6116953,161.7638171,163.365179,163.9309966,164.1338328,163.6988056,163.3491846,163.4612822,163.6667873,164.5261839,165.2841677,165.3855896,165.6124462,164.8758203,164.4968297,165.0492883,165.8686395,166.754716,167.1630618,167.7795845,168.553575,167.5073547,167.3552366,167.7715918,168.0304736,168.2840242,168.6870372,169.0847138,169.9014064,169.9734718,170.4885855,170.8248707,170.9876681,171.1584778,171.1584778,171.0557251,170.8502197,170.5419617],"differential_data":[185.8648074,171.0222218,141.3370507,111.6518795,72.74528755,39.67364859,26.95086492,20.37327873,17.54286769,17.93520286,19.08417996,21.94260892,25.67777777,30.91021094,37.6759483,42.17976617,44.73794496,46.57150229,43.25668018,36.31878979,29.73720957,24.73296227,18.41560859,10.03651329,6.69367981,6.025111607,4.423750048,3.24274831,2.890456162,3.306805103,2.197852593,1.176988081,1.417201847,0.516448182,0.264229118,-0.328274814,-1.156976477,-0.812704507,-0.300277908,1.429211901,1.477281843,1.925665125,2.602217637,0.504435353,-0.956804152,0.172138957,1.581339254,1.977679364,1.797528552,1.845568768,1.377150498,-0.092109581,0.064027068,2.63022564,3.250769281,1.152980656,-0.348286418,-1.176972228,-0.356285194,0.476403967,1.59735266,2.426070572,1.289108475,0.492417769,-0.764653986,-1.673424659,0.260201987,2.057714685,2.558141535,1.941633348,1.537302785,2.085769851,-0.408344616,-1.797507546,0.396355567,1.012855431,0.768648618,0.984845446,1.201034348,1.821553812,1.333137017,0.880768615,1.27709842,0.748623935,0.5004106,0.256214489,-0.154129028,-0.462387085,-0.770645142,-0.92477417,185.8648074,171.0222218,141.3370507,111.6518795,72.74528755,39.67364859,26.95086492,20.37327873,17.54286769,17.93520286,19.08417996,21.94260892,25.67777777,30.91021094,37.6759483,42.17976617,44.73794496,46.57150229,43.25668018,36.31878979,29.73720957,24.73296227,18.41560859,10.03651329,6.69367981,6.025111607,4.423750048,3.24274831,2.890456162,3.306805103,2.197852593,1.176988081,1.417201847,0.516448182,0.264229118,-0.328274814,-1.156976477,-0.812704507,-0.300277908,1.429211901,1.477281843,1.925665125,2.602217637,0.504435353,-0.956804152,0.172138957,1.581339254,1.977679364,1.797528552,1.845568768,1.377150498,-0.092109581,0.064027068,2.63022564,3.250769281,1.152980656,-0.348286418,-1.176972228,-0.356285194,0.476403967,1.59735266,2.426070572,1.289108475,0.492417769,-0.764653986,-1.673424659,0.260201987,2.057714685,2.558141535,1.941633348,1.537302785,2.085769851,-0.408344616,-1.797507546,0.396355567,1.012855431,0.768648618,0.984845446,1.201034348,1.821553812,1.333137017,0.880768615,1.27709842,0.748623935,0.5004106,0.256214489,-0.154129028,-0.462387085,-0.770645142,-0.92477417]}

Slot 3:
Outcome check: Positive
Index Rising data : 4.000000
Index Break data : 0.000000
Index Transition time: 3.333333
{"outcome":{"outcome":"Positive","transition_time":{"x":3.333333333,"y":0.400137765,"i":10},"plateau_point":{"x":7.333333333,"y":135.9376863,"i":22},"increase":135.5375485,"suspect_score":0,"arm_width":3.333333333,"window_rate":31.57093269,"rise_width":3.333333333,"shape_flag":0,"climbs_fixed":0,"climb_first_i":-1},"peak_features":{"main_peak":{"x":5.333333333,"y":46.72820569,"i":16},"left_arm":{"x":3.666666667,"y":20.72394968,"i":11},"right_arm":{"x":7,"y":21.68245311,"i":21}},"time_data":[0,0.333333333,0.666666667,1,1.333333333,1.666666667,2,2.333333333,2.666666667,3,3.333333333,3.666666667,4,4.333333333,4.666666667,5,5.333333333,5.666666667,6,6.333333333,6.666666667,7,7.333333333,7.666666667,8,8.333333333,8.666666667,9,9.333333333,9.666666667,10,10.33333333,10.66666667,11,11.33333333,11.66666667,12,12.33333333,12.66666667,13,13.33333333,13.66666667,14,14.33333333,14.66666667,15,15.33333333,15.66666667,16,16.33333333,16.66666667,17,17.33333333,17.66666667,18,18.33333333,18.66666667,19,19.33333333,19.66666667,20,20.33333333,20.66666667,21,21.33333333,21.66666667,22,22.33333333,22.66666667,23,23.33333333,23.66666667,24,24.33333333,24.66666667,25,25.33333333,25.66666667,26,26.33333333,26.66666667,27,27.33333333,27.66666667,28,28.33333333,28.66666667,29,29.33333333,29.66666667],"raw_data":[319.8138,351.0638,363.0319,373.6702,376.9947,378.3245,383.6436,382.3138,384.9734,386.3032,387.633,394.9468,404.9202,414.2287,426.1968,440.8245,458.1117,473.4042,486.0372,501.3298,512.6329,517.9521,525.2659,528.5904,531.25,529.9202,529.9202,534.5745,535.9042,539.2287,535.2393,535.9042,538.5638,539.8936,540.5585,542.5532,541.2234,539.8936,542.5532,541.2234,543.8829,543.2181,541.8882,545.8776,542.5532,545.2128,544.5479,546.5425,545.8776,547.2074,547.2074,549.2021,548.5372,547.2074,550.5319,549.867,549.867,550.5319,551.8617,554.5212,551.1968,550.5319,551.8617,551.1968,552.5266,555.1862,554.5212,555.851,555.1862,557.1808,557.1808,557.8457,557.8457,558.5106,557.1808,560.5053,558.5106,562.5,560.5053,559.1755,563.1649,561.1702,563.1649,565.8245,561.8351,565.8245,565.1595,567.1542,565.8245,563.1649],"processed_data":[-62.16836455,-44.66755907,-30.26095535,-18.94855337,-10.73035315,-8.873830556,-6.988527637,-6.363930838,-5.247142049,-3.004926409,0.400137765,6.384175354,14.21610422,25.04437613,38.39981753,52.44317772,67.56303254,83.59531485,98.25462995,111.0948403,121.4827175,129.9939373,135.9376863,138.663457,140.499835,141.8670423,143.4184624,144.8115706,145.8189852,147.1055978,147.9950021,148.1561828,149.0628558,150.1249594,151.3770394,152.1138915,152.0074002,152.2319023,152.6550239,152.5168588,153.5386573,153.9675199,154.1920342,154.520165,154.7878583,155.3635261,156.0514514,156.1780901,157.3178953,157.97415,158.3253075,158.7196332,159.3672603,159.6925195,160.0033758,160.1156316,161.344676,162.3434648,162.3952691,162.8097443,162.7550587,162.3146744,162.2686188,162.4528377,163.7739862,164.6403622,165.4750743,166.3702455,166.9459164,167.2941898,168.1058792,168.1807165,168.8312152,168.6988112,169.418399,170.2157042,170.4517348,171.1569239,171.6260848,171.5454822,172.7342272,172.7601248,173.8279867,174.5187868,175.0368931,176.2170145,176.4150434,176.2777441,175.8051164,174.9971604],"differential_data":[52.50241644,47.86111381,38.57850855,29.29590329,15.11208423,5.612738275,3.764849576,2.612078382,5.038506644,8.470919721,14.08365264,20.72394968,27.99030116,36.27556997,41.0982024,43.74482251,46.72820569,46.03739612,41.24928819,34.84213138,28.3486455,21.68245311,13.00427959,6.843223076,4.805377911,4.377941181,4.416792436,3.600784104,3.441040832,3.264025403,1.5758774,1.601780483,2.95316503,3.471275429,2.983398041,0.945541184,0.177016221,0.971435547,0.427434748,1.325450154,2.175991702,0.980065284,0.828967602,0.893736208,1.265041599,1.895389706,1.221846147,1.899665733,2.694089815,1.511118307,1.118224701,1.562929228,1.45932958,0.954173299,0.634668127,2.011950208,3.341749711,1.575889686,0.699419294,0.539684345,-0.742604838,-0.729659836,0.207244873,2.258051092,3.281286859,2.551632175,2.594824853,2.206263158,1.385916574,1.73994426,1.329789992,1.088003976,0.777142017,0.880775749,2.275339498,1.550003646,1.411829564,1.761524944,0.58283739,1.66221361,1.821964016,1.640639268,2.637992958,1.813359645,2.547341483,2.067225508,0.091094455,-0.914890557,-1.920875569,-2.423868075,52.50241644,47.86111381,38.57850855,29.29590329,15.11208423,5.612738275,3.764849576,2.612078382,5.038506644,8.470919721,14.08365264,20.72394968,27.99030116,36.27556997,41.0982024,43.74482251,46.72820569,46.03739612,41.24928819,34.84213138,28.3486455,21.68245311,13.00427959,6.843223076,4.805377911,4.377941181,4.416792436,3.600784104,3.441040832,3.264025403,1.5758774,1.601780483,2.95316503,3.471275429,2.983398041,0.945541184,0.177016221,0.971435547,0.427434748,1.325450154,2.175991702,0.980065284,0.828967602,0.893736208,1.265041599,1.895389706,1.221846147,1.899665733,2.694089815,1.511118307,1.118224701,1.562929228,1.45932958,0.954173299,0.634668127,2.011950208,3.341749711,1.575889686,0.699419294,0.539684345,-0.742604838,-0.729659836,0.207244873,2.258051092,3.281286859,2.551632175,2.594824853,2.206263158,1.385916574,1.73994426,1.329789992,1.088003976,0.777142017,0.880775749,2.275339498,1.550003646,1.411829564,1.761524944,0.58283739,1.66221361,1.821964016,1.640639268,2.637992958,1.813359645,2.547341483,2.067225508,0.091094455,-0.914890557,-1.920875569,-2.423868075]}

Slot 4: neutralised 1 vertical climb(s)
Slot 4:
Outcome check: Positive
Index Rising data : 4.000000
Index Break data : 0.000000
Index Transition time: 4.000000
{"outcome":{"outcome":"Positive","transition_time":{"x":4,"y":-6.225752067,"i":12},"plateau_point":{"x":7,"y":101.6997179,"i":21},"increase":107.9254699,"suspect_score":0,"arm_width":3,"window_rate":30.03731796,"rise_width":3,"shape_flag":0,"climbs_fixed":0,"climb_first_i":-1},"peak_features":{"main_peak":{"x":5.333333333,"y":48.2748046,"i":16},"left_arm":{"x":4,"y":10.50034243,"i":12},"right_arm":{"x":7,"y":18.2043457,"i":21}},"time_data":[0,0.333333333,0.666666667,1,1.333333333,1.666666667,2,2.333333333,2.666666667,3,3.333333333,3.666666667,4,4.333333333,4.666666667,5,5.333333333,5.666666667,6,6.333333333,6.666666667,7,7.333333333,7.666666667,8,8.333333333,8.666666667,9,9.333333333,9.666666667,10,10.33333333,10.66666667,11,11.33333333,11.66666667,12,12.33333333,12.66666667,13,13.33333333,13.66666667,14,14.33333333,14.66666667,15,15.33333333,15.66666667,16,16.33333333,16.66666667,17,17.33333333,17.66666667,18,18.33333333,18.66666667,19,19.33333333,19.66666667,20,20.33333333,20.66666667,21,21.33333333,21.66666667,22,22.33333333,22.66666667,23,23.33333333,23.66666667,24,24.33333333,24.66666667,25,25.33333333,25.66666667,26,26.33333333,26.66666667,27,27.33333333,27.66666667,28,28.33333333,28.66666667,29,29.33333333,29.66666667],"raw_data":[379.1907,379.7688,382.0809,379.7688,385.5491,380.3468,384.9711,381.5029,384.3931,379.2630081,374.1329498,369.0028915,363.8728,376.0116,389.8844,404.3353,419.3642,436.1272,450.578,461.5607,472.5434,477.7457,484.104,488.7284,488.1503,493.9306,494.5087,491.6185,492.1966,495.6648,495.6648,495.0867,497.9769,495.6648,495.6648,497.3988,499.133,499.711,495.6648,496.8208,500.867,502.0232,502.6012,503.1792,495.6648,500.289,500.289,499.711,502.0232,500.867,500.867,502.0232,503.1792,504.3353,502.6012,499.711,501.4451,503.7572,504.3353,504.3353,504.9133,504.9133,506.0694,503.7572,503.1792,508.3815,508.3815,506.6474,506.6474,505.4914,506.0694,508.3815,508.9596,506.6474,506.6474,508.9596,508.3815,508.3815,509.5376,508.3815,507.8035,511.8497,511.2717,507.8035,513.0057678,513.0057678,512.4277649,508.3815,511.8497,510.6936],"processed_data":[2.453133693,3.44805566,4.312857478,5.047539147,5.652100666,6.508833022,6.932037618,6.774397152,4.731883458,0.785109747,-4.457867709,-6.965813179,-6.225752067,0.034415109,11.32235705,26.68187608,43.46833953,58.86507914,72.78546182,84.80657972,94.89091379,101.6997179,107.0271443,111.3786703,113.9235198,115.3248154,116.0605014,116.7511406,117.2365926,117.566898,118.4602209,119.3235244,119.4911724,119.50869,120.5221219,120.9550221,120.5546513,121.0000563,121.4704957,121.9884789,123.5724471,124.0679136,124.7535469,124.4482699,123.2997032,122.8993285,122.8793089,123.2446321,124.3581604,124.2455603,125.0237897,125.9396476,125.8695782,125.7369612,125.5342653,125.3816129,125.4066395,125.8745767,126.8304676,128.13918,128.4744812,127.806364,127.8238755,128.439441,129.0049682,129.6906054,130.035932,130.2761563,130.1535378,129.8632725,130.1335211,130.3562239,130.7240688,131.1544694,131.136956,131.2020108,131.5798461,131.7174706,131.9852131,132.5432301,132.5382368,132.9060809,133.5516746,134.8328583,134.8929097,134.6176552,134.5478381,134.4154621,134.2205272,133.9630334],"differential_data":[2.984765902,2.789585678,2.39922523,2.008864782,2.191940813,1.919905427,0.398346195,-3.30023124,-8.983931108,-13.78462675,-11.62638439,-2.651826537,10.50034243,26.32216367,39.97119146,48.21897373,48.2748046,43.97568344,38.91225087,33.15817796,25.33970721,18.2043457,14.51842865,10.34456327,5.919217593,3.205472476,2.139487923,1.764136773,1.223635983,1.835442481,2.634939615,1.546427145,0.277748405,1.54642437,2.169498196,0.04879404,0.067551254,1.373766614,1.482633913,3.152927151,3.119152119,1.771649646,0.570534446,-2.180765524,-2.323412214,-0.630591454,0.517955433,2.218277176,1.501392315,0.998444,2.541130958,1.268682703,-0.304029589,-0.502969321,-0.533022398,-0.191438749,0.739445674,2.135742188,3.396904883,2.46602046,-0.499223982,-0.975908552,0.949615479,1.771638945,1.876746636,1.546445772,0.878326416,0.176408644,-0.619325712,-0.030024937,0.739427046,0.885821454,1.197368275,0.619330864,0.07131205,0.664335177,0.773189792,0.608050458,1.238639138,0.829535546,0.54427625,1.520156662,2.890166047,2.01185271,-0.322804637,-0.517607414,-0.303289557,-0.490966321,-0.678643085,-0.772481468,2.984765902,2.789585678,2.39922523,2.008864782,2.191940813,1.919905427,0.398346195,-3.30023124,-8.983931108,-13.78462675,-11.62638439,-2.651826537,10.50034243,26.32216367,39.97119146,48.21897373,48.2748046,43.97568344,38.91225087,33.15817796,25.33970721,18.2043457,14.51842865,10.34456327,5.919217593,3.205472476,2.139487923,1.764136773,1.223635983,1.835442481,2.634939615,1.546427145,0.277748405,1.54642437,2.169498196,0.04879404,0.067551254,1.373766614,1.482633913,3.152927151,3.119152119,1.771649646,0.570534446,-2.180765524,[stack]-2.323412214,-0.630591454,0.517955433,2.218277176,1.501392315, Control=1120/40960.998444,2.541130958,1.268682703,-0.304029589, Sensor=1516/10240-0.502969321,-0.533022398, Display=8352/10240-0.191438749,0.739445674,2.135742188, Network=2172/61443.396904883 Input=1488/6144,2.46602046, Setting=7016/8192- | unused=23392 B
0.499223982,-0.975908552,0.949615479,1.771638945,1.876746636,1.546445772,0.878326416,0.176408644,-0.619325712,-0.030024937,0.739427046,0.885821454,1.197368275,0.619330864,0.07131205,0.664335177,0.773189792,0.608050458,1.238639138,0.829535546,0.54427625,1.520156662,2.890166047,2.01185271,-0.322804637,-0.517607414,-0.303289557,-0.490966321,-0.678643085,-0.772481468]}

Slot 5: neutralised 1 vertical climb(s)
Slot 5:
Outcome check: Positive
Index Rising data : 4.000000
Index Break data : 0.000000
Index Transition time: 4.000000
{"outcome":{"outcome":"Positive","transition_time":{"x":4,"y":-7.900012062,"i":12},"plateau_point":{"x":6.666666667,"y":84.47947026,"i":20},"increase":92.37948232,"suspect_score":0,"arm_width":2.666666667,"window_rate":26.02158017,"rise_width":2.666666667,"shape_flag":0,"climbs_fixed":0,"climb_first_i":-1},"peak_features":{"main_peak":{"x":5,"y":47.86540539,"i":15},"left_arm":{"x":4,"y":9.409683426,"i":12},"right_arm":{"x":6.666666667,"y":17.44234714,"i":20}},"time_data":[0,0.333333333,0.666666667,1,1.333333333,1.666666667,2,2.333333333,2.666666667,3,3.333333333,3.666666667,4,4.333333333,4.666666667,5,5.333333333,5.666666667,6,6.333333333,6.666666667,7,7.333333333,7.666666667,8,8.333333333,8.666666667,9,9.333333333,9.666666667,10,10.33333333,10.66666667,11,11.33333333,11.66666667,12,12.33333333,12.66666667,13,13.33333333,13.66666667,14,14.33333333,14.66666667,15,15.33333333,15.66666667,16,16.33333333,16.66666667,17,17.33333333,17.66666667,18,18.33333333,18.66666667,19,19.33333333,19.66666667,20,20.33333333,20.66666667,21,21.33333333,21.66666667,22,22.33333333,22.66666667,23,23.33333333,23.66666667,24,24.33333333,24.66666667,25,25.33333333,25.66666667,26,26.33333333,26.66666667,27,27.33333333,27.66666667,28,28.33333333,28.66666667,29,29.33333333,29.66666667],"raw_data":[377.4319,378.7289,379.3774,380.6745,382.62,383.917,384.5655,384.5655,390.4021,383.8359451,377.2697906,370.7036362,364.1375,376.4592,392.0233,406.9391,423.8003,437.419,447.1466,454.9287,465.9533,469.8444,471.1414,474.3839,474.3839,478.275,478.275,476.3294,479.572,480.2205,481.5175,484.1115,479.572,482.166,483.463,484.1115,484.1115,482.8145,480.869,484.1115,484.76,482.8145,483.463,486.7056,482.166,484.1115,485.4086,482.8145,487.3541,484.1115,486.0571,486.0571,484.76,487.3541,490.5966,487.3541,487.3541,486.7056,486.0571,489.9482,488.6511,489.2997,487.3541,489.2997,490.5966,491.2451,489.2997,491.8936,489.9482,493.1907,491.2451,492.5421,493.8392,493.1907,492.5421,491.8936,496.4332,493.8392,492.5421,491.2451,492.5421,491.8936,495.1362,496.4332,495.1362,492.5421,497.0818,495.1362,497.7303,497.7303],"processed_data":[-1.600069728,-0.825790035,0.12254858,1.244946117,2.541402577,4.570097919,6.571423155,7.396797742,6.45421498,1.901317382,-3.695931637,-7.530136835,-7.900012062,-1.257014551,10.9635846,26.81379472,42.87385486,56.53745062,68.33975048,77.58450489,84.47947026,89.21273632,92.89604286,95.47884934,96.18630863,97.26153855,98.26377201,98.83928651,100.3889662,100.860605,101.6522941,102.4973269,102.7724509,103.362,103.8224099,103.5865896,104.0329614,103.962768,103.7746741,103.4377875,104.2182448,104.6674345,104.8527275,104.8302736,104.4653175,105.0997885,105.0436372,105.0745152,106.0655296,105.9027002,105.7763595,106.8207133,107.1660241,108.2075666,108.5079531,108.294594,108.4518203,108.0672018,108.1654631,108.7044828,108.9571509,109.389491,110.0099223,109.7881438,110.5601791,110.7510746,111.5708402,111.6466397,111.7392808,112.2754902,113.0840224,113.3675717,113.3338766,113.5275784,114.2603136,114.4568283,114.1760825,114.1002802,113.5303823,113.0643548,112.8959081,114.1058934,114.5550762,115.4422166,115.6106652,116.0093194,116.5264466,117.061823,117.6154486,118.1873232],"differential_data":[2.322839078,2.583927462,3.106104229,3.628280996,4.987727703,6.045030866,4.240049734,-0.175812263,-8.24322054,-15.22521992,-14.14718133,-6.306120637,9.409683426,28.295395,42.1062139,47.86540539,44.58548385,38.19884342,31.57058141,24.20957967,17.44234714,12.62485891,9.399169526,4.935398647,2.674033821,3.116195084,2.366621934,3.187791304,3.031977666,1.894991788,2.455082881,1.680235231,1.297009753,1.574938489,0.336884338,0.315827209,0.564267642,-0.387430959,-0.78747083,0.665356128,1.844470532,0.951723966,0.244258732,-0.58111493,0.404272302,0.867479597,-0.037909966,1.532838499,1.242277467,-0.433755057,1.377019709,2.084496833,2.080279858,2.012893479,0.13054112,-0.084199187,-0.341088233,-0.429535705,0.95592152,1.187531707,1.027512191,1.579157049,0.597979261,0.825385156,1.44439618,1.515991607,1.343347723,0.252660974,0.943275749,2.017112435,1.638122162,0.374781225,0.240010051,1.389655571,1.393874924,-0.126346737,-0.534822142,-0.968550249,-1.553888098,-0.951711283,1.562307779,2.488752093,2.004484895,1.583383535,0.850654107,1.373672168,1.578755525,1.633502871,1.688250217,1.71562389,2.322839078,2.583927462,3.106104229,3.628280996,4.987727703,6.045030866,4.240049734,-0.175812263,-8.24322054,-15.22521992,-14.14718133,-6.306120637,9.409683426,28.295395,42.1062139,47.86540539,44.58548385,38.19884342,31.57058141,24.20957967,17.44234714,12.62485891,9.399169526,4.935398647,2.674033821,3.116195084,2.366621934,3.187791304,3.031977666,1.894991788,2.455082881,1.680235231,1.297009753,1.574938489,0.336884338,0.315827209,0.564267642,-0.387430959,-0.78747083,0.665356128,1.844470532,0.951723966,0.244258732,-0.58111493,0.404272302,0.867479597,-0.037909966,1.532838499,1.242277467,-0.433755057,1.377019709,2.084496833,2.080279858,2.012893479,0.13054112,-0.084199187,-0.341088233,-0.429535705,0.95592152,1.187531707,1.027512191,1.579157049,0.597979261,0.825385156,1.44439618,1.515991607,1.343347723,0.252660974,0.943275749,2.017112435,1.638122162,0.374781225,0.240010051,1.389655571,1.393874924,-0.126346737,-0.534822142,-0.968550249,-1.553888098,-0.951711283,1.562307779,2.488752093,2.004484895,1.583383535,0.850654107,1.373672168,1.578755525,1.633502871,1.688250217,1.71562389]}

Slot 6:
Outcome check: Flagged
Index Rising data : 4.000000
Index Break data : 0.000000
Index Transition time: 1.666667
{"outcome":{"outcome":"Flagged","transition_time":{"x":1.666666667,"y":-40.14575076,"i":5},"plateau_point":{"x":7.333333333,"y":151.0059781,"i":22},"increase":191.1517289,"suspect_score":1,"arm_width":3,"window_rate":30.63956062,"rise_width":3.666666667,"shape_flag":2,"climbs_fixed":0,"climb_first_i":-1},"peak_features":{"main_peak":{"x":5.666666667,"y":46.1325747,"i":17},"left_arm":{"x":4.333333333,"y":20.99305606,"i":13},"right_arm":{"x":7.333333333,"y":17.83014134,"i":22}},"time_data":[0,0.333333333,0.666666667,1,1.333333333,1.666666667,2,2.333333333,2.666666667,3,3.333333333,3.666666667,4,4.333333333,4.666666667,5,5.333333333,5.666666667,6,6.333333333,6.666666667,7,7.333333333,7.666666667,8,8.333333333,8.666666667,9,9.333333333,9.666666667,10,10.33333333,10.66666667,11,11.33333333,11.66666667,12,12.33333333,12.66666667,13,13.33333333,13.66666667,14,14.33333333,14.66666667,15,15.33333333,15.66666667,16,16.33333333,16.66666667,17,17.33333333,17.66666667,18,18.33333333,18.66666667,19,19.33333333,19.66666667,20,20.33333333,20.66666667,21,21.33333333,21.66666667,22,22.33333333,22.66666667,23,23.33333333,23.66666667,24,24.33333333,24.66666667,25,25.33333333,25.66666667,26,26.33333333,26.66666667,27,27.33333333,27.66666667,28,28.33333333,28.66666667,29,29.33333333,29.66666667],"raw_data":[341.3654,357.4297,368.3304,371.1991,378.6575,379.2312,382.6736,384.9684,381.5261,434.3087,437.751,442.3408,449.2255,455.5364,467.5846,478.4854,494.5496,506.5978,524.3832,538.1526,553.0694,559.9541,566.8387,572.0023,574.8709,578.887,580.0344,582.3293,580.0344,581.7556,583.4767,582.903,585.7717,582.3293,584.0505,585.7717,584.6242,586.3454,587.4928,584.6242,584.6242,588.0665,584.0505,588.6403,586.3454,587.4928,585.1979,589.214,590.9352,590.3615,587.4928,589.214,588.6403,590.3615,589.214,588.0665,588.6403,592.0826,592.0826,588.0665,590.3615,592.0826,593.23,592.6563,594.3775,590.3615,591.5089,590.9352,592.0826,593.23,592.0826,596.0987,596.6724,597.8198,596.6724,596.0987,596.6724,594.3775,597.2461,596.0987,597.2461,597.8198,597.2461,598.9673,597.2461,598.9673,600.1147,600.6885,600.6885,599.541],"processed_data":[-72.1679669,-60.6778509,-51.13740084,-43.54661672,-37.90549855,-40.14575076,-35.84903073,-26.27206923,-14.10465918,0.538947035,14.52438751,27.4095747,37.0436589,40.98521219,51.0390296,63.32068571,77.06024302,92.65011531,107.8152928,122.1037389,134.2289161,144.0716249,151.0059781,155.9583858,159.6019014,162.321504,163.8216332,164.9690778,165.493118,166.280439,166.7548145,166.9907632,167.8873631,167.9966506,168.1332586,168.9727338,169.32541,169.6756107,170.0282829,169.5489326,169.8941551,169.7948121,170.2592579,170.4877527,170.4728508,170.7460574,172.139391,172.2412195,173.0484029,173.1676185,173.5575473,173.1601638,172.8273504,172.561602,172.9763732,173.5947941,173.7885107,173.68668,174.071647,174.7149155,174.923541,175.5494235,176.1976576,176.9601423,176.4708732,175.8002965,175.5395139,175.1669577,175.3855154,176.624849,177.8641855,179.2475727,180.0920237,180.9016907,180.8843079,180.357766,179.9678454,179.7393507,180.1143827,180.3652226,180.9811733,181.4803801,181.4431238,181.9249488,182.3521476,183.0624806,183.4327975,183.75965,184.0430381,184.2829618],"differential_data":[34.47034801,31.54584909,25.69685126,19.84785343,5.101298939,3.084701736,20.8105223,32.61655733,40.2165244,42.94357003,40.3059415,33.77890708,20.36345623,20.99305606,33.50321029,39.03182012,43.99414439,46.1325747,44.18043538,39.62043485,32.95182899,25.16559313,17.83014134,12.89388483,9.544677338,6.32959777,3.97136064,2.507227117,1.967041808,1.892544833,1.065486363,1.698822814,1.508831074,0.368843376,1.464124803,1.788227032,1.054315344,1.054309399,-0.190017106,-0.201191692,0.3688192,0.547654189,1.039410876,0.320389388,0.387457117,2.499810157,2.242743158,1.36351786,1.3895985,0.763716661,-0.011182116,-1.095295299,-0.897842605,0.223534126,1.549788042,1.218206232,0.137828876,0.424704415,1.542353246,1.277841147,1.251762093,1.911174824,2.116078166,0.409823331,-1.739768685,-1.397038844,-0.950008244,-0.230997853,2.186836936,3.718005292,3.934085598,3.341757242,2.481176996,1.188426228,-0.815887055,-1.374693635,-0.927623006,0.219805829,0.938807896,1.300185959,1.67273623,0.692925788,0.666853075,1.363535695,1.706297639,1.62097485,1.045754173,0.915360884,0.784967596,0.719770952,34.47034801,31.54584909,25.69685126,19.84785343,5.101298939,3.084701736,20.8105223,32.61655733,40.2165244,42.94357003,40.3059415,33.77890708,20.36345623,20.99305606,33.50321029,39.03182012,43.99414439,46.1325747,44.18043538,39.62043485,32.95182899,25.16559313,17.83014134,12.89388483,9.544677338,6.32959777,3.97136064,2.507227117,1.967041808,1.892544833,1.065486363,1.698822814,1.508831074,0.368843376,1.464124803,1.788227032,1.054315344,1.054309399,-0.190017106,-0.201191692,0.3688192,0.547654189,1.039410876,0.320389388,0.387457117,2.499810157,2.242743158,1.36351786,1.3895985,0.763716661,-0.011182116,-1.095295299,-0.897842605,0.223534126,1.549788042,1.218206232,0.137828876,0.424704415,1.542353246,1.277841147,1.251762093,1.911174824,2.116078166,0.409823331,-1.739768685,-1.397038844,-0.950008244,-0.230997853,2.186836936,3.718005292,3.934085598,3.341757242,2.481176996,1.188426228,-0.815887055,-1.374693635,-0.927623006,0.219805829,0.938807896,1.300185959,1.67273623,0.692925788,0.666853075,1.363535695,1.706297639,1.62097485,1.045754173,0.915360884,0.784967596,0.719770952]}

Slot 7: neutralised 1 vertical climb(s)
Slot 7:
Outcome check: Positive
Index Rising data : 4.000000
Index Break data : 0.000000
Index Transition time: 4.333333
{"outcome":{"outcome":"Positive","transition_time":{"x":4.333333333,"y":-10.73016608,"i":13},"plateau_point":{"x":7,"y":87.57061252,"i":21},"increase":98.30077861,"suspect_score":0,"arm_width":2.333333333,"window_rate":27.7523444,"rise_width":2.333333333,"shape_flag":0,"climbs_fixed":0,"climb_first_i":-1},"peak_features":{"main_peak":{"x":5.333333333,"y":53.59049809,"i":16},"left_arm":{"x":4.333333333,"y":10.24424823,"i":13},"right_arm":{"x":6.666666667,"y":25.43590793,"i":20}},"time_data":[0,0.333333333,0.666666667,1,1.333333333,1.666666667,2,2.333333333,2.666666667,3,3.333333333,3.666666667,4,4.333333333,4.666666667,5,5.333333333,5.666666667,6,6.333333333,6.666666667,7,7.333333333,7.666666667,8,8.333333333,8.666666667,9,9.333333333,9.666666667,10,10.33333333,10.66666667,11,11.33333333,11.66666667,12,12.33333333,12.66666667,13,13.33333333,13.66666667,14,14.33333333,14.66666667,15,15.33333333,15.66666667,16,16.33333333,16.66666667,17,17.33333333,17.66666667,18,18.33333333,18.66666667,19,19.33333333,19.66666667,20,20.33333333,20.66666667,21,21.33333333,21.66666667,22,22.33333333,22.66666667,23,23.33333333,23.66666667,24,24.33333333,24.66666667,25,25.33333333,25.66666667,26,26.33333333,26.66666667,27,27.33333333,27.66666667,28,28.33333333,28.66666667,29,29.33333333,29.66666667],"raw_data":[381.5708,379.0971,382.8077,380.9524,379.7155,381.5708,383.4261,383.4261,387.1367,385.8998,380.9524,387.7551,356.2152,365.4916,375.3865,391.4657,407.5448,425.4793,439.7031,452.0717,461.9666,467.5324,472.4799,478.0457,478.0457,479.2826,483.6116,482.9932,482.9932,482.9932,486.0854,484.23,487.3222,485.4669,483.6116,486.7038,487.9406,487.9406,488.5591,486.7038,486.7038,488.5591,490.4143,488.5591,489.7959,488.5591,489.7959,489.1775,491.6512,489.1775,490.4143,491.0327,493.5065,495.3618,491.6512,493.5065,493.5065,490.4143,494.1249,494.1249,492.2696,497.8355,491.0327,494.7433,494.1249,495.3618,494.1249,495.9802,495.3618,494.7433,495.3618,496.5986,493.5065,496.5986,494.7433,496.5986,495.9802,497.2171,496.5986,497.8355,497.8355,497.2171,498.4539,500.3092,498.4539,497.2171,497.8355,499.0724,501.5461,502.7829],"processed_data":[0.789767179,0.087003766,-0.23827623,-0.186072808,0.243614032,1.335900509,2.586145839,3.167093252,6.808063325,4.540490749,-0.626472506,-6.698325946,-11.05946132,-10.73016608,-4.229962502,7.750426982,27.15999877,43.47742571,58.54192732,70.61334057,80.53230041,87.57061252,92.24498072,95.76547611,98.32218794,100.2792115,101.1359097,102.0488387,102.8386072,103.6497887,104.153096,104.4743478,104.6804844,104.966943,105.0633294,105.957523,106.2814664,106.8115514,107.0444656,107.1033581,107.1836664,107.6896553,108.0162734,108.6695115,108.6347059,108.7980175,108.7632111,109.1085652,109.0603661,109.4646194,110.4819481,111.2155038,111.7455883,112.9289147,112.6665536,112.3827734,112.1498503,111.5287394,112.845909,112.7789748,113.1778681,113.5580241,113.4214892,113.4268458,113.7427543,113.6651249,114.6128487,114.3076542,114.821665,114.5298525,114.7868629,114.4548887,114.6556692,114.7547227,114.9608651,115.1375621,115.8282727,116.0397756,116.4868722,116.4627789,117.1240374,117.6273384,117.9191546,117.7478109,117.5443488,117.6300202,118.2380115,119.1137228,120.2571541,121.6683054],"differential_data":[-2.108290239,-1.542065113,-0.40961486,0.722835392,2.282959975,3.51379771,2.746789115,6.33287623,2.060096245,-11.15180375,-16.85822504,-15.64948322,-6.047760208,10.24424823,27.7208896,47.08494191,53.59049809,47.07289282,40.70387228,32.98555964,25.43590793,17.56902046,12.29229538,9.11581084,6.77060313,4.22058264,2.654440744,2.554046235,2.401425052,1.971733192,1.236838601,0.791082605,0.738892791,0.574267499,1.485869965,1.827205509,1.281042718,1.144498751,0.437710056,0.20880127,0.879445658,1.248910483,1.469784427,0.927648767,0.192758932,0.192757743,0.465821501,0.445732612,0.534081397,2.132372968,2.626326524,1.895460253,2.570116316,1.381447928,-0.819211886,-0.775054932,-1.281051041,1.044087992,1.875353132,0.497938676,1.168573949,0.365431748,-0.196767435,0.481897528,0.357418704,1.305141697,0.963793866,0.313224495,0.333297531,-0.05220329,-0.112445782,-0.196790423,0.449751024,0.457793793,0.574259176,1.301111395,1.353320233,0.987899186,0.634504838,0.955747926,1.746839251,1.192675702,0.180708848,-0.562208696,-0.176686076,1.040494052,2.225553835,3.02871387,3.831873906,4.233453924,-2.108290239,-1.542065113,-0.40961486,0.722835392,2.282959975,3.51379771,2.746789115,6.33287623,2.060096245,-11.15180375,-16.85822504,-15.64948322,-6.047760208,10.24424823,27.7208896,47.08494191,53.59049809,47.07289282,40.70387228,32.98555964,25.43590793,17.56902046,12.29229538,9.11581084,6.77060313,4.22058264,2.654440744,2.554046235,2.401425052,1.971733192,1.236838601,0.791082605,0.738892791,0.574267499,1.485869965,1.827205509,1.281042718,1.144498751,0.437710056,0.20880127,0.879445658,1.248910483,1.469784427,0.927648767,0.192758932,0.192757743,0.465821501,0.445732612,0.534081397,2.132372968,2.626326524,1.895460253,2.570116316,1.381447928,-0.819211886,-0.775054932,-1.281051041,1.044087992,1.875353132,0.497938676,1.168573949,0.365431748,-0.196767435,0.481897528,0.357418704,1.305141697,0.963793866,0.313224495,0.333297531,-0.05220329,-0.112445782,-0.196790423,0.449751024,0.457793793,0.574259176,1.301111395,1.353320233,0.987899186,0.634504838,0.955747926,1.746839251,1.192675702,0.180708848,-0.562208696,-0.176686076,1.040494052,2.225553835,3.02871387,3.831873906,4.233453924]}

Slot 8:
Outcome check: Positive
Index Rising data : 4.000000
Index Break data : 0.000000
Index Transition time: 3.000000
{"outcome":{"outcome":"Positive","transition_time":{"x":3,"y":-1.731605563,"i":9},"plateau_point":{"x":7,"y":138.1061305,"i":21},"increase":139.8377361,"suspect_score":0,"arm_width":2.666666667,"window_rate":31.07558319,"rise_width":3,"shape_flag":0,"climbs_fixed":0,"climb_first_i":-1},"peak_features":{"main_peak":{"x":5.333333333,"y":53.867523,"i":16},"left_arm":{"x":4,"y":23.5522342,"i":12},"right_arm":{"x":6.666666667,"y":24.05456365,"i":20}},"time_data":[0,0.333333333,0.666666667,1,1.333333333,1.666666667,2,2.333333333,2.666666667,3,3.333333333,3.666666667,4,4.333333333,4.666666667,5,5.333333333,5.666666667,6,6.333333333,6.666666667,7,7.333333333,7.666666667,8,8.333333333,8.666666667,9,9.333333333,9.666666667,10,10.33333333,10.66666667,11,11.33333333,11.66666667,12,12.33333333,12.66666667,13,13.33333333,13.66666667,14,14.33333333,14.66666667,15,15.33333333,15.66666667,16,16.33333333,16.66666667,17,17.33333333,17.66666667,18,18.33333333,18.66666667,19,19.33333333,19.66666667,20,20.33333333,20.66666667,21,21.33333333,21.66666667,22,22.33333333,22.66666667,23,23.33333333,23.66666667,24,24.33333333,24.66666667,25,25.33333333,25.66666667,26,26.33333333,26.66666667,27,27.33333333,27.66666667,28,28.33333333,28.66666667,29,29.33333333,29.66666667],"raw_data":[262.8931,277.9874,291.195,294.9686,298.1132,300,303.1447,305.6604,311.3208,317.6101,324.5283,334.5912,341.5095,347.7988,359.7484,369.1824,389.3082,411.9497,430.8176,442.7673,449.6855,459.1195,462.2642,464.151,460.3774,464.7799,465.4088,466.6667,462.8931,468.5535,464.7799,465.4088,466.6667,464.7799,468.5535,467.2956,466.6667,464.151,464.151,467.2956,468.5535,466.0378,469.1824,469.8113,469.8113,469.8113,469.8113,468.5535,469.8113,473.5849,468.5535,467.9246,471.0692,471.6982,473.5849,471.6982,471.0692,473.5849,474.8428,472.3271,472.3271,472.956,476.1006,472.956,476.1006,472.956,477.3585,477.9875,475.4717,477.3585,476.7296,475.4717,477.3585,475.4717,479.2453,476.7296,477.3585,478.6164,477.3585,478.6164,477.3585,477.9875,476.7296,477.9875,480.5032,479.8742,480.5032,482.39,481.1321,480.5032],"processed_data":[-52.97014697,-42.81576926,-34.10711618,-26.84418772,-21.02698388,-18.81346943,-16.71431015,-13.28105725,-8.268671473,-1.731605563,5.143072615,13.05235641,20.43616819,28.75384588,39.68526152,54.03903846,71.72806037,89.95072045,107.193225,122.0697547,132.5519362,138.1061305,141.3052381,143.2328728,144.738501,144.2484223,144.9726421,145.571625,146.2277853,146.1134326,145.7567663,145.9664147,146.6606902,146.6960803,147.2596663,146.6634056,146.1052631,146.3394107,145.7349835,146.1923876,147.1344209,148.3868341,149.1518947,149.527616,149.7481518,149.7944414,150.1511085,150.4560468,150.1919531,150.0884942,150.072161,150.6901998,151.019643,151.0169205,152.0869166,152.9826687,153.0997411,153.146022,152.8274699,153.6197543,153.6551466,153.9192418,153.8076111,154.4882754,155.4003661,155.746142,156.0837519,157.0257891,156.8842097,157.363395,156.4240794,156.644611,157.0557309,156.9740516,157.504967,157.8235195,158.0195471,158.2482507,158.0658351,158.1937992,157.755456,157.7717968,158.1992514,158.4905773,159.5551261,160.5080502,160.9616425,161.2532384,161.3828377,161.3504404],"differential_data":[30.4631331,28.29454617,23.95737231,19.62019846,12.04607744,6.469010588,8.298618267,12.66845802,17.32417753,20.11761613,22.17594295,22.93964336,23.5522342,28.87363999,37.92778887,48.06419828,53.867523,53.19774697,48.17855141,38.03806672,24.05456365,13.12995296,7.690113414,5.149894219,1.523324347,0.351211746,1.98480403,1.882714804,0.812711443,-0.706528503,-0.220526955,1.35588589,1.094498473,0.898464054,-0.049012023,-1.731604836,-0.485992432,-0.555419327,-0.220534684,2.099156169,3.291669771,3.026210636,1.711172921,0.894385598,0.400238037,0.604435116,0.992408059,0.061266812,-0.551328783,-0.179688094,0.902558364,1.421223034,0.490080994,1.600910335,2.94862227,1.519236775,0.245029994,-0.40840684,0.710598438,1.241515122,0.449231234,0.228696749,0.853550502,2.389132413,1.8867998,1.025078712,1.919470651,1.200686764,0.50640889,-0.690195455,-1.078175929,0.947477266,0.494160838,0.673854085,1.274201827,0.771870204,0.637096851,0.069432048,-0.081677325,-0.465568642,-0.633003532,0.665693011,1.078170776,2.033812089,3.026209249,2.109774661,1.117782315,0.631792658,0.145803001,-0.097191828,30.4631331,28.29454617,23.95737231,19.62019846,12.04607744,6.469010588,8.298618267,12.66845802,17.32417753,20.11761613,22.17594295,22.93964336,23.5522342,28.87363999,37.92778887,48.06419828,53.867523,53.19774697,48.17855141,38.03806672,24.05456365,13.12995296,7.690113414,5.149894219,1.523324347,0.351211746,1.98480403,1.882714804,0.812711443,-0.706528503,-0.220526955,1.35588589,1.094498473,0.898464054,-0.049012023,-1.731604836,-0.485992432,-0.555419327,-0.220534684,2.099156169,3.291669771,3.026210636,1.711172921,0.894385598,0.400238037,0.604435116,0.992408059,0.061266812,-0.551328783,-0.179688094,0.902558364,1.421223034,0.490080994,1.600910335,2.94862227,1.519236775,0.245029994,-0.40840684,0.710598438,1.241515122,0.449231234,0.228696749,0.853550502,2.389132413,1.8867998,1.025078712,1.919470651,1.200686764,0.50640889,-0.690195455,-1.078175929,0.947477266,0.494160838,0.673854085,1.274201827,0.771870204,0.637096851,0.069432048,-0.081677325,-0.465568642,-0.633003532,0.665693011,1.078170776,2.033812089,3.026209249,2.109774661,1.117782315,0.631792658,0.145803001,-0.097191828]}

Slot 9:
Outcome check: Positive
Index Rising data : 4.000000
Index Break data : 0.000000
Index Transition time: 4.666667
{"outcome":{"outcome":"Positive","transition_time":{"x":4.666666667,"y":31.52412421,"i":14},"plateau_point":{"x":8.666666667,"y":164.0973701,"i":26},"increase":132.5732459,"suspect_score":0,"arm_width":3.333333333,"window_rate":33.14331147,"rise_width":3.666666667,"shape_flag":0,"climbs_fixed":0,"climb_first_i":-1},"peak_features":{"main_peak":{"x":6.666666667,"y":46.47825623,"i":20},"left_arm":{"x":5,"y":21.20677264,"i":15},"right_arm":{"x":8.333333333,"y":20.39883819,"i":25}},"time_data":[0,0.333333333,0.666666667,1,1.333333333,1.666666667,2,2.333333333,2.666666667,3,3.333333333,3.666666667,4,4.333333333,4.666666667,5,5.333333333,5.666666667,6,6.333333333,6.666666667,7,7.333333333,7.666666667,8,8.333333333,8.666666667,9,9.333333333,9.666666667,10,10.33333333,10.66666667,11,11.33333333,11.66666667,12,12.33333333,12.66666667,13,13.33333333,13.66666667,14,14.33333333,14.66666667,15,15.33333333,15.66666667,16,16.33333333,16.66666667,17,17.33333333,17.66666667,18,18.33333333,18.66666667,19,19.33333333,19.66666667,20,20.33333333,20.66666667,21,21.33333333,21.66666667,22,22.33333333,22.66666667,23,23.33333333,23.66666667,24,24.33333333,24.66666667,25,25.33333333,25.66666667,26,26.33333333,26.66666667,27,27.33333333,27.66666667,28,28.33333333,28.66666667,29,29.33333333,29.66666667],"raw_data":[340.8037,360.8964,370.17,373.2612,374.8068,379.4436,379.4436,382.5348,379.4436,428.9026,430.4482,434.3122,433.5394,436.6306,441.2674,448.2226,453.6321,466.7697,478.3617,494.5904,512.3647,525.5023,539.4127,552.5502,559.5054,568.779,572.6429,578.8253,581.1437,580.3709,581.1437,583.4621,581.9165,581.1437,584.2349,584.2349,583.4621,586.5533,588.0989,585.0077,585.0077,583.4621,585.7805,586.5533,583.4621,583.4621,588.0989,588.8717,588.8717,587.3261,588.8717,587.3261,590.4173,590.4173,588.8717,589.6445,588.8717,586.5533,591.9629,591.9629,591.9629,591.1901,589.6445,589.6445,591.1901,594.2813,591.9629,592.7357,594.2813,591.9629,589.6445,593.5085,591.1901,596.5997,596.5997,591.9629,597.3725,594.2813,595.8269,598.1453,594.2813,595.0541,595.0541,595.8269,595.8269,596.5997,596.5997,598.1453,597.3725,598.9181],"processed_data":[-64.15689827,-53.13165468,-44.09360474,-37.04274846,-31.97908581,-35.33791123,-31.59101755,-22.83599087,-10.63515707,2.06080317,14.22149169,23.44153176,29.12209436,27.37242886,31.52412421,37.21807267,45.66197264,56.78891731,70.06029428,84.85049822,101.0290706,115.8360024,129.8467229,141.1375989,150.4981446,158.5171725,164.0973701,167.6201235,170.4704437,171.7985745,172.1833034,172.0996686,172.5312336,172.8758194,173.2103607,174.2139935,175.4283822,176.2747686,175.9535985,175.8097473,175.9636437,175.3447392,174.4849618,174.732521,175.251064,176.2948431,176.7397892,177.7367408,178.5061992,178.8106394,178.7704959,178.9645314,179.4161612,180.0451034,179.3559362,179.2756416,179.0882957,179.687128,180.6773896,181.2093226,181.4702587,181.2628433,180.8547015,181.0353557,181.3598672,182.380235,183.4240284,183.173115,182.9154993,181.8717202,182.0958648,182.9656739,183.0961441,184.484509,185.3041495,185.1669903,186.0334578,185.682196,185.923069,186.2609517,185.6253107,185.7457487,185.501533,185.3744084,186.2977424,186.628943,187.1177141,187.6566675,188.2458032,188.8851211],"differential_data":[33.07573076,30.09494028,24.13335934,18.17177839,2.557255832,0.582102392,18.75288054,31.43379073,37.34519106,37.28497314,32.07109288,22.35090399,5.896345659,3.603044782,14.76846571,21.20677264,29.35626696,36.59748246,42.09237136,46.45316444,46.47825623,43.22647848,37.95239476,30.97713262,26.06936051,20.39883819,13.65442648,9.559610342,6.267676415,2.569289567,0.451641132,0.521895371,1.164226185,1.018690629,2.007261202,3.327032312,3.091162744,0.787824358,-0.69753196,0.015067757,-0.697512144,-2.21802273,-0.918327431,1.149153276,2.343483268,2.233087713,2.162846553,2.649615003,1.61084777,0.396445138,0.230838132,0.968497933,1.620857932,-0.09033758,-1.15419264,-0.401460722,0.617229511,2.383640834,2.283291903,1.189303708,0.080281047,-0.92333588,-0.341231309,0.757748691,2.017318924,3.09624174,1.189319957,-0.762793603,-1.952092158,-1.229451762,1.640930572,1.500418923,2.27825254,3.312008152,1.023722067,1.093962434,0.772808521,-0.165583227,0.868133545,-0.446637438,-0.772804558,-0.185666567,-0.557010403,1.194314139,1.881801853,1.229957521,1.541586819,1.692133599,1.842680379,1.917953769,33.07573076,30.09494028,24.13335934,18.17177839,2.557255832,0.582102392,18.75288054,31.43379073,37.34519106,37.28497314,32.07109288,22.35090399,5.896345659,3.603044782,14.76846571,21.20677264,29.35626696,36.59748246,42.09237136,46.45316444,46.47825623,43.22647848,37.95239476,30.97713262,26.06936051,20.39883819,13.65442648,9.559610342,6.267676415,2.569289567,0.451641132,0.521895371,1.164226185,1.018690629,2.007261202,3.327032312,3.091162744,0.787824358,-0.69753196,0.015067757,-0.697512144,-2.21802273,-0.918327431,1.149153276,2.343483268,2.233087713,2.162846553,2.649615003,1.61084777,0.396445138,0.230838132,0.968497933,1.620857932,-0.09033758,-1.15419264,-0.401460722,0.617229511,2.383640834,2.283291903,1.189303708,0.080281047,-0.92333588,-0.341231309,0.757748691,2.017318924,3.09624174,1.189319957,-0.762793603,-1.952092158,-1.229451762,1.640930572,1.500418923,2.27825254,3.312008152,1.023722067,1.093962434,0.772808521,-0.165583227,0.868133545,-0.446637438,-0.772804558,-0.185666567,-0.557010403,1.194314139,1.881801853,1.229957521,1.541586819,1.692133599,1.842680379,1.917953769]}

Slot 10:
Outcome check: Negative
Index Rising data : 0.000000
Index Break data : 0.000000
Index Transition time: 4.000000
[dash] heap free=83936 maxAlloc=73716 intFree=83936 intLargest=73716 clients=0 ap=0
{"outcome":{"outcome":"Negative","transition_time":{"x":4,"y":14.27053503,"i":12},"plateau_point":{"x":4.666666667,"y":16.97222755,"i":14},"increase":2.701692523,"suspect_score":2,"arm_width":-1,"window_rate":1.128090268,"rise_width":1,"shape_flag":0,"climbs_fixed":0,"climb_first_i":-1},"peak_features":{"main_peak":{"x":4,"y":7.065072592,"i":12},"left_arm":{"x":-1,"y":-1,"i":-1},"right_arm":{"x":4.666666667,"y":2.312050757,"i":14}},"time_data":[0,0.333333333,0.666666667,1,1.333333333,1.666666667,2,2.333333333,2.666666667,3,3.333333333,3.666666667,4,4.333333333,4.666666667,5,5.333333333,5.666666667,6,6.333333333,6.666666667,7,7.333333333,7.666666667,8,8.333333333,8.666666667,9,9.333333333,9.666666667,10,10.33333333,10.66666667,11,11.33333333,11.66666667,12,12.33333333,12.66666667,13,13.33333333,13.66666667,14,14.33333333,14.66666667,15,15.33333333,15.66666667,16,16.33333333,16.66666667,17,17.33333333,17.66666667,18,18.33333333,18.66666667,19,19.33333333,19.66666667,20,20.33333333,20.66666667,21,21.33333333,21.66666667,22,22.33333333,22.66666667,23,23.33333333,23.66666667,24,24.33333333,24.66666667,25,25.33333333,25.66666667,26,26.33333333,26.66666667,27,27.33333333,27.66666667,28,28.33333333,28.66666667,29,29.33333333,29.66666667],"raw_data":[158.1734,242.8855,307.7432,352.0847,380.5427,406.3534,418.9279,431.5023,438.7823,445.4004,450.6949,452.0185,456.6512,457.313,459.2985,461.2839,457.9749,459.2985,459.2985,461.2839,457.9749,459.9603,457.9749,461.9457,459.9603,460.6221,461.9457,461.2839,460.6221,460.6221,457.313,458.6367,459.2985,459.9603,459.9603,460.6221,459.2985,460.6221,461.9457,461.2839,461.9457,459.2985,458.6367,458.6367,458.6367,465.2548,458.6367,461.9457,461.2839,461.9457,459.2985,461.2839,459.2985,459.9603,459.2985,457.9749,461.2839,459.2985,459.2985,458.6367,456.6512,463.9312,460.6221,461.2839,458.6367,458.6367,461.2839,459.2985,459.9603,456.6512,461.2839,459.9603,460.6221,458.6367,460.6221,463.2693,459.9603,457.9749,459.9603,460.6221,461.9457,458.6367,458.6367,458.6367,461.2839,459.9603,459.9603,459.2985,459.9603,457.313],"processed_data":[-273.7517831,-204.0167109,-144.8491643,-96.24914337,-58.21664805,-36.35388474,-21.42440254,-10.20222757,-2.203164105,3.409355923,8.107940806,11.23364456,14.27053503,15.94369295,16.97222755,17.48506013,17.78874874,17.70280331,17.5996609,17.02952847,17.57960623,17.55382019,17.58533521,17.87756163,18.7828961,19.01496313,19.6280725,18.92328806,18.50500105,17.68847749,17.03239474,16.8232439,17.11833554,17.37618332,17.91480575,18.16978963,18.39899237,18.95766683,19.27854358,19.16967073,18.87744299,17.44781243,17.61398646,17.52803984,17.88616494,18.68836176,19.54785566,19.57936737,19.47622575,18.58234779,18.98058065,18.36747141,17.63976469,17.46213839,17.60252387,17.41916422,17.74004519,16.78886988,17.11547574,17.43635368,17.77728972,18.41904928,18.36748065,18.65397994,18.46202675,17.71712636,17.31315884,17.20142447,17.46213456,17.67700869,17.33894143,17.44494986,18.15833775,19.05507736,18.46775719,18.3846709,18.10389941,18.52791592,18.16979082,17.7772884,17.77156126,17.92913567,17.60539398,17.52230439,17.46786909,18.21849172,18.0589098,17.62428939,16.9146305,15.92993312],"differential_data":[209.2052166,193.3539281,161.6513513,129.9487744,89.84288794,55.18836826,39.22748576,28.83185766,20.41737524,15.46665737,11.73643295,9.243891332,7.065072592,4.052538785,2.312050757,1.224781779,0.326614776,-0.283631758,-1.009912268,-0.030082009,0.786437592,0.008593473,0.485612151,1.796341339,1.706102247,1.267764599,-0.137512603,-1.684607171,-1.852215854,-2.208909468,-1.297850374,0.128911204,0.829409116,1.194705319,1.190409475,0.726279915,1.181815804,1.319326822,0.318005847,-0.601650882,-2.582787452,-1.895184802,0.120341115,0.408267727,1.740482875,2.492536074,1.336508417,-0.107444862,-1.495529373,-0.743467653,-0.322314572,-2.011223929,-1.357999529,-0.055861238,-0.06446125,0.206281984,-0.945441506,-0.936854177,0.971225689,0.992720963,1.474043413,0.885286405,0.352395987,0.141819149,-1.405280373,-1.723301875,-0.773552833,0.223463579,0.71337633,-0.184789682,-0.348088252,1.229094468,2.415191254,0.464129163,-1.005609686,-0.545786672,0.21486753,0.098837122,-1.125941289,-0.597344337,0.227770917,-0.249250932,-0.610246931,-0.206287334,1.044281006,0.886561069,-0.891303501,-1.716418952,-2.541534404,-2.95409213,209.2052166,193.3539281,161.6513513,129.9487744,89.84288794,55.18836826,39.22748576,28.83185766,20.41737524,15.46665737,11.73643295,9.243891332,7.065072592,4.052538785,2.312050757,1.224781779,0.326614776,-0.283631758,-1.009912268,-0.030082009,0.786437592,0.008593473,0.485612151,1.796341339,1.706102247,1.267764599,-0.137512603,-1.684607171,-1.852215854,-2.208909468,-1.297850374,0.128911204,0.829409116,1.194705319,1.190409475,0.726279915,1.181815804,1.319326822,0.318005847,-0.601650882,-2.582787452,-1.895184802,0.120341115,0.408267727,1.740482875,2.492536074,1.336508417,-0.107444862,-1.495529373,-0.743467653,-0.322314572,-2.011223929,-1.357999529,-0.055861238,-0.06446125,0.206281984,-0.945441506,-0.936854177,0.971225689,0.992720963,1.474043413,0.885286405,0.352395987,0.141819149,-1.405280373,-1.723301875,-0.773552833,0.223463579,0.71337633,-0.184789682,-0.348088252,1.229094468,2.415191254,0.464129163,-1.005609686,-0.545786672,0.21486753,0.098837122,-1.125941289,-0.597344337,0.227770917,-0.249250932,-0.610246931,-0.206287334,1.044281006,0.886561069,-0.891303501,-1.716418952,-2.541534404,-2.95409213]}

[len] set(90) was=90 APPLIED

>>> {"Slot":[499,543,559,573,569,572,591,599,597,603,599,602,603,603,605,615,623,638,651,657,668,676,682...(372 B)
data received from Serial port

Receive long json data in 1 receiving
{"Slot":[499,543,559,573,569,572,591,599,597,603,599,602,603,603,605,615,623,638,651,657,668,676,682,689,694,700,704,709,709,722,719,721,721,722,722,725,724,722,725,724,727,725,722,725,719,727,727,724,728,727,722,721,724,728,725,727,724,724,727,725,725,724,724,724,724,727,727,727,728,725,725,727,728,724,728,728,730,731,727,731,731,727,731,733,734,725,730,733,736,736]}0
Json data received

>>> {"Slot":[584,602,616,611,615,636,644,642,649,644,647,649,649,650,662,670,686,701,707,719,727,733,741...(372 B)
data received from Serial port

Receive long json data in 1 receiving
{"Slot":[584,602,616,611,615,636,644,642,649,644,647,649,649,650,662,670,686,701,707,719,727,733,741,746,753,757,762,762,777,774,775,775,777,777,780,779,777,780,779,782,780,777,780,774,782,782,779,783,782,777,775,779,783,780,782,779,779,782,780,780,779,779,779,779,782,782,782,783,780,780,782,783,779,783,783,785,787,782,787,787,782,787,788,790,780,785,788,792,792,793]}1
Json data received

>>> {"Slot":[558,572,567,570,590,597,596,602,597,600,602,602,603,614,621,636,650,656,666,674,680,687,692...(372 B)
data received from Serial port

Receive long json data in 1 receiving
{"Slot":[558,572,567,570,590,597,596,602,597,600,602,602,603,614,621,636,650,656,666,674,680,687,692,698,702,707,707,720,717,719,719,720,720,723,722,720,723,722,725,723,720,723,717,725,725,722,726,725,720,719,722,726,723,725,722,722,725,723,723,722,722,722,722,725,725,725,726,723,723,725,726,722,726,726,728,729,725,729,729,725,729,731,732,723,728,731,734,734,735,732]}2
Json data received
finish one round maintenance

>>> {"Slot":[657,652,656,678,687,685,692,687,690,692,692,694,706,714,732,747,754,766,775,782,791,796,803...(372 B)
data received from Serial port

Receive long json data in 1 receiving
{"Slot":[657,652,656,678,687,685,692,687,690,692,692,694,706,714,732,747,754,766,775,782,791,796,803,808,813,813,829,825,827,827,829,829,832,830,829,832,830,834,832,829,832,825,834,834,830,836,834,829,827,830,836,832,834,830,830,834,832,832,830,830,830,830,834,834,834,836,832,832,834,836,830,836,836,837,839,834,839,839,834,839,841,843,832,837,841,844,844,846,843,844]}3
Json data received

>>> {"Slot":[581,584,604,612,611,617,612,615,617,617,618,629,637,652,666,672,683,691,697,705,709,715,720...(372 B)
data received from Serial port

Receive long json data in 1 receiving
{"Slot":[581,584,604,612,611,617,612,615,617,617,618,629,637,652,666,672,683,691,697,705,709,715,720,725,725,739,736,737,737,739,739,742,740,739,742,740,743,742,739,742,736,743,743,740,745,743,739,737,740,745,742,743,740,740,743,742,742,740,740,740,740,743,743,743,745,742,742,743,745,740,745,745,746,748,743,748,748,743,748,749,751,742,746,749,752,752,754,751,752,749]}4
Json data received

>>> {"Slot":[661,683,692,690,697,692,695,697,697,699,711,720,737,753,760,772,781,788,797,802,809,814,819...(372 B)
data received from Serial port
[stack]
Receive long json data in 1 receiving
{"Slot":[661,683,692,690,697,692,695,697,697,699,711,720,737,753,760,772,781,788,797,802,809,814,819,819,835,831,833,833,835,835,838,837,835,838,837,840,838,835,838,831,840,840,837,842,840,835,833,837,842,838,840,837,837,840,838,838,837,837,837,837,840,840,840,842,838,838,840,842,837,842,842,844,845,840,845,845,840,845,847,849,838,844,847,851,851,852,849,851,847,851]}5
 Control=1120/4096 Sensor=1516/10240[dash] heap free=98392 maxAlloc=81908 intFree=98392 intLargest=81908 clients=0 ap=0
 Display=8352/10240 Network=2172/6144 Input=1488/6144 Setting=7016/8192 | unused=23392 B
Json data received

>>> {"Slot":[634,642,640,647,642,645,647,647,648,660,668,684,699,705,716,724,731,739,744,750,755,760,760...(372 B)
data received from Serial port

Receive long json data in 1 receiving
{"Slot":[634,642,640,647,642,645,647,647,648,660,668,684,699,705,716,724,731,739,744,750,755,760,760,775,771,773,773,775,775,778,776,775,778,776,779,778,775,778,771,779,779,776,781,779,775,773,776,781,778,779,776,776,779,778,778,776,776,776,776,779,779,779,781,778,778,779,781,776,781,781,783,784,779,784,784,779,784,786,787,778,783,786,789,789,791,787,789,786,789,794]}6
Json data received

>>> {"Slot":[631,630,636,631,634,636,636,638,649,657,673,687,693,704,712,719,727,731,738,743,747,747,762...(372 B)
data received from Serial port

Receive long json data in 1 receiving
{"Slot":[631,630,636,631,634,636,636,638,649,657,673,687,693,704,712,719,727,731,738,743,747,747,762,758,760,760,762,762,765,763,762,765,763,766,765,762,765,758,766,766,763,768,766,762,760,763,768,765,766,763,763,766,765,765,763,763,763,763,766,766,766,768,765,765,766,768,763,768,768,770,771,766,771,771,766,771,773,774,765,770,773,776,776,778,774,776,773,776,781,779]}7
Json data received

>>> {"Slot":[190,188,189,186,184,188,192,189,198,189,190,198,193,192,192,186,186,194,190,192,194,192,199...(372 B)
data received from Serial port

Receive long json data in 1 receiving
{"Slot":[190,188,189,186,184,188,192,189,198,189,190,198,193,192,192,186,186,194,190,192,194,192,199,189,189,189,193,194,198,199,189,194,186,193,188,190,192,194,192,194,190,188,197,194,192,190,189,189,193,190,195,190,189,186,190,192,190,193,190,195,189,194,192,190,193,182,189,198,188,186,194,190,193,188,190,189,185,188,186,186,186,189,194,193,192,186,190,189,192,194]}8
Json data received

>>> {"Slot":[843,842,842,845,845,840,845,836,842,842,845,839,842,842,837,834,845,843,846,845,846,834,845...(372 B)
data received from Serial port

Receive long json data in 1 receiving
{"Slot":[843,842,842,845,845,840,845,836,842,842,845,839,842,842,837,834,845,843,846,845,846,834,845,839,837,845,836,845,834,836,834,834,836,837,840,839,833,834,836,840,834,837,836,834,837,831,833,834,834,836,836,834,840,836,837,837,837,839,846,840,837,842,842,833,842,842,837,840,842,837,837,834,839,837,834,842,845,845,839,840,840,843,833,839,840,842,843,839,837,839]}9
Json data received

>>> getResult
data received from Serial port
getResult
<AmpStart/>
<AmpStart>
{"calibration":{"slopes":[1.508,1.622,1.504,1.73,1.542,1.743,1.617,1.59,1.294,1.511],"origins":[0,0,0,0,0,0,0,0,0,0]},"led_power":[150,150,150,150,150,150,150,150,150,150],"units":"nM FAM","device_id":"RPL01015","slots":10,"amplification_time":30,"reading_interval":0.333333,"software_version":"v2.4.5AT1"}
Amplification Time[min],Sensor 1 Fluorescence[nM FAM],Sensor 2 Fluorescence[nM FAM],Sensor 3 Fluorescence[nM FAM],Sensor 4 Fluorescence[nM FAM],Sensor 5 Fluorescence[nM FAM],Temperature[C]
0.00,330.90,360.05,371.01,379.77,376.78,379.23,392.08,396.86,146.83,557.91,65.80
0.33,360.08,371.15,380.32,376.88,378.73,391.85,397.03,396.23,145.29,557.25,65.80
0.67,370.69,379.78,376.99,379.19,391.70,397.02,395.79,400.00,146.06,557.25,65.80
1.00,379.97,376.70,378.99,391.91,396.89,395.87,400.12,396.86,143.74,559.23,65.80
1.33,377.32,379.16,392.29,397.11,396.24,399.89,397.03,398.74,142.19,559.23,65.80
1.67,379.31,392.11,396.94,395.95,400.13,397.02,398.89,400.00,145.29,555.92,65.80
2.00,391.91,397.04,396.28,400.00,396.89,398.74,400.12,400.00,148.38,559.23,65.80
2.33,397.21,395.81,400.27,397.11,398.83,399.89,400.12,401.26,146.06,553.28,65.80
2.67,395.89,400.12,396.94,398.84,400.13,399.89,400.74,408.18,153.01,557.25,65.80
3.00,399.87,397.04,398.94,400.00,400.13,401.03,408.16,413.21,146.06,557.25,65.80
3.33,397.21,398.89,400.27,400.00,400.78,407.92,413.11,423.27,146.83,559.23,65.80
3.67,399.20,400.12,400.27,401.16,407.91,413.08,423.01,432.08,153.01,555.26,65.80
4.00,399.87,400.12,400.93,408.09,413.10,422.83,432.28,435.85,149.15,557.25,65.80
4.33,399.87,400.74,408.24,412.72,422.83,432.01,435.99,442.77,148.38,557.25,65.80
4.67,401.19,408.14,412.90,423.12,431.91,436.03,442.80,447.80,148.38,553.94,65.80
5.00,407.82,413.07,422.87,431.79,435.80,442.91,447.74,452.20,143.74,551.95,65.80
5.33,413.13,422.93,432.18,435.84,442.93,448.08,452.07,457.23,143.74,559.23,65.80
5.67,423.08,432.18,436.17,442.77,448.12,452.09,457.02,459.75,149.92,557.91,65.80
6.00,431.70,435.88,442.82,447.98,452.01,457.26,460.11,464.15,146.83,559.89,65.80
6.33,435.68,443.28,448.14,452.02,457.20,460.13,463.82,467.30,148.38,559.23,65.80
6.67,442.97,448.21,452.13,457.23,459.79,464.14,466.91,469.81,149.92,559.89,65.80
7.00,448.28,451.91,456.78,460.12,463.68,467.01,470.01,469.81,148.38,551.95,65.80
7.33,452.25,456.84,460.11,464.16,466.93,469.88,470.01,479.25,153.79,559.23,65.80
7.67,456.90,459.93,464.10,467.05,470.17,469.88,479.28,476.73,146.06,555.26,65.80
8.00,460.21,464.24,466.76,469.94,470.17,479.06,476.81,477.99,146.06,553.94,65.80
8.33,464.19,466.71,470.08,469.94,479.25,476.76,478.05,477.99,146.06,559.23,65.80
8.67,466.84,469.79,470.08,479.19,477.30,477.91,478.05,479.25,149.15,553.28,65.80
9.00,470.16,469.79,478.72,476.88,477.95,477.91,479.28,479.25,149.92,559.23,65.80
9.33,470.16,479.04,476.73,478.03,477.95,479.06,479.28,481.13,153.01,551.95,65.80
9.67,478.78,477.19,478.06,478.03,479.25,479.06,481.14,479.87,153.79,553.28,65.80
10.00,476.79,477.81,478.06,479.19,479.25,480.78,479.90,479.25,146.06,551.95,65.80
10.33,478.12,477.81,478.72,479.19,481.19,480.21,479.28,481.13,149.92,551.95,65.80
10.67,478.12,479.04,478.72,480.92,479.90,479.06,481.14,479.87,143.74,553.28,65.80
11.00,478.78,479.04,480.72,479.77,479.25,480.78,479.90,481.76,149.15,553.94,65.80
11.33,478.78,480.89,480.05,479.19,481.19,480.21,481.76,481.13,145.29,555.92,65.80
11.67,480.77,480.27,478.72,480.92,479.90,481.93,481.14,479.25,146.83,555.26,65.80
12.00,480.11,479.04,480.72,479.77,481.84,480.78,479.28,481.13,148.38,551.29,65.80
12.33,478.78,480.89,480.05,482.08,481.19,479.06,481.14,476.73,149.92,551.95,65.80
12.67,480.77,480.27,482.05,480.92,479.25,480.78,476.81,481.76,148.38,553.28,65.80
13.00,480.11,482.12,480.72,479.19,481.19,476.76,481.76,481.76,149.92,555.92,65.80
13.33,482.10,480.89,478.72,480.92,477.30,481.93,481.76,479.87,146.83,551.95,65.80
13.67,480.77,479.04,480.72,476.88,481.84,481.93,479.90,483.02,145.29,553.94,65.80
14.00,478.78,480.89,476.73,482.08,481.84,480.21,482.99,481.76,152.24,553.28,65.80
14.33,480.77,477.19,482.05,482.08,479.90,483.08,481.76,479.25,149.92,551.95,65.80
14.67,476.79,482.12,482.05,479.77,483.14,481.93,479.28,477.99,148.38,553.94,65.80
15.00,482.10,482.12,480.05,483.24,481.84,479.06,478.05,479.87,146.83,549.97,65.80
15.33,482.10,480.27,482.71,482.08,479.25,477.91,479.90,483.02,146.06,551.29,65.80
15.67,480.11,482.74,482.05,479.19,477.95,480.21,482.99,481.13,146.06,551.95,65.80
16.00,482.76,482.12,478.72,478.03,479.90,483.08,481.14,481.76,149.15,551.95,65.80
16.33,482.10,479.04,478.06,479.77,483.14,480.78,481.76,479.87,146.83,553.28,65.80
16.67,478.78,477.81,480.05,483.24,481.19,481.93,479.90,479.87,150.70,553.28,65.80
17.00,478.12,480.27,482.71,480.92,481.84,480.21,479.90,481.76,146.83,551.95,65.80
17.33,480.11,482.74,480.72,482.08,479.90,480.21,481.76,481.13,146.06,555.92,65.80
17.67,482.76,480.89,482.05,479.77,479.90,481.93,481.14,481.13,143.74,553.28,65.80
18.00,480.77,482.12,480.05,479.77,481.84,480.78,481.14,479.87,146.83,553.94,65.80
18.33,482.10,480.27,480.05,482.08,481.19,480.78,479.90,479.87,148.38,553.94,65.80
18.67,480.11,480.27,482.05,480.92,481.19,480.21,479.90,479.87,146.83,553.94,65.80
19.00,480.11,482.12,480.72,480.92,479.90,480.21,479.90,479.87,149.15,555.26,65.80
19.33,482.10,480.89,480.72,479.77,479.90,480.21,479.90,481.76,146.83,559.89,65.80
19.67,480.77,480.89,480.05,479.77,479.90,480.21,481.76,481.76,150.70,555.92,65.80
20.00,480.77,480.27,480.05,479.77,479.90,481.93,481.76,481.76,146.06,553.94,65.80
20.33,480.11,480.27,480.05,479.77,481.84,481.93,481.76,483.02,149.92,557.25,65.80
20.67,480.11,480.27,480.05,482.08,481.84,481.93,482.99,481.13,148.38,557.25,65.80
21.00,480.11,480.27,482.05,482.08,481.84,483.08,481.14,481.13,146.83,551.29,65.80
21.33,480.11,482.12,482.05,482.08,483.14,480.78,481.14,481.76,149.15,557.25,65.80
21.67,482.10,482.12,482.05,483.24,481.19,480.78,481.76,483.02,140.65,557.25,65.80
22.00,482.10,482.12,482.71,480.92,481.19,481.93,482.99,479.87,146.06,553.94,65.80
22.33,482.10,482.74,480.72,480.92,481.84,483.08,479.90,483.02,153.01,555.92,65.80
22.67,482.76,480.89,480.72,482.08,483.14,480.21,482.99,483.02,145.29,557.25,65.80
23.00,480.77,480.89,482.05,483.24,479.90,483.08,482.99,484.28,143.74,553.94,65.80
23.33,480.77,482.12,482.71,479.77,483.14,483.08,484.23,484.91,149.92,553.94,65.80
23.67,482.10,482.74,480.05,483.24,483.14,484.22,484.85,481.76,146.83,551.95,65.80
24.00,482.76,480.27,482.71,483.24,483.79,484.80,481.76,484.91,149.15,555.26,65.80
24.33,480.11,482.74,482.71,483.82,485.08,481.93,484.85,484.91,145.29,553.94,65.80
24.67,482.76,482.74,484.04,484.97,481.84,484.80,484.85,481.76,146.83,551.95,65.80
25.00,482.76,483.97,484.71,482.08,485.08,484.80,[dash] heap free=98392 maxAlloc=81908 intFree=98392 intLargest=81908 clients=0 ap=0
481.76,484.91,146.06,557.25,65.80
25.33,484.08,485.20,482.05,484.97,485.08,481.93,484.85,486.16,142.97,559.23,65.80
25.67,484.75,482.12,484.71,484.97,481.84,484.80,486.09,486.79,145.29,559.23,65.80
26.00,482.10,485.20,484.71,482.08,485.08,485.94,486.70,481.13,143.74,555.26,65.80
26.33,484.75,485.20,482.05,484.97,485.73,487.09,481.14,484.28,143.74,555.92,65.80
26.67,484.75,482.12,484.71,486.13,487.03,480.78,484.23,486.16,143.74,555.92,65.80
27.00,482.10,485.20,486.04,487.28,481.19,484.22,486.09,488.05,146.06,557.91,65.80
27.33,484.75,485.82,486.70,480.92,483.79,485.94,487.94,488.05,149.92,551.29,65.80
27.67,486.07,487.05,480.72,483.82,485.73,488.24,487.94,489.31,149.15,555.26,65.80
28.00,486.74,480.89,484.04,486.13,487.68,488.24,489.18,486.79,148.38,555.92,65.80
28.33,480.77,483.97,486.04,487.86,487.68,488.81,486.70,488.05,143.74,557.25,65.80
28.67,484.08,485.82,488.03,487.86,488.98,487.09,487.94,486.16,146.83,557.91,65.80
29.00,486.07,488.29,488.03,489.02,487.03,488.24,486.09,488.05,146.06,555.26,65.80
29.33,488.06,488.29,488.70,487.28,487.68,485.94,487.94,491.20,148.38,553.94,65.80
29.67,488.06,488.90,486.70,487.86,485.73,488.24,491.03,489.94,149.92,555.26,65.80
load algo para from flash
Slot 1:
Outcome check: Positive
Index Rising data : 4.000000
Index Break data : 0.000000
Index Transition time: 4.333333
{"outcome":{"outcome":"Positive","transition_time":{"x":4.333333333,"y":2.632410487,"i":13},"plateau_point":{"x":9,"y":72.80361978,"i":27},"increase":70.17120929,"suspect_score":0,"arm_width":3.666666667,"window_rate":15.99047554,"rise_width":4.666666667,"shape_flag":0,"climbs_fixed":0,"climb_first_i":-1},"peak_features":{"main_peak":{"x":5.666666667,"y":23.17940848,"i":17},"left_arm":{"x":4.333333333,"y":5.838985691,"i":13},"right_arm":{"x":8,"y":9.856528542,"i":24}},"time_data":[0,0.333333333,0.666666667,1,1.333333333,1.666666667,2,2.333333333,2.666666667,3,3.333333333,3.666666667,4,4.333333333,4.666666667,5,5.333333333,5.666666667,6,6.333333333,6.666666667,7,7.333333333,7.666666667,8,8.333333333,8.666666667,9,9.333333333,9.666666667,10,10.33333333,10.66666667,11,11.33333333,11.66666667,12,12.33333333,12.66666667,13,13.33333333,13.66666667,14,14.33333333,14.66666667,15,15.33333333,15.66666667,16,16.33333333,16.66666667,17,17.33333333,17.66666667,18,18.33333333,18.66666667,19,19.33333333,19.66666667,20,20.33333333,20.66666667,21,21.33333333,21.66666667,22,22.33333333,22.66666667,23,23.33333333,23.66666667,24,24.33333333,24.66666667,25,25.33333333,25.66666667,26,26.33333333,26.66666667,27,27.33333333,27.66666667,28,28.33333333,28.66666667,29,29.33333333,29.66666667],"raw_data":[330.9019,360.0796,370.6896,379.9735,377.321,379.3103,391.9098,397.2148,395.8886,399.8674,397.2148,399.2043,399.8674,399.8674,401.1936,407.8249,413.13,423.0769,431.6976,435.6764,442.9708,448.2758,452.2546,456.8965,460.2122,464.191,466.8435,470.1591,470.1591,478.7798,476.7904,478.1167,478.1167,478.7798,478.7798,480.7692,480.1061,478.7798,480.7692,480.1061,482.0955,480.7692,478.7798,480.7692,476.7904,482.0955,482.0955,480.1061,482.7586,482.0955,478.7798,478.1167,480.1061,482.7586,480.7692,482.0955,480.1061,480.1061,482.0955,480.7692,480.7692,480.1061,480.1061,480.1061,480.1061,482.0955,482.0955,482.0955,482.7586,480.7692,480.7692,482.0955,482.7586,480.1061,482.7586,482.7586,484.0849,484.748,482.0955,484.748,484.748,482.0955,484.748,486.0743,486.7374,480.7692,484.0849,486.0743,488.0637,488.0637],"processed_data":[-58.06035508,-44.32753333,-32.55108935,-22.73102313,-14.86733467,-12.02247706,-7.690602488,-4.039087337,-0.106236578,1.834353624,1.495611546,1.125297117,1.817133652,2.632410487,5.709790779,10.65311752,17.08059732,24.70802882,32.53353631,39.3830108,45.64399171,50.54713579,55.13737072,59.53527105,63.37625888,66.10629008,69.67169295,72.80361978,75.72598412,77.98521364,79.80235931,80.76117234,81.59367311,81.49894272,82.00706198,82.30848542,82.44915071,82.82521011,83.31322648,83.10366676,83.60890733,83.01180079,82.42330734,82.56970902,82.29986731,82.94577251,84.05959977,84.39260402,84.35241382,82.97735252,82.82520443,82.78214228,82.83955694,83.36776297,83.87013648,84.14859775,83.8500456,83.54862441,83.63187293,83.40508756,83.45675976,83.00319351,82.70751544,83.05199944,83.4165771,84.20601202,84.66244811,84.69689294,84.54187527,84.51316629,84.18016812,84.0911778,84.0969196,84.61938133,85.37437313,85.48633011,85.91980747,86.87000846,86.54849639,86.39061047,86.33032808,87.3063624,87.52453534,86.96187483,86.83269273,87.32071015,87.92412951,88.69548479,89.63477598,90.7420031],"differential_data":[41.19846524,38.2638986,32.3947653,26.52563201,16.06281911,10.76509827,11.97508458,11.37654887,8.810161442,2.402772185,-1.063584761,0.482283159,2.260670055,5.838985691,12.03106055,17.05620981,21.08236694,23.17940848,22.01247297,19.6656831,16.74618748,14.24006851,13.4822029,12.35833225,9.856528542,9.443151102,10.04599455,9.081436752,7.772390787,6.11456279,4.163938052,2.686970698,1.106655567,0.620083301,1.214314052,0.663133101,0.775087035,1.296113646,0.417684976,0.443521277,-0.137798953,-1.778399975,-0.663137659,-0.185160055,0.564095237,2.639598698,2.170247264,0.439221073,-2.122877245,-2.29081409,-0.292815369,0.021528764,0.878431048,1.545869307,1.171252164,-0.030136307,-0.89996001,-0.327259014,-0.215305279,-0.262669749,-0.602841068,-1.12386649,0.073208896,1.06359249,1.731018859,1.868806517,0.736321387,-0.180859256,-0.27558998,-0.542560726,-0.632982725,-0.124872777,0.79230529,1.916180301,1.300423164,0.818151499,2.075517531,0.943033392,-0.719096989,-0.327252475,1.373627898,1.791310892,-0.516731361,-1.037763918,0.538252992,1.637155171,2.062161948,2.56596971,3.069777471,3.321681352,41.19846524,38.2638986,32.3947653,26.52563201,16.06281911,10.76509827,11.97508458,11.37654887,8.810161442,2.402772185,-1.063584761,0.482283159,2.260670055,5.838985691,12.03106055,17.05620981,21.08236694,23.17940848,22.01247297,19.6656831,16.74618748,14.24006851,13.4822029,12.35833225,9.856528542,9.443151102,10.04599455,9.081436752,7.772390787,6.11456279,4.163938052,2.686970698,1.106655567,0.620083301,1.214314052,0.663133101,0.775087035,1.296113646,0.417684976,0.443521277,-0.137798953,-1.778399975,-0.663137659,-0.185160055,0.564095237,2.639598698,2.170247264,0.439221073,-2.122877245,-2.29081409,-0.292815369,0.021528764,0.878431048,1.545869307,1.171252164,-0.030136307,-0.89996001,-0.327259014,-0.215305279,-0.262669749,-0.602841068,-1.12386649,0.073208896,1.06359249,1.731018859,1.868806517,0.736321387,-0.180859256,-0.27558998,-0.542560726,-0.632982725,-0.124872777,0.79230529,1.916180301,1.300423164,0.818151499,2.075517531,0.943033392,-0.719096989,-0.327252475,1.373627898,1.791310892,-0.516731361,-1.037763918,0.538252992,1.637155171,2.062161948,2.56596971,3.069777471,3.321681352]}

Slot 2:
Outcome check: Positive
Index Rising data : 4.000000
Index Break data : 0.000000
Index Transition time: 4.000000
{"outcome":{"outcome":"Positive","transition_time":{"x":4,"y":1.486566321,"i":12},"plateau_point":{"x":8,"y":64.74820131,"i":24},"increase":63.26163499,"suspect_score":0,"arm_width":3.666666667,"window_rate":15.9388471,"rise_width":4.666666667,"shape_flag":0,"climbs_fixed":0,"climb_first_i":-1},"peak_features":{"main_peak":{"x":5.333333333,"y":23.57199057,"i":16},"left_arm":{"x":4,"y":5.840940996,"i":12},"right_arm":{"x":7.666666667,"y":9.736239743,"i":23}},"time_data":[0,0.333333333,0.666666667,1,1.333333333,1.666666667,2,2.333333333,2.666666667,3,3.333333333,3.666666667,4,4.333333333,4.666666667,5,5.333333333,5.666666667,6,6.333333333,6.666666667,7,7.333333333,7.666666667,8,8.333333333,8.666666667,9,9.333333333,9.666666667,10,10.33333333,10.66666667,11,11.33333333,11.66666667,12,12.33333333,12.66666667,13,13.33333333,13.66666667,14,14.33333333,14.66666667,15,15.33333333,15.66666667,16,16.33333333,16.66666667,17,17.33333333,17.66666667,18,18.33333333,18.66666667,19,19.33333333,19.66666667,20,20.33333333,20.66666667,21,21.33333333,21.66666667,22,22.33333333,22.66666667,23,23.33333333,23.66666667,24,24.33333333,24.66666667,25,25.33333333,25.66666667,26,26.33333333,26.66666667,27,27.33333333,27.66666667,28,28.33333333,28.66666667,29,29.33333333,29.66666667],"raw_data":[360.0493,371.1467,379.778,376.6954,379.1615,392.1085,397.0407,395.8076,400.1233,397.0407,398.8903,400.1233,400.1233,400.7398,408.1381,413.0703,422.9347,432.1825,435.8816,443.2799,448.2121,451.9112,456.8434,459.926,464.2417,466.7078,469.7904,469.7904,479.0382,477.1887,477.8052,477.8052,479.0382,479.0382,480.8878,480.2713,479.0382,480.8878,480.2713,482.1208,480.8878,479.0382,480.8878,477.1887,482.1208,482.1208,480.2713,482.7374,482.1208,479.0382,477.8052,480.2713,482.7374,480.8878,482.1208,480.2713,480.2713,482.1208,480.8878,480.8878,480.2713,480.2713,480.2713,480.2713,482.1208,482.1208,482.1208,482.7374,480.8878,480.8878,482.1208,482.7374,480.2713,482.7374,482.7374,483.9704,485.2035,482.1208,485.2035,485.2035,482.1208,485.2035,485.82,487.053,480.8878,483.9704,485.82,488.2861,488.2861,488.9026],"processed_data":[-36.01298181,-29.65532116,-23.76071977,-18.32917765,-13.36069479,-8.996990782,-5.180414902,-1.238405038,0.635183359,0.354945063,-0.034717114,0.669879996,1.486566321,4.56384066,9.546733774,15.94682279,23.69205557,31.66148317,38.39786506,44.6591748,49.42855386,53.86965454,58.25737482,62.06059536,64.74820131,68.31922906,71.54329652,74.5485137,76.74771356,78.61863477,79.66485979,80.51357966,80.36678496,80.94594637,81.38632017,81.55446001,81.84804096,82.30175742,82.10692963,82.57665963,82.02152018,81.47439205,81.61050864,81.35962918,81.96013982,82.99568328,83.36133143,83.23055264,81.8854098,81.70392268,81.65054202,81.71726389,82.24837927,82.78216407,83.13446692,82.80085087,82.52061165,82.59800991,82.38716145,82.43520246,82.01351004,81.73861047,82.05888651,82.39784406,83.13180238,83.55616291,83.58818695,83.44406286,83.41737121,83.10777408,83.02503749,83.0303786,83.46007614,84.25541575,84.37017822,84.85058752,85.9074855,85.64593228,85.60590128,85.49380652,86.38789837,86.62009486,85.96353519,85.72332803,86.1903882,86.2944764,86.97985714,88.04956444,89.5035983,91.34195871],"differential_data":[19.07298196,18.37839306,16.98921527,15.60003747,13.99828029,12.27041983,11.63787862,8.723397391,2.390025151,-1.00485071,0.472402399,2.281925152,5.840940996,12.09025118,17.0744732,21.2179827,23.57199057,22.05871423,19.49653744,16.54603319,13.8157196,13.24323144,12.28641124,9.736239743,9.38795055,10.19264281,9.343926962,7.806625564,6.105181607,4.375719343,2.842417333,1.052887756,0.648550058,1.52930282,0.912770457,0.692581177,1.120946116,0.388333011,0.412353317,-0.12811418,-1.653401362,-0.616517302,-0.172144308,0.52444676,2.454081151,2.101787419,0.352304038,-2.213882446,-2.289944934,-0.35230166,0.020011803,0.896755863,1.597350282,1.329131486,0.028030197,-0.920782907,-0.304261443,-0.200175298,-0.244211172,-0.560477121,-1.044887989,0.068064702,0.988850383,1.609373811,1.737478281,0.684576852,-0.168150072,-0.256223604,-0.504433174,-0.58850058,-0.116093227,0.652557968,1.837555724,1.365153127,0.892757663,2.305960915,1.193017142,-0.452376329,-0.228188651,1.172995629,1.689432516,-0.63654476,-1.345150242,0.340279517,0.856722547,1.184203408,2.63263207,3.785611735,4.9385914,5.515081232,19.07298196,18.37839306,16.98921527,15.60003747,13.99828029,12.27041983,11.63787862,8.723397391,2.390025151,-1.00485071,0.472402399,2.281925152,5.840940996,12.09025118,17.0744732,21.2179827,23.57199057,22.05871423,19.49653744,16.54603319,13.8157196,13.24323144,12.28641124,9.736239743,9.38795055,10.19264281,9.343926962,7.806625564,6.105181607,4.375719343,2.842417333,1.052887756,0.648550058,1.52930282,0.912770457,0.692581177,1.120946116,0.388333011,0.412353317,-0.12811418,-1.653401362,-0.616517302,-0.172144308,0.52444676,2.454081151,2.101787419,0.352304038,-2.213882446,-2.289944934,-0.35230166,0.020011803,0.896755863,1.597350282,1.329131486,0.028030197,-0.920782907,-0.304261443,-0.200175298,-0.244211172,-0.560477121,-1.044887989,0.068064702,0.988850383,1.609373811,1.737478281,0.684576852,-0.168150072,-0.256223604,-0.504433174,-0.58850058,-0.116093227,0.652557968,1.837555724,1.365153127,0.892757663,2.305960915,1.193017142,-0.452376329,-0.228188651,1.172995629,1.689432516,-0.63654476,-1.345150242,0.340279517,0.856722547,1.184203408,2.63263207,3.785611735,4.9385914,5.515081232]}

Slot 3:
Outcome check: Positive
Index Rising data : 4.000000
Index Break data : 0.000000
Index Transition time: 3.666667
{"outcome":{"outcome":"Positive","transition_time":{"x":3.666666667,"y":0.926814884,"i":11},"plateau_point":{"x":8.333333333,"y":70.90759092,"i":25},"increase":69.98077604,"suspect_score":0,"arm_width":3.666666667,"window_rate":15.94233644,"rise_width":4.666666667,"shape_flag":0,"climbs_fixed":0,"climb_first_i":-1},"peak_features":{"main_peak":{"x":5,"y":23.35761727,"i":15},"left_arm":{"x":3.666666667,"y":5.88043094,"i":11},"right_arm":{"x":7.333333333,"y":9.97341701,"i":22}},"time_data":[0,0.333333333,0.666666667,1,1.333333333,1.666666667,2,2.333333333,2.666666667,3,3.333333333,3.666666667,4,4.333333333,4.666666667,5,5.333333333,5.666666667,6,6.333333333,6.666666667,7,7.333333333,7.666666667,8,8.333333333,8.666666667,9,9.333333333,9.666666667,10,10.33333333,10.66666667,11,11.33333333,11.66666667,12,12.33333333,12.66666667,13,13.33333333,13.66666667,14,14.33333333,14.66666667,15,15.33333333,15.66666667,16,16.33333333,16.66666667,17,17.33333333,17.66666667,18,18.33333333,18.66666667,19,19.33333333,19.66666667,20,20.33333333,20.66666667,21,21.33333333,21.66666667,22,22.33333333,22.66666667,23,23.33333333,23.66666667,24,24.33333333,24.66666667,25,25.33333333,25.66666667,26,26.33333333,26.66666667,27,27.33333333,27.66666667,28,28.33333333,28.66666667,29,29.33333333,29.66666667],"raw_data":[371.0106,380.3191,376.9947,378.9893,392.2872,396.9415,396.2766,400.2659,396.9415,398.9362,400.2659,400.2659,400.9308,408.2447,412.8989,422.8723,432.1808,436.1702,442.8191,448.1383,452.1276,456.7819,460.1064,464.0957,466.7553,470.0798,470.0798,478.7234,476.7287,478.0585,478.0585,478.7234,478.7234,480.7181,480.0532,478.7234,480.7181,480.0532,482.0479,480.7181,478.7234,480.7181,476.7287,482.0479,482.0479,480.0532,482.7127,482.0479,478.7234,478.0585,480.0532,482.7127,480.7181,482.0479,480.0532,480.0532,482.0479,480.7181,480.7181,480.0532,480.0532,480.0532,480.0532,482.0479,482.0479,482.0479,482.7127,480.7181,480.7181,482.0479,482.7127,480.0532,482.7127,482.7127,484.0425,484.7074,482.0479,484.7074,484.7074,482.0479,484.7074,486.0372,486.7021,480.7181,484.0425,486.0372,488.0319,488.0319,488.6968,486.7021],"processed_data":[-28.60310299,-22.99582936,-17.94263499,-13.44351988,-9.498484029,-5.776807777,-1.819108839,0.094975723,-0.230280096,-0.601580996,0.077704095,0.926814884,3.997991388,8.894023284,15.32420752,23.00358205,30.89595237,37.66289874,43.9434072,48.74445677,53.17420306,57.54350472,61.4551562,64.1924494,67.76733716,70.90759092,73.837728,76.10297014,77.92495159,78.88631317,79.72103129,79.62604579,80.13550809,80.43773172,80.57876812,80.9558268,81.44514247,81.23502406,81.74161506,81.14292201,80.5528645,80.69966172,80.42909512,81.07671313,82.19350153,82.52738523,82.48709384,81.10837638,80.95582402,80.91265222,80.97022013,81.49983077,82.00353462,82.28272924,81.98338562,81.6811645,81.76463589,81.5372506,81.58906073,81.13428117,80.83780858,81.18320416,81.54875309,82.34029517,82.79795144,82.83249615,82.67706999,82.64828703,82.31440002,82.22516952,82.23092136,82.7547725,83.51177305,83.6240311,84.05866165,85.01139032,84.68901822,84.53071112,84.47026135,85.44889217,85.66764666,85.10349845,84.97397432,85.46328986,85.60720574,86.49084856,87.01930919,87.69600373,88.52093219,89.49409457],"differential_data":[16.8218209,15.99070201,14.32846422,12.66622643,11.50006815,11.51906279,8.80767525,2.383243115,-1.044835078,0.461976287,2.29259382,5.88043094,11.9508126,16.9893242,21.16433815,23.35761727,21.98897503,19.57118225,16.62233704,13.84619378,13.19857194,12.42142972,9.97341701,9.468271429,10.07271229,9.105586262,7.793068824,6.130835397,4.175014545,2.69411954,1.109598928,0.621715199,1.217528901,0.664890042,0.777142611,1.299561538,0.418795895,0.444708886,-0.138153076,-1.78312584,-0.664890438,-0.185654083,0.565577123,2.646609616,2.17600815,0.440388469,-2.128513287,-2.296904725,-0.293586236,0.021594159,0.880767822,1.549971742,1.174347716,-0.0302235,-0.902347119,-0.328124604,-0.215870845,-0.263362736,-0.60445414,-1.126878218,0.073384471,1.066416753,1.735636525,1.873797528,0.738301463,-0.181322172,-0.276313683,-0.54400496,-0.634676252,-0.125217983,0.794404463,1.921277529,1.3038879,0.820332911,2.081038834,0.945534842,-0.721018804,-0.328135305,1.377271578,1.796077976,-0.518090583,-1.040508518,0.53968712,0.949847135,1.541338041,2.118155165,1.807732758,2.25243451,2.697136262,2.919487138,16.8218209,15.99070201,14.32846422,12.66622643,11.50006815,11.51906279,8.80767525,2.383243115,-1.044835078,0.461976287,2.29259382,5.88043094,11.9508126,16.9893242,21.16433815,23.35761727,21.98897503,19.57118225,16.62233704,13.84619378,13.19857194,12.42142972,9.97341701,9.468271429,10.07271229,9.105586262,7.793068824,6.130835397,4.175014545,2.69411954,1.109598928,0.621715199,1.217528901,0.664890042,0.777142611,1.299561538,0.418795895,0.444708886,-0.138153076,-1.78312584,-0.664890438,-0.185654083,0.565577123,2.646609616,2.17600815,0.440388469,-2.128513287,-2.296904725,-0.293586236,0.021594159,0.880767822,1.549971742,1.174347716,-0.0302235,-0.902347119,-0.328124604,-0.215870845,-0.263362736,-0.60445414,-1.126878218,0.073384471,1.066416753,1.735636525,1.873797528,0.738301463,-0.181322172,-0.276313683,-0.54400496,-0.634676252,-0.125217983,0.794404463,1.921277529,1.3038879,0.820332911,2.081038834,0.945534842,-0.721018804,-0.328135305,1.377271578,1.796077976,-0.518090583,-1.040508518,0.53968712,0.949847135,1.541338041,2.118155165,1.807732758,2.25243451,2.697136262,2.919487138]}

Slot 4:
Outcome check: Error
Index Rising data : 4.000000
Index Break data : 0.000000
Index Transition time: 3.333333
{"outcome":{"outcome":"Error","transition_time":{"x":3.333333333,"y":-0.808255547,"i":10},"plateau_point":{"x":8,"y":69.35414408,"i":24},"increase":70.16239962,"suspect_score":0,"arm_width":-1,"window_rate":15.52748924,"rise_width":4.333333333,"shape_flag":0,"climbs_fixed":0,"climb_first_i":-1},"peak_features":{"main_peak":{"x":4.666666667,"y":23.16643078,"i":14},"left_arm":{"x":-1,"y":-1,"i":-1},"right_arm":{"x":7,"y":9.9204379,"i":21}},"time_data":[0,0.333333333,0.666666667,1,1.333333333,1.666666667,2,2.333333333,2.666666667,3,3.333333333,3.666666667,4,4.333333333,4.666666667,5,5.333333333,5.666666667,6,6.333333333,6.666666667,7,7.333333333,7.666666667,8,8.333333333,8.666666667,9,9.333333333,9.666666667,10,10.33333333,10.66666667,11,11.33333333,11.66666667,12,12.33333333,12.66666667,13,13.33333333,13.66666667,14,14.33333333,14.66666667,15,15.33333333,15.66666667,16,16.33333333,16.66666667,17,17.33333333,17.66666667,18,18.33333333,18.66666667,19,19.33333333,19.66666667,20,20.33333333,20.66666667,21,21.33333333,21.66666667,22,22.33333333,22.66666667,23,23.33333333,23.66666667,24,24.33333333,24.66666667,25,25.33333333,25.66666667,26,26.33333333,26.66666667,27,27.33333333,27.66666667,28,28.33333333,28.66666667,29,29.33333333,29.66666667],"raw_data":[379.7688,376.8786,379.1907,391.9075,397.1098,395.9538,400,397.1098,398.8439,400,400,401.1561,408.0925,412.7168,423.1214,431.7919,435.8381,442.7746,447.9769,452.0231,457.2254,460.1156,464.1618,467.052,469.9422,469.9422,479.1907,476.8786,478.0347,478.0347,479.1907,479.1907,480.9248,479.7688,479.1907,480.9248,479.7688,482.0809,480.9248,479.1907,480.9248,476.8786,482.0809,482.0809,479.7688,483.237,482.0809,479.1907,478.0347,479.7688,483.237,480.9248,482.0809,479.7688,479.7688,482.0809,480.9248,480.9248,479.7688,479.7688,479.7688,479.7688,482.0809,482.0809,482.0809,483.237,480.9248,480.9248,482.0809,483.237,479.7688,483.237,483.237,483.815,484.9711,482.0809,484.9711,484.9711,482.0809,484.9711,486.1272,487.2832,480.9248,483.815,486.1272,487.8613,487.8613,489.0173,487.2832,487.8613],"processed_data":[-25.70730683,-20.00928012,-15.06945556,-10.88783317,-7.464412937,-3.535775057,-1.646524537,-1.979332598,-2.362188694,-1.603991752,-0.808255547,2.294610358,7.244187128,13.64760679,21.28467088,29.09189398,35.83062625,42.17399234,47.01847727,51.58269616,56.05933899,59.9904764,62.67296425,66.23876464,69.35414408,72.34190653,74.54894518,76.37312588,77.46413273,78.38498255,78.16978395,78.73780816,79.11315456,79.1707049,79.39591736,79.82131324,79.68869283,80.28174079,79.65866234,79.1456888,79.37590588,78.93549733,79.53605883,80.5695205,80.99992034,81.04245695,79.61362764,79.49351693,79.49351495,79.49351363,80.03401455,80.40936226,80.66460112,80.3267887,79.97646077,80.11659023,79.92140482,79.98146103,79.42093767,79.01055618,79.31084122,79.67618551,80.6520967,81.2476516,81.41280124,81.27266848,81.32271203,80.9173333,80.78721255,80.82975511,81.36025195,82.13096572,82.21354114,82.58889084,83.61984689,83.17193075,83.04681529,83.02929912,84.01771407,84.33550272,83.71742902,83.57980003,84.03021504,84.01269954,84.80343126,85.82187445,86.36312524,86.86934324,87.34052845,87.77668087],"differential_data":[17.09408014,15.9567769,13.68217042,11.40756394,11.02808717,8.7268326,2.334663688,-1.073496236,0.563011269,2.330899722,5.847903165,12.07866401,17.02949464,21.06072562,23.16643078,21.81893307,19.62314754,16.78177653,14.11305574,13.56129257,12.61167036,9.9204379,9.372432362,10.02176973,9.154712826,7.792201649,6.046829025,4.372781332,3.01778501,1.058476832,0.529238416,1.415055907,0.649345101,0.4241442,0.975912515,0.439163208,0.690641329,-0.045045729,-1.704077981,-0.424134688,-0.315287206,0.240229421,2.451034744,2.19579226,0.709404685,-2.079439039,-2.323410034,-0.180169044,-4.954152288e-6,0.810749401,1.373772956,0.94587985,-0.123860347,-1.032210511,-0.315297709,-0.082583935,-0.202693791,-0.750700715,-1.456357287,-0.165144685,0.998444,2.011883228,2.357199136,1.141056804,0.037525326,-0.135133818,-0.533002779,-0.803249211,-0.131367275,0.859559096,1.951815915,1.279933781,0.686887667,2.109458626,0.874559873,-0.859547404,-0.213947445,1.456348171,1.959305404,-0.450427563,-1.133554038,0.46917903,0.649349262,1.159824322,2.713762358,2.339540972,1.571203197,1.46610482,1.361006442,1.308457253,17.09408014,15.9567769,13.68217042,11.40756394,11.02808717,8.7268326,2.334663688,-1.073496236,0.563011269,2.330899722,5.847903165,12.07866401,17.02949464,21.06072562,23.16643078,21.81893307,19.62314754,16.78177653,14.11305574,13.56129257,12.61167036,9.9204379,9.372432362,10.02176973,9.154712826,7.792201649,6.046829025,4.372781332,3.01778501,1.058476832,0.529238416,1.415055907,0.649345101,0.4241442,0.975912515,0.439163208,0.690641329,-0.045045729,-1.704077981,-0.424134688,-0.315287206,0.240229421,2.451034744,2.19579226,0.709404685,-2.079439039,-2.323410034,-0.180169044,-4.954152288e-6,0.810749401,1.373772956,0.94587985,-0.123860347,-1.032210511,-0.315297709,-0.082583935,-0.202693791,-0.750700715,-1.456357287,-0.165144685,0.998444,2.011883228,2.357199136,1.141056804,0.037525326,-0.135133818,-0.533002779,-0.803249211,-0.131367275,0.859559096,1.951815915,1.279933781,0.686887667,2.109458626,0.874559873,-0.859547404,-0.213947445,1.456348171,1.959305404,-0.450427563,-1.133554038,0.46917903,0.649349262,1.159824322,2.713762358,2.339540972,1.571203197,1.46610482,1.361006442,1.308457253]}

Slot 5:
Outcome check: Error
Index Rising data : 4.000000
Index Break data : 0.000000
Index Transition time: 3.000000
{"outcome":{"outcome":"Error","transition_time":{"x":3,"y":-2.636155694,"i":9},"plateau_point":{"x":8,"y":70.7238969,"i":24},"increase":73.3600526,"suspect_score":0,"arm_width":-1,"window_rate":14.73742319,"rise_width":4,"shape_flag":0,"climbs_fixed":0,"climb_first_i":-1},"peak_features":{"main_peak":{"x":4.333333333,"y":23.39683037,"i":13},"left_arm":{"x":-1,"y":-1,"i":-1},"right_arm":{"x":6.666666667,"y":9.858165394,"i":20}},"time_data":[0,0.333333333,0.666666667,1,1.333333333,1.666666667,2,2.333333333,2.666666667,3,3.333333333,3.666666667,4,4.333333333,4.666666667,5,5.333333333,5.666666667,6,6.333333333,6.666666667,7,7.333333333,7.666666667,8,8.333333333,8.666666667,9,9.333333333,9.666666667,10,10.33333333,10.66666667,11,11.33333333,11.66666667,12,12.33333333,12.66666667,13,13.33333333,13.66666667,14,14.33333333,14.66666667,15,15.33333333,15.66666667,16,16.33333333,16.66666667,17,17.33333333,17.66666667,18,18.33333333,18.66666667,19,19.33333333,19.66666667,20,20.33333333,20.66666667,21,21.33333333,21.66666667,22,22.33333333,22.66666667,23,23.33333333,23.66666667,24,24.33333333,24.66666667,25,25.33333333,25.66666667,26,26.33333333,26.66666667,27,27.33333333,27.66666667,28,28.33333333,28.66666667,29,29.33333333,29.66666667],"raw_data":[376.7834,378.7289,391.6991,396.8872,396.2387,400.1297,396.8872,398.8327,400.1297,400.1297,400.7782,407.9118,413.0999,422.8275,431.9066,435.7977,442.9313,448.1194,452.0104,457.1985,459.7925,463.6835,466.9261,470.1686,470.1686,479.2477,477.3022,477.9507,477.9507,479.2477,479.2477,481.1933,479.8963,479.2477,481.1933,479.8963,481.8418,481.1933,479.2477,481.1933,477.3022,481.8418,481.8418,479.8963,483.1388,481.8418,479.2477,477.9507,479.8963,483.1388,481.1933,481.8418,479.8963,479.8963,481.8418,481.1933,481.1933,479.8963,479.8963,479.8963,479.8963,481.8418,481.8418,481.8418,483.1388,481.1933,481.1933,481.8418,483.1388,479.8963,483.1388,483.1388,483.7873,485.0843,481.8418,485.0843,485.0843,481.8418,485.0843,485.7328,487.0298,481.1933,483.7873,485.7328,487.6784,487.6784,488.9754,487.0298,487.6784,485.7328],"processed_data":[-26.69049276,-19.46060588,-13.49966169,-8.807660203,-5.384601411,-3.40819282,-3.686120896,-4.107232296,-3.503641236,-2.636155694,0.468823454,5.395804665,11.77420414,19.4552356,27.37209105,34.10422744,40.43490601,45.33942958,49.7526549,54.10692686,57.95867088,60.67903712,64.30057806,67.58523018,70.7238969,72.9698197,74.72724868,75.71825723,76.63065817,76.43695095,76.97596985,77.45602893,77.57955483,77.73396836,78.14104313,77.95013969,78.54249738,78.01470498,77.51217863,77.71430936,77.2791682,77.78450362,78.73340821,79.08994666,79.09556005,77.77888997,77.64132717,77.68343548,77.71151033,78.27298832,78.66602699,78.88219832,78.517239,78.22246231,78.37686686,78.27018216,78.32071531,77.8210004,77.41954615,77.58799526,77.84627886,78.71656885,79.27243002,79.51666696,79.43244293,79.54473441,79.18819596,79.05624971,79.03379141,79.47455495,80.28589039,80.39537887,80.74630579,81.80469041,81.36112573,81.27970893,81.22075359,82.10227854,82.44477692,81.82434439,81.67274574,82.138774,82.06578837,82.9136227,83.87375248,85.53572921,85.81141587,85.51439341,84.64466183,83.20222112],"differential_data":[21.68966064,19.7862466,15.97941851,12.17259042,8.099201074,2.547720773,-1.048559214,0.27371949,2.206614903,5.958697034,12.04794054,16.95807103,21.0891464,23.39683037,21.97348775,19.59422243,16.85280322,13.97662334,13.15124591,12.30902397,9.858165394,9.512860781,10.35928959,9.634978257,8.076884282,6.005027672,4.12265629,2.855114231,1.078040581,0.517967521,1.528616967,0.905377475,0.416909156,0.842232444,0.324256996,0.602181373,0.096847931,-1.545478127,-0.450593428,-0.349515642,0.105291391,2.181360022,1.958164562,0.543227753,-1.966585035,-2.181349321,-0.143181739,0.105274745,0.884329263,1.431774982,0.913814991,-0.223181985,-0.989604009,-0.21055821,0.071579772,-0.084227327,-0.673772638,-1.35175373,-0.349507716,0.640099067,1.692860393,2.13922674,1.200147158,0.240019365,0.042101179,-0.366370461,-0.732727051,-0.231606818,0.627457854,1.878148463,1.381235891,0.690623098,2.113967301,0.922229915,-0.787472217,-0.21055821,1.233854418,1.836034998,-0.416901229,-1.158046772,0.471644414,0.589563939,1.16227306,2.711946165,3.933159766,2.906495092,-0.032003705,-1.750131067,-3.468258429,-4.32732211,21.68966064,19.7862466,15.97941851,12.17259042,8.099201074,2.547720773,-1.048559214,0.27371949,2.206614903,5.958697034,12.04794054,16.95807103,21.0891464,23.39683037,21.97348775,19.59422243,16.85280322,13.97662334,13.15124591,12.30902397,9.858165394,9.512860781,10.35928959,9.634978257,8.076884282,6.005027672,4.12265629,2.855114231,1.078040581,0.517967521,1.528616967,0.905377475,0.416909156,0.842232444,0.324256996,0.602181373,0.096847931,-1.545478127,-0.450593428,-0.349515642,0.105291391,2.181360022,1.958164562,0.543227753,-1.966585035,-2.181349321,-0.143181739,0.105274745,0.884329263,1.431774982,0.913814991,-0.223181985,-0.989604009,-0.21055821,0.071579772,-0.084227327,-0.673772638,-1.35175373,-0.349507716,0.640099067,1.692860393,2.13922674,1.200147158,0.240019365,0.042101179,-0.366370461,-0.732727051,-0.231606818,0.627457854,1.878148463,1.381235891,0.690623098,2.113967301,0.922229915,-0.787472217,-0.21055821,1.233854418,1.836034998,-0.416901229,-1.158046772,0.471644414,0.589563939,1.16227306,2.711946165,3.933159766,2.906495092,-0.032003705,-1.750131067,-3.468258429,-4.32732211]}

Slot 6:
Outcome check: Error
Index Rising data : 4.000000
Index Break data : 0.000000
Index Transition time: 2.666667
{"outcome":{"outcome":"Error","transition_time":{"x":2.666666667,"y":-6.340783321,"i":8},"plateau_point":{"x":6.666666667,"y":57.20592284,"i":20},"increase":63.54670616,"suspect_score":0,"arm_width":-1,"window_rate":13.27325363,"rise_width":3.666666667,"shape_flag":0,"climbs_fixed":0,"climb_first_i":-1},"peak_features":{"main_peak":{"x":4,"y":23.34011623,"i":12},"left_arm":{"x":-1,"y":-1,"i":-1},"right_arm":{"x":6.333333333,"y":9.8464298,"i":19}},"time_data":[0,0.333333333,0.666666667,1,1.333333333,1.666666667,2,2.333333333,2.666666667,3,3.333333333,3.666666667,4,4.333333333,4.666666667,5,5.333333333,5.666666667,6,6.333333333,6.666666667,7,7.333333333,7.666666667,8,8.333333333,8.666666667,9,9.333333333,9.666666667,10,10.33333333,10.66666667,11,11.33333333,11.66666667,12,12.33333333,12.66666667,13,13.33333333,13.66666667,14,14.33333333,14.66666667,15,15.33333333,15.66666667,16,16.33333333,16.66666667,17,17.33333333,17.66666667,18,18.33333333,18.66666667,19,19.33333333,19.66666667,20,20.33333333,20.66666667,21,21.33333333,21.66666667,22,22.33333333,22.66666667,23,23.33333333,23.66666667,24,24.33333333,24.66666667,25,25.33333333,25.66666667,26,26.33333333,26.66666667,27,27.33333333,27.66666667,28,28.33333333,28.66666667,29,29.33333333,29.66666667],"raw_data":[379.2312,391.8531,397.0166,395.8692,399.8853,397.0166,398.7378,399.8853,399.8853,401.0327,407.9174,413.0809,422.8342,432.0138,436.0298,442.9145,448.078,452.0941,457.2576,460.1262,464.1423,467.0109,469.8795,469.8795,479.0591,476.7642,477.9117,477.9117,479.0591,479.0591,480.7802,480.2065,479.0591,480.7802,480.2065,481.9277,480.7802,479.0591,480.7802,476.7642,481.9277,481.9277,480.2065,483.0751,481.9277,479.0591,477.9117,480.2065,483.0751,480.7802,481.9277,480.2065,480.2065,481.9277,480.7802,480.7802,480.2065,480.2065,480.2065,480.2065,481.9277,481.9277,481.9277,483.0751,480.7802,480.7802,481.9277,483.0751,480.2065,483.0751,483.0751,484.2226,484.7963,481.9277,484.7963,484.7963,481.9277,484.7963,485.9438,487.0912,480.7802,484.2226,485.9438,488.2386,488.2386,488.8124,487.0912,488.2386,485.9438,488.2386],"processed_data":[-23.03241189,-17.50032811,-13.01882828,-9.587912384,-7.207580434,-7.537903625,-7.917903487,-7.217512387,-6.340783321,-3.2511166,1.733575862,8.198516978,15.90031929,23.75859446,30.5190904,36.82508038,41.72035964,46.1983846,50.64163631,54.54344844,57.20592284,60.74512657,63.83726997,66.8027493,68.99333382,70.80391611,71.88678824,72.74861178,72.62194586,73.24782453,73.60546426,73.76193449,74.0351404,74.457361,[stack]74.27605501,74.76532947,74.16180222,73.59056217,73.67997061,73.38193832, Control=1120/409674.04010802,75.1031111, Sensor=1516/1024075.54271668,75.52036275, Display=8352/1024074.15187436,74.03265962,73.98298401,73.99540241, Network=2172/614474.55422128,75.03853459,75.32912283,74.95657745, Input=1488/614474.60886664,74.73304716, Setting=7016/819274 | unused=23392 B
.53683617,74.58154165,74.18912866,73.93331751,74.23135931,74.49462706,75.26455319,75.72154018,75.78859245,75.614735,75.66440467,75.34898317,75.28192654,75.30924783,75.93512703,76.74976537,76.83172568,77.15460377,78.07852331,77.64885722,77.46258651,77.35827003,78.39146826,78.65473258,78.12819629,78.00152812,78.52060927,78.66465792,79.53641844,80.50752622,82.23863319,82.00765317,82.10848884,81.91376989,81.42349632,80.63766812],"differential_data":[16.59625133,15.02037542,11.86862359,8.716871762,3.075013138,-1.06548458,0.480586857,2.365680249,5.94959368,12.11153878,17.17445037,21.25011513,23.34011623,21.92815667,19.59972887,16.80190386,14.05995634,13.38191501,12.51759576,9.8464298,9.302517185,9.947020692,9.086434104,7.734095784,6.001750203,4.340181623,2.917043513,1.102736436,0.748819128,1.475277591,0.771164931,0.644514208,1.043139767,0.36137192,0.461952705,-0.171379188,-1.76215095,-0.722747406,-0.312935767,0.540206117,2.581759168,2.253912988,0.625877479,-2.086263483,-2.2315547,-0.253335532,-0.05588581,0.856855913,1.564698256,1.162352327,-0.122935704,-1.080384292,-0.335295442,-0.108045702,-0.227258261,-0.521561263,-0.972336212,0.063345971,0.841964325,1.549790816,1.840369683,0.786058897,-0.160207773,-0.186281675,-0.398627739,-0.573717192,-0.05960301,0.979800732,2.160776312,1.344897976,0.607257595,1.870196454,0.741380171,-0.923905212,-0.435880785,1.393322635,1.944693825,-0.394907964,-0.979806677,0.58861948,0.994694697,1.523713744,2.76430244,4.053322136,2.250190438,-0.195216528,-0.14082493,-1.027488788,-1.914152646,-2.357484575,16.59625133,15.02037542,11.86862359,8.716871762,3.075013138,-1.06548458,0.480586857,2.365680249,5.94959368,12.11153878,17.17445037,21.25011513,23.34011623,21.92815667,19.59972887,16.80190386,14.05995634,13.38191501,12.51759576,9.8464298,9.302517185,9.947020692,9.086434104,7.734095784,6.001750203,4.340181623,2.917043513,1.102736436,0.748819128,1.475277591,0.771164931,0.644514208,1.043139767,0.36137192,0.461952705,-0.171379188,-1.76215095,-0.722747406,-0.312935767,0.540206117,2.581759168,2.253912988,0.625877479,-2.086263483,-2.2315547,-0.253335532,-0.05588581,0.856855913,1.564698256,1.162352327,-0.122935704,-1.080384292,-0.335295442,-0.108045702,-0.227258261,-0.521561263,-0.972336212,0.063345971,0.841964325,1.549790816,1.840369683,0.786058897,-0.160207773,-0.186281675,-0.398627739,-0.573717192,-0.05960301,0.979800732,2.160776312,1.344897976,0.607257595,1.870196454,0.741380171,-0.923905212,-0.435880785,1.393322635,1.944693825,-0.394907964,-0.979806677,0.58861948,0.994694697,1.523713744,2.76430244,4.053322136,2.250190438,-0.195216528,-0.14082493,-1.027488788,-1.914152646,-2.357484575]}

Slot 7:
Outcome check: Error
Index Rising data : 4.000000
Index Break data : 0.000000
Index Transition time: 2.333333
{"outcome":{"outcome":"Error","transition_time":{"x":2.333333333,"y":-11.1424151,"i":7},"plateau_point":{"x":7.333333333,"y":62.00356474,"i":22},"increase":73.14597984,"suspect_score":0,"arm_width":-1,"window_rate":11.77157051,"rise_width":3.666666667,"shape_flag":0,"climbs_fixed":0,"climb_first_i":-1},"peak_features":{"main_peak":{"x":4,"y":21.72533605,"i":12},"left_arm":{"x":-1,"y":-1,"i":-1},"right_arm":{"x":6,"y":9.983214539,"i":18}},"time_data":[0,0.333333333,0.666666667,1,1.333333333,1.666666667,2,2.333333333,2.666666667,3,3.333333333,3.666666667,4,4.333333333,4.666666667,5,5.333333333,5.666666667,6,6.333333333,6.666666667,7,7.333333333,7.666666667,8,8.333333333,8.666666667,9,9.333333333,9.666666667,10,10.33333333,10.66666667,11,11.33333333,11.66666667,12,12.33333333,12.66666667,13,13.33333333,13.66666667,14,14.33333333,14.66666667,15,15.33333333,15.66666667,16,16.33333333,16.66666667,17,17.33333333,17.66666667,18,18.33333333,18.66666667,19,19.33333333,19.66666667,20,20.33333333,20.66666667,21,21.33333333,21.66666667,22,22.33333333,22.66666667,23,23.33333333,23.66666667,24,24.33333333,24.66666667,25,25.33333333,25.66666667,26,26.33333333,26.66666667,27,27.33333333,27.66666667,28,28.33333333,28.66666667,29,29.33333333,29.66666667],"raw_data":[392.0841,397.0316,395.7947,400.1237,397.0316,398.8868,400.1237,400.1237,400.7421,408.1633,413.1107,423.0056,432.282,435.9926,442.7953,447.7427,452.0717,457.0192,460.1113,463.8219,466.914,470.0062,470.0062,479.2826,476.8089,478.0458,478.0458,479.2826,479.2826,481.1379,479.9011,479.2826,481.1379,479.9011,481.7563,481.1379,479.2826,481.1379,476.8089,481.7563,481.7563,479.9011,482.9932,481.7563,479.2826,478.0458,479.9011,482.9932,481.1379,481.7563,479.9011,479.9011,481.7563,481.1379,481.1379,479.9011,479.9011,479.9011,479.9011,481.7563,481.7563,481.7563,482.9932,481.1379,481.1379,481.7563,482.9932,479.9011,482.9932,482.9932,484.2301,484.8485,481.7563,484.8485,484.8485,481.7563,484.8485,486.0854,486.7038,481.1379,484.2301,486.0854,487.9406,487.9406,489.1775,486.7038,487.9406,486.0854,487.9406,491.0328],"processed_data":[-17.63779889,-15.93430629,-14.47309895,-13.25417688,-12.27754007,-12.66840908,-11.96163214,-11.1424151,-8.055622712,-3.057319674,3.41878678,11.15049235,18.98392741,25.63404972,31.86117091,36.70151523,41.11619046,45.55763344,49.49308942,52.2131098,55.80856733,58.98905951,62.00356474,64.26310935,66.07020945,67.13304911,68.08077052,67.90675559,68.5144763,68.91604945,69.03384558,69.18109382,69.569286,69.38723755,70.00834266,69.41132913,68.86518219,69.01777986,68.58943355,69.08471402,70.02976138,70.43669333,70.53574982,69.22393033,69.09274834,69.13290471,69.15967695,69.69511222,70.06991894,70.27606267,69.92803044,69.64692655,69.7941703,69.69243566,69.74062489,69.26408776,68.8812528,69.04188623,69.28818832,70.11811254,70.64819243,70.88110378,70.80078733,70.90787232,70.56787096,70.44204421,70.36440551,70.87842669,71.71906112,71.86362949,72.21166424,73.2075729,72.74442215,72.54363049,72.48740972,73.45119764,73.76174821,73.22095982,73.16741811,73.71624188,73.73766416,74.65326166,75.63578777,77.19122764,77.00114448,76.40948843,76.71441903,77.134469,77.66963834,78.31992705],"differential_data":[5.110477794,4.747049901,4.020194116,3.29333833,0.878651706,0.473861893,2.288990962,5.85901414,12.12764314,17.21161424,21.31171804,23.34771094,21.72533605,19.31586526,16.60119827,13.88252932,13.28417731,12.56534844,9.983214539,9.473216862,10.16392458,9.292496124,7.91107475,6.099967065,4.304909644,3.015841596,1.160559716,0.65055867,1.513940786,0.779053923,0.39756656,0.80316063,0.309215595,0.658584991,0.03613737,-1.714740704,-0.590323906,-0.413622968,0.100401247,2.160491745,2.027968964,0.758982671,-1.819144509,-2.164502231,-0.136538419,0.100392924,0.84331126,1.365362985,0.871425678,-0.212832761,-0.943704184,-0.200790207,0.068263661,-0.080318104,-0.642521846,-1.28905814,-0.333302287,0.610403284,1.614339457,2.040006167,1.144486861,0.228892339,0.04015281,-0.349374548,-0.698742161,-0.305198174,0.654573713,2.031983413,1.477804209,0.738904681,2.015915115,0.799136868,-0.995913617,-0.385518656,1.361350716,1.911507743,-0.345356731,-0.891495147,0.742923093,0.855369072,1.405529666,2.847185407,3.806948971,2.048035064,-1.172608809,-0.430088172,1.08747085,1.432828968,1.778187085,1.950866144,5.110477794,4.747049901,4.020194116,3.29333833,0.878651706,0.473861893,2.288990962,5.85901414,12.12764314,17.21161424,21.31171804,23.34771094,21.72533605,19.31586526,16.60119827,13.88252932,13.28417731,12.56534844,9.983214539,9.473216862,10.16392458,9.292496124,7.91107475,6.099967065,4.304909644,3.015841596,1.160559716,0.65055867,1.513940786,0.779053923,0.39756656,0.80316063,0.309215595,0.658584991,0.03613737,-1.714740704,-0.590323906,-0.413622968,0.100401247,2.160491745,2.027968964,0.758982671,-1.819144509,-2.164502231,-0.136538419,0.100392924,0.84331126,1.365362985,0.871425678,-0.212832761,-0.943704184,-0.200790207,0.068263661,-0.080318104,-0.642521846,-1.28905814,-0.333302287,0.610403284,1.614339457,2.040006167,1.144486861,0.228892339,0.04015281,-0.349374548,-0.698742161,-0.305198174,0.654573713,2.031983413,1.477804209,0.738904681,2.015915115,0.799136868,-0.995913617,-0.385518656,1.361350716,1.911507743,-0.345356731,-0.891495147,0.742923093,0.855369072,1.405529666,2.847185407,3.806948971,2.048035064,-1.172608809,-0.430088172,1.08747085,1.432828968,1.778187085,1.950866144]}

Slot 8:
Outcome check: Error
Index Rising data : 4.000000
Index Break data : 0.000000
Index Transition time: 2.000000
{"outcome":{"outcome":"Error","transition_time":{"x":2,"y":-16.30593106,"i":6},"plateau_point":{"x":7,"y":56.82157019,"i":21},"increase":73.12750125,"suspect_score":0,"arm_width":-1,"window_rate":10.37191089,"rise_width":3.333333333,"shape_flag":0,"climbs_fixed":0,"climb_first_i":-1},"peak_features":{"main_peak":{"x":4,"y":19.43559503,"i":12},"left_arm":{"x":-1,"y":-1,"i":-1},"right_arm":{"x":6,"y":9.335942454,"i":18}},"time_data":[0,0.333333333,0.666666667,1,1.333333333,1.666666667,2,2.333333333,2.666666667,3,3.333333333,3.666666667,4,4.333333333,4.666666667,5,5.333333333,5.666666667,6,6.333333333,6.666666667,7,7.333333333,7.666666667,8,8.333333333,8.666666667,9,9.333333333,9.666666667,10,10.33333333,10.66666667,11,11.33333333,11.66666667,12,12.33333333,12.66666667,13,13.33333333,13.66666667,14,14.33333333,14.66666667,15,15.33333333,15.66666667,16,16.33333333,16.66666667,17,17.33333333,17.66666667,18,18.33333333,18.66666667,19,19.33333333,19.66666667,20,20.33333333,20.66666667,21,21.33333333,21.66666667,22,22.33333333,22.66666667,23,23.33333333,23.66666667,24,24.33333333,24.66666667,25,25.33333333,25.66666667,26,26.33333333,26.66666667,27,27.33333333,27.66666667,28,28.33333333,28.66666667,29,29.33333333,29.66666667],"raw_data":[396.8554,396.2264,400,396.8554,398.7422,400,400,401.2579,408.1761,413.2076,423.2705,432.0755,435.8491,442.7673,447.7988,452.2013,457.2327,459.7484,464.151,467.2956,469.8113,469.8113,479.2453,476.7296,477.9875,477.9875,479.2453,479.2453,481.1321,479.8742,479.2453,481.1321,479.8742,481.761,481.1321,479.2453,481.1321,476.7296,481.761,481.761,479.8742,483.0189,481.761,479.2453,477.9875,479.8742,483.0189,481.1321,481.761,479.8742,479.8742,481.761,481.1321,481.1321,479.8742,479.8742,479.8742,479.8742,481.761,481.761,481.761,483.0189,481.1321,481.1321,481.761,483.0189,479.8742,483.0189,483.0189,484.2768,484.9057,481.761,484.9057,484.9057,481.761,484.9057,486.1635,486.7925,481.1321,484.2768,486.1635,488.0504,488.0504,489.3082,486.7925,488.0504,486.1635,488.0504,491.195,489.9371],"processed_data":[-18.66754539,-19.13828985,-19.1720506,-18.76882764,-17.92862097,-17.2370727,-16.30593106,-13.09593221,-8.064483378,-1.625429228,6.022483396,13.73301558,20.4062179,26.69007893,31.4792067,35.95795444,40.49115466,44.44170931,47.11534574,50.66567095,53.80760213,56.82157019,58.95612576,60.75579609,61.89386145,62.85767909,62.68070792,63.2987441,63.70713945,63.82693508,63.9766847,64.37147185,64.18633029,64.81798695,64.21083617,63.6554148,63.81060897,63.3749852,63.87867387,64.83977109,65.25360887,65.354347,64.02024821,63.88683672,63.92767744,63.95490612,64.4994347,64.88060585,65.0902488,64.73630778,64.45043205,64.60017613,64.49671467,64.54572273,64.06108747,63.67174566,63.83510586,64.08559428,64.92961735,65.4687027,65.70557301,65.62389503,65.73279786,65.38702023,65.25905421,65.18009559,65.70283898,66.55774877,66.70477374,67.05872361,68.07155143,67.60053758,67.39634275,67.33916483,68.31931269,68.63513646,68.08516135,68.03070478,68.58884565,68.61063005,69.54177671,70.54098471,72.12284144,71.92953214,71.32782828,71.28426569,71.64283789,72.25733929,73.12776989,74.25412968],"differential_data":[-1.412233387,-0.75675782,0.554193313,1.865144447,2.297632411,2.434034868,6.211710744,12.36217152,17.20575447,21.13045016,23.03766721,21.57560175,19.43559503,16.6094832,13.90181326,13.51792194,12.72563231,9.936286629,9.335942454,10.03838457,9.233848869,7.722785454,5.90133885,4.406603528,3.152824501,1.180269712,0.661597512,1.539647288,0.792286464,0.404317881,0.816805158,0.314468384,0.669772656,0.036758819,-1.743858238,-0.600340806,-0.420644389,0.10209735,2.197178828,2.062402502,0.771863863,-1.850040981,-2.201265409,-0.138856169,0.102104088,0.857635894,1.388549607,0.886221155,-0.216447112,-0.95972512,-0.204197475,0.069423923,-0.0816801,-0.653440797,-1.3109656,-0.338972414,0.620772919,1.641767229,2.074662642,1.163933494,0.232788482,0.040837276,-0.355312199,-0.71061548,-0.310386955,0.665677157,2.06647977,1.502902142,0.751462268,2.050166539,0.812720955,-1.012813023,-0.392059128,1.384454901,1.94395744,-0.351227005,-0.906647521,0.755526456,0.869887909,1.429396592,2.895531989,3.871597092,2.08282114,-1.192519745,-0.967899669,0.472514423,1.459610402,2.227397988,2.995185575,3.379079368,-1.412233387,-0.75675782,0.554193313,1.865144447,2.297632411,2.434034868,6.211710744,12.36217152,17.20575447,21.13045016,23.03766721,21.57560175,19.43559503,16.6094832,13.90181326,13.51792194,12.72563231,9.936286629,9.335942454,10.03838457,9.233848869,7.722785454,5.90133885,4.406603528,3.152824501,1.180269712,0.661597512,1.539647288,0.792286464,0.404317881,0.816805158,0.314468384,0.669772656,0.036758819,-1.743858238,-0.600340806,-0.420644389,0.10209735,2.197178828,2.062402502,0.771863863,-1.850040981,-2.201265409,-0.138856169,0.102104088,0.857635894,1.388549607,0.886221155,-0.216447112,-0.95972512,-0.204197475,0.069423923,-0.0816801,-0.653440797,-1.3109656,-0.338972414,0.620772919,1.641767229,2.074662642,1.163933494,0.232788482,0.040837276,-0.355312199,-0.71061548,-0.310386955,0.665677157,2.06647977,1.502902142,0.751462268,2.050166539,0.812720955,-1.012813023,-0.392059128,1.384454901,1.94395744,-0.351227005,-0.906647521,0.755526456,0.869887909,1.429396592,2.895531989,3.871597092,2.08282114,-1.192519745,-0.967899669,0.472514423,1.459610402,2.227397988,2.995185575,3.379079368]}

Slot 9:
Outcome check: Negative
Index Rising data : 8.333333
Index Break data : 0.000000
Index Transition time: 5.666667
{"outcome":{"outcome":"Negative","transition_time":{"x":5.666666667,"y":-2.291630733,"i":17},"plateau_point":{"x":6.666666667,"y":1.080572748,"i":20},"increase":3.37220348,"suspect_score":2,"arm_width":1,"window_rate":1.378321264,"rise_width":7,"shape_flag":0,"climbs_fixed":0,"climb_first_i":-1},"peak_features":{"main_peak":{"x":6.333333333,"y":4.441071547,"i":19},"left_arm":{"x":5.666666667,"y":1.575702221,"i":17},"right_arm":{"x":6.666666667,"y":0.195708238,"i":20}},"time_data":[0,0.333333333,0.666666667,1,1.333333333,1.666666667,2,2.333333333,2.666666667,3,3.333333333,3.666666667,4,4.333333333,4.666666667,5,5.333333333,5.666666667,6,6.333333333,6.666666667,7,7.333333333,7.666666667,8,8.333333333,8.666666667,9,9.333333333,9.666666667,10,10.33333333,10.66666667,11,11.33333333,11.66666667,12,12.33333333,12.66666667,13,13.33333333,13.66666667,14,14.33333333,14.66666667,15,15.33333333,15.66666667,16,16.33333333,16.66666667,17,17.33333333,17.66666667,18,18.33333333,18.66666667,19,19.33333333,19.66666667,20,20.33333333,20.66666667,21,21.33333333,21.66666667,22,22.33333333,22.66666667,23,23.33333333,23.66666667,24,24.33333333,24.66666667,25,25.33333333,25.66666667,26,26.33333333,26.66666667,27,27.33333333,27.66666667,28,28.33333333,28.66666667,29,29.33333333,29.66666667],"raw_data":[146.8315,145.2859,146.0587,143.7403,142.1947,145.2859,148.3771,146.0587,153.0139,146.0587,146.8315,153.0139,149.1499,148.3771,148.3771,143.7403,143.7403,149.9227,146.8315,148.3771,149.9227,148.3771,153.7867,146.0587,146.0587,146.0587,149.1499,149.9227,153.0139,153.7867,146.0587,149.9227,143.7403,149.1499,145.2859,146.8315,148.3771,149.9227,148.3771,149.9227,146.8315,145.2859,152.2411,149.9227,148.3771,146.8315,146.0587,146.0587,149.1499,146.8315,150.6955,146.8315,146.0587,143.7403,146.8315,148.3771,146.8315,149.1499,146.8315,150.6955,146.0587,149.9227,148.3771,146.8315,149.1499,140.6491,146.0587,153.0139,145.2859,143.7403,149.9227,146.8315,149.1499,145.2859,146.8315,146.0587,142.9675,145.2859,143.7403,143.7403,143.7403,146.0587,149.9227,149.1499,148.3771,143.7403,146.8315,146.0587,148.3771,149.9227],"processed_data":[-1.573030229,-3.460527455,-4.650500449,-5.142949211,-4.937873741,-3.32871712,-2.147776814,-1.441888983,-0.127131078,0.297739797,0.367994036,0.973518669,0.0468318,-0.675783232,-1.63257906,-3.027627524,-2.930609765,-2.291630733,-1.880141617,0.388066676,1.080572748,0.518538834,0.086977079,-0.81294627,-1.6526517,-1.518834102,-0.237530597,1.418462184,2.58267529,1.799842339,0.83301019,-0.645674272,-2.294976173,-2.933955205,-1.906905137,-1.839996338,-0.371348195,-0.227494277,-0.441602434,-0.545311073,-0.468365954,-0.277675876,0.02341372,-0.200730757,-0.548656513,-0.916654909,-2.47897537,-1.886832497,-1.234471705,-0.595492673,-1.013672668,-1.826614578,-2.48232081,-2.783410407,-2.800137607,-2.231412813,-1.006981788,-0.638983392,-0.642328832,-0.424875235,-0.478402274,0.016724227,-0.789529115,-2.723195064,-2.047417182,-2.27156199,-2.773377654,-2.298324189,-2.174541259,-0.685818164,-1.548943061,-2.201303854,-1.087272347,-1.706178739,-2.994173124,-3.485952798,-4.359112628,-4.747183664,-5.519980294,-4.911110222,-3.532788958,-2.097595215,-1.301380504,-0.909964029,-1.314762264,-2.194612974,-2.01262104,-1.569684789,-0.865804221,0.099020663],"differential_data":[-5.662491677,-4.616205329,-2.523632634,-0.431059939,2.721348136,4.18514539,2.830242207,3.030968604,2.609443169,0.742687671,1.013668308,-0.481743354,-2.473952851,-2.51911629,-3.527766438,-1.947046057,1.103995187,1.575702221,4.019546112,4.441071547,0.195708238,-1.490393502,-1.997227656,-2.609443169,-1.058831747,2.122681655,4.405944428,4.23030883,0.572070233,-2.624497649,-3.668274917,-4.691979545,-3.432421399,0.582106553,1.640938301,2.303335413,2.418753091,-0.105381359,-0.476725194,-0.04014528,0.401452795,0.737669511,0.115417679,-0.85810535,-1.073886227,-2.895478286,-1.455266383,1.866755498,1.937009737,0.331198556,-1.846682858finish one round maintenance
,-2.202972214,-1.435193743,-0.476725194,0.82799639,2.689733728,2.388644132,0.546979434,0.321162236,0.245889837,0.662399193,-0.466690262,-4.109878936,-1.886832101,0.67744961,-1.088940707,-0.040143298,0.898254593,2.418759036,0.938397296,-2.273228534,0.692506072,0.742687671,-2.860351166,-2.669661088,-2.047409256,-1.891846298,-1.741301499,-0.245889837,2.980787005,4.22027251,3.34711268,1.781446779,-0.02007264,-1.926973417,-1.046788164,0.937392277,1.720225228,2.503058178,2.894474654,-5.662491677,-4.616205329,-2.523632634,-0.431059939,2.721348136,4.18514539,2.830242207,3.030968604,2.609443169,0.742687671,1.013668308,-0.481743354,-2.473952851,-2.51911629,-3.527766438,-1.947046057,1.103995187,1.575702221,4.019546112,4.441071547,0.195708238,-1.490393502,-1.997227656,-2.609443169,-1.058831747,2.122681655,4.405944428,4.23030883,0.572070233,-2.624497649,-3.668274917,-4.691979545,-3.432421399,0.582106553,1.640938301,2.303335413,2.418753091,-0.105381359,-0.476725194,-0.04014528,0.401452795,0.737669511,0.115417679,-0.85810535,-1.073886227,-2.895478286,-1.455266383,1.866755498,1.937009737,0.331198556,-1.846682858,-2.202972214,-1.435193743,-0.476725194,0.82799639,2.689733728,2.388644132,0.546979434,0.321162236,0.245889837,0.662399193,-0.466690262,-4.109878936,-1.886832101,0.67744961,-1.088940707,-0.040143298,0.898254593,2.418759036,0.938397296,-2.273228534,0.692506072,0.742687671,-2.860351166,-2.669661088,-2.047409256,-1.891846298,-1.741301499,-0.245889837,2.980787005,4.22027251,3.34711268,1.781446779,-0.02007264,-1.926973417,-1.046788164,0.937392277,1.720225228,2.503058178,2.894474654]}

Slot 10:
Outcome check: Negative
Index Rising data : 26.666667
Index Break data : 0.000000
Index Transition time: 24.000000
{"outcome":{"outcome":"Negative","transition_time":{"x":24,"y":-4.068324762,"i":72},"plateau_point":{"x":25.33333333,"y":0.045797769,"i":76},"increase":4.114122531,"suspect_score":3,"arm_width":1.333333333,"window_rate":1.293545678,"rise_width":5.333333333,"shape_flag":0,"climbs_fixed":0,"climb_first_i":-1},"peak_features":{"main_peak":{"x":24.66666667,"y":4.147083233,"i":74},"left_arm":{"x":24,"y":0.760634385,"i":72},"right_arm":{"x":25.33333333,"y":1.138834371,"i":76}},"time_data":[0,0.333333333,0.666666667,1,1.333333333,1.666666667,2,2.333333333,2.666666667,3,3.333333333,3.666666667,4,4.333333333,4.666666667,5,5.333333333,5.666666667,6,6.333333333,6.666666667,7,7.333333333,7.666666667,8,8.333333333,8.666666667,9,9.333333333,9.666666667,10,10.33333333,10.66666667,11,11.33333333,11.66666667,12,12.33333333,12.66666667,13,13.33333333,13.66666667,14,14.33333333,14.66666667,15,15.33333333,15.66666667,16,16.33333333,16.66666667,17,17.33333333,17.66666667,18,18.33333333,18.66666667,19,19.33333333,19.66666667,20,20.33333333,20.66666667,21,21.33333333,21.66666667,22,22.33333333,22.66666667,23,23.33333333,23.66666667,24,24.33333333,24.66666667,25,25.33333333,25.66666667,26,26.33333333,26.66666667,27,27.33333333,27.66666667,28,28.33333333,28.66666667,29,29.33333333,29.66666667],"raw_data":[557.9086,557.2468,557.2468,559.2323,559.2323,555.9232,559.2323,553.2759,557.2468,557.2468,559.2323,555.2614,557.2468,557.2468,553.9378,551.9523,559.2323,557.9086,559.8941,559.2323,559.8941,551.9523,559.2323,555.2614,553.9378,559.2323,553.2759,559.2323,551.9523,553.2759,551.9523,551.9523,553.2759,553.9378,555.9232,555.2614,551.2905,551.9523,553.2759,555.9232,551.9523,553.9378,553.2759,551.9523,553.9378,549.9669,551.2905,551.9523,551.9523,553.2759,553.2759,551.9523,555.9232,553.2759,553.9378,553.9378,553.9378,555.2614,559.8941,555.9232,553.9378,557.2468,557.2468,551.2905,557.2468,557.2468,553.9378,555.9232,557.2468,553.9378,553.9378,551.9523,555.2614,553.9378,551.9523,557.2468,559.2323,559.2323,555.2614,555.9232,555.9232,557.9086,551.2905,555.2614,555.9232,557.2468,557.9086,555.2614,553.9378,555.2614],"processed_data":[0.588390004,0.933352384,1.113573083,1.1290521,0.979789437,0.538578711,-0.171948454,-0.249311439,-0.355314445,-0.017243092,0.20622194,0.882369929,-0.905385203,-1.538543833,-1.965434021,-1.105936158,-0.524337702,1.418128604,1.839276467,2.148700665,1.008433156,-0.266480285,-0.66184621,-1.53280785,-0.856667787,-0.269343917,-1.315075631,-1.57006651,-2.635848669,-4.125650777,-4.39781975,-4.86481532,-3.197381618,-2.867900105,-2.767622778,-3.257539295,-3.271866703,-3.747467702,-4.0167704,-3.612807765,-3.29193036,-3.142946185,-3.813346566,-4.638462347,-4.735870493,-5.429199747,-5.469307507,-5.076815518,-5.251592463,-4.102731416,-3.73315139,-3.386484386,-3.108572295,-3.165858413,-3.366399063,-2.432407396,-1.810704879,-1.200456628,-0.830881887,0.097367192,-0.604559564,-1.378110151,-1.687538312,-1.398173807,-1.446876691,-1.418223195,-1.131721265,-0.564445727,-2.057101163,-2.472525989,-2.406630479,-3.624246176,-4.068324762,-3.117156586,-1.561465837,-0.352434431,0.045797769,0.406788483,1.105846587,-0.44125353,-1.610176912,-2.18890513,-1.953974736,-1.552879961,-1.071563853,-0.982743697,-1.057516387,-1.259780421,-1.5895358,-2.046782522],"differential_data":[1.03488714,0.787774619,0.293549575,-0.200675469,-0.885710085,-1.727606835,-1.181835224,-0.275048987,0.34810252,0.842304577,1.349419532,-1.667410714,-3.631370644,-1.590073226,0.648911513,2.161644477,3.786097143,3.545421254,1.095858091,-1.246264966,-3.622771424,-2.50541905,-1.899491347,-0.292232365,1.895195899,-0.687611766,-1.951083889,-1.981159557,-3.833376401,-2.642956622,-1.108746813,1.800657198,2.995372822,0.64463826,-0.584458785,-0.756365888,-0.73489261,-1.117355545,0.201989905,1.08726006,0.704792369,-0.782124309,-2.243274243,-1.383785892,-1.1861061,-1.100155521,0.528576343,0.326572567,1.461126154,2.277661608,1.074370545,0.936868643,0.330938959,-0.386740152,1.100176526,2.333541276,1.847926152,1.469734489,1.946735729,0.339483484,-2.213216014,-1.624468122,-0.030095484,0.360992432,-0.030074082,0.472733138,1.280666203,-1.388069846,-2.862120393,-0.524293974,-1.727580281,-2.492541425,0.760634385,3.760288387,4.147083233,2.41089541,1.138834371,1.590073226,-1.27206302,-4.074035248,-2.6214774,-0.515696736,0.954037753,1.323616325,0.855204396,0.021071199,-0.415555087,-0.798029119,-1.180503152,-1.371740168,1.03488714,0.787774619,0.293549575,-0.200675469,-0.885710085,-1.727606835,-1.181835224,-0.275048987,0.34810252,0.842304577,1.349419532,-1.667410714,-3.631370644,-1.590073226,0.648911513,2.161644477,3.786097143,3.545421254,1.095858091,-1.246264966,-3.622771424,-2.50541905,-1.899491347,-0.292232365,1.895195899,-0.687611766,-1.951083889,-1.981159557,-3.833376401,-2.642956622,-1.108746813,1.800657198,2.995372822,0.64463826,-0.584458785,-0.756365888,-0.73489261,-1.117355545,0.201989905,1.08726006,0.704792369,-0.782124309,-2.243274243,-1.383785892,-1.1861061,-1.100155521,0.528576343,0.326572567,1.461126154,2.277661608,1.074370545,0.936868643,0.330938959,-0.386740152,1.100176526,2.333541276,1.847926152,1.469734489,1.946735729,0.339483484,-2.213216014,-1.624468122,-0.030095484,0.360992432,-0.030074082,0.472733138,1.280666203,-1.388069846,-2.862120393,-0.524293974,-1.727580281,-2.492541425,0.760634385,3.760288387,4.147083233,2.41089541,1.138834371,1.590073226,-1.27206302,-4.074035248,-2.6214774,-0.515696736,0.954037753,1.323616325,0.855204396,0.021071199,-0.415555087,-0.798029119,-1.180503152,-1.371740168]}

[len] set(90) was=90 APPLIED

>>> {"Slot":[380,381,380,378,380,378,379,381,376,381,381,383,377,380,382,379,379,382,379,379,381,379,379...(372 B)
data received from Serial port

Receive long json data in 1 receiving
{"Slot":[380,381,380,378,380,378,379,381,376,381,381,383,377,380,382,379,379,382,379,379,381,379,379,379,379,380,373,373,376,379,378,380,377,378,380,379,381,383,384,379,380,381,381,383,382,381,384,382,380,380,381,380,380,379,381,378,378,380,380,381,379,380,380,379,379,382,380,380,380,379,380,378,380,382,382,382,380,380,381,384,380,380,380,378,381,380,382,380,381,384]}0
Json data received

>>> {"Slot":[481,485,479,482,483,479,480,484,481,481,481,480,483,480,479,481,481,480,480,481,484,481,484...(372 B)
data received from Serial port

Receive long json data in 1 receiving
{"Slot":[481,485,479,482,483,479,480,484,481,481,481,480,483,480,479,481,481,480,480,481,484,481,484,481,481,481,481,476,483,481,481,481,481,481,483,484,484,485,483,484,484,484,485,488,487,484,484,484,487,487,483,484,484,485,485,484,484,483,481,484,485,481,481,484,484,481,481,484,481,481,484,487,483,488,484,481,484,484,487,481,481,484,481,484,484,487,484,487,484,485]}1
Json data received

>>> {"Slot":[752,752,753,756,756,760,759,758,756,762,747,750,752,755,759,759,758,759,760,758,759,758,757...(372 B)
[dash] heap free=98392 maxAlloc=81908 intFree=98392 intLargest=81908 clients=0 ap=0
data received from Serial port

Receive long json data in 1 receiving
{"Slot":[752,752,753,756,756,760,759,758,756,762,747,750,752,755,759,759,758,759,760,758,759,758,757,758,760,758,759,752,745,758,759,760,758,758,759,758,759,759,758,760,759,758,760,758,760,759,758,759,760,758,758,762,761,759,758,761,764,762,761,764,765,766,766,767,768,767,767,766,768,766,768,767,766,766,768,769,769,769,766,765,765,766,766,765,761,767,763,765,767,765]}2
Json data received

>>> {"Slot":[646,649,652,649,652,646,648,649,654,649,650,649,648,651,647,649,647,649,649,649,650,648,647...(372 B)
data received from Serial port

Receive long json data in 1 receiving
{"Slot":[646,649,652,649,652,646,648,649,654,649,650,649,648,651,647,649,647,649,649,649,650,648,647,648,649,648,646,639,648,648,649,650,648,649,655,650,648,649,652,649,651,649,656,656,656,655,651,652,657,655,657,655,656,659,655,658,656,656,656,657,656,657,656,656,651,652,656,652,653,651,651,652,655,652,655,651,651,650,650,652,651,652,656,653,653,656,655,653,656,650]}3
Json data received

>>> {"Slot":[576,575,579,578,576,575,578,578,576,574,575,575,579,577,576,577,580,579,579,576,576,576,576...(372 B)
data received from Serial port

Receive long json data in 1 receiving
{"Slot":[576,575,579,578,576,575,578,578,576,574,575,575,579,577,576,577,580,579,579,576,576,576,576,576,577,576,576,574,582,579,580,581,578,577,580,576,577,580,579,577,576,577,579,578,579,583,581,582,582,583,581,586,582,583,583,583,583,582,582,585,581,584,584,584,585,583,583,583,579,580,581,581,581,581,578,581,581,582,583,581,582,584,580,578,583,585,582,583,580,581]}4
Json data received

>>> {"Slot":[368,366,366,364,366,369,367,366,368,365,364,366,366,368,365,365,368,368,368,368,369,370,370...(372 B)
data received from Serial port

Receive long json data in 1 receiving
{"Slot":[368,366,366,364,366,369,367,366,368,365,364,366,366,368,365,365,368,368,368,368,369,370,370,373,370,370,370,365,372,372,372,372,369,372,372,369,370,372,374,372,372,373,373,370,369,368,369,369,369,372,373,373,373,373,373,373,372,370,370,372,370,373,373,369,372,372,366,369,369,370,369,370,369,370,372,370,369,369,366,369,365,369,365,368,368,366,369,369,368,369]}5
Json data received

>>> {"Slot":[697,699,702,704,701,703,696,699,705,700,700,700,702,703,700,703,703,700,700,697,693,694,697...(372 B)
data received from Serial port
[stack]
Receive long json data in 1 receiving
{"Slot":[697,699,702,704,701,703,696,699,705,700,700,700,702,703,700,703,703,700,700,697,693,694,697,696,696,697,697,693,697,696,696,697,694,699,699,697,700,697,699,697,697,699,699,699,700,697,697,694,696,699,696,694,697,697,697,700,696,697,699,696,700,700,697,700,703,703,702,703,703,702,703,703,702,700,700,703,702,705,700,700,702,700,703,700,703,703,697,700,700,697]}6 Control=1120/4096
 Sensor=1516/10240 Display=8352/10240 Network=2172/6144 Input=1488/6144 Setting=7016/8192 | unused=23392 B
Json data received

>>> {"Slot":[584,582,576,577,581,583,581,583,584,578,578,578,581,583,583,583,582,583,583,584,583,583,584...(372 B)
data received from Serial port

Receive long json data in 1 receiving
{"Slot":[584,582,576,577,581,583,581,583,584,578,578,578,581,583,583,583,582,583,583,584,583,583,584,583,583,583,583,577,583,583,584,584,583,584,583,583,588,587,583,581,583,584,584,583,583,583,587,583,584,583,583,583,583,582,582,583,583,583,583,582,582,583,577,581,582,583,583,583,583,583,583,582,583,584,583,583,583,583,583,584,582,583,583,584,584,584,586,584,584,584]}7
Json data received

>>> {"Slot":[558,558,559,558,557,557,558,559,561,560,559,559,556,558,557,558,558,561,562,562,560,558,559...(372 B)
[dash] heap free=98392 maxAlloc=81908 intFree=98392 intLargest=81908 clients=0 ap=0
data received from Serial port

Receive long json data in 1 receiving
{"Slot":[558,558,559,558,557,557,558,559,561,560,559,559,556,558,557,558,558,561,562,562,560,558,559,563,560,559,557,557,561,563,560,564,562,565,564,563,563,566,566,563,565,564,561,560,566,561,561,562,566,560,561,561,560,561,559,562,563,559,561,559,560,561,561,558,559,559,559,557,559,557,560,559,560,559,558,558,557,560,558,559,558,561,559,559,559,558,559,559,559,559]}8
Json data received

>>> {"Slot":[612,609,608,608,614,613,611,614,612,610,612,613,610,613,613,613,613,616,614,621,615,613,616...(372 B)
data received from Serial port

Receive long json data in 1 receiving
{"Slot":[612,609,608,608,614,613,611,614,612,610,612,613,610,613,613,613,613,616,614,621,615,613,616,613,613,617,614,610,614,616,616,616,620,619,616,617,619,617,613,614,613,614,619,619,616,615,616,617,617,616,617,614,616,612,614,612,613,613,613,613,614,613,613,613,612,614,613,612,613,613,615,613,615,619,614,615,617,616,619,619,617,619,619,620,620,619,621,620,620,621]}9
Json data received

>>> getResult
data received from Serial port
getResult
<AmpStart/>
<AmpStart>
{"calibration":{"slopes":[1.508,1.622,1.504,1.73,1.542,1.743,1.617,1.59,1.294,1.511],"origins":[0,0,0,0,0,0,0,0,0,0]},"led_power":[150,150,150,150,150,150,150,150,150,150],"units":"nM FAM","device_id":"RPL01015","slots":10,"amplification_time":30,"reading_interval":0.333333,"software_version":"v2.4.5AT1"}
Amplification Time[min],Sensor 1 Fluorescence[nM FAM],Sensor 2 Fluorescence[nM FAM],Sensor 3 Fluorescence[nM FAM],Sensor 4 Fluorescence[nM FAM],Sensor 5 Fluorescence[nM FAM],Temperature[C]
0.00,251.99,296.55,500.00,373.41,373.54,211.13,431.05,367.30,431.22,405.03,65.80
0.33,252.65,299.01,500.00,375.14,372.89,209.98,432.28,366.04,431.22,403.04,65.80
0.67,251.99,295.31,500.66,376.88,375.49,209.98,434.14,362.26,431.99,402.38,65.80
1.00,250.66,297.16,502.66,375.14,374.84,208.84,435.37,362.89,431.22,402.38,65.80
1.33,251.99,297.78,502.66,376.88,373.54,209.98,433.52,365.41,430.45,406.35,65.80
1.67,250.66,295.31,505.32,373.41,372.89,211.70,434.76,366.67,430.45,405.69,65.80
2.00,251.33,295.93,504.65,374.57,374.84,210.56,430.43,365.41,431.22,404.37,65.80
2.33,252.65,298.40,503.99,375.14,374.84,209.98,432.28,366.67,431.99,406.35,65.80
2.67,249.34,296.55,502.66,378.03,373.54,211.13,435.99,367.30,433.54,405.03,65.80
3.00,252.65,296.55,506.65,375.14,372.24,209.41,432.90,363.52,432.77,403.71,65.80
3.33,252.65,296.55,496.68,375.72,372.89,208.84,432.90,363.52,431.99,405.03,65.80
3.67,253.98,295.93,498.67,375.14,372.89,209.98,432.90,363.52,431.99,405.69,65.80
4.00,250.00,297.78,500.00,374.57,375.49,209.98,434.14,365.41,429.68,403.71,65.80
4.33,251.99,295.93,501.99,376.30,374.19,211.13,434.76,366.67,431.22,405.69,65.80
4.67,253.32,295.31,504.65,373.99,373.54,209.41,432.90,366.67,430.45,405.69,65.80
5.00,251.33,296.55,504.65,375.14,374.19,209.41,434.76,366.67,431.22,405.69,65.80
5.33,251.33,296.55,503.99,373.99,376.13,211.13,434.76,366.04,431.22,405.69,65.80
5.67,253.32,295.93,504.65,375.14,375.49,211.13,432.90,366.67,433.54,407.68,65.80
6.00,251.33,295.93,505.32,375.14,375.49,211.13,432.90,366.67,434.31,406.35,65.80
6.33,251.33,296.55,503.99,375.14,373.54,211.13,431.05,367.30,434.31,410.99,65.80
6.67,252.65,298.40,504.65,375.72,373.54,211.70,428.57,366.67,432.77,407.02,65.80
7.00,251.33,296.55,503.99,374.57,373.54,212.28,429.19,366.67,431.22,405.69,65.80
7.33,251.33,298.40,503.32,373.99,373.54,finish one round maintenance
212.28,431.05,367.30,431.99,407.68,65.80
7.67,251.33,296.55,503.99,374.57,373.54,214.00,430.43,366.67,435.08,405.69,65.80
8.00,251.33,296.55,505.32,375.14,374.19,212.28,430.43,366.67,432.77,405.69,65.80
8.33,251.99,296.55,503.99,374.57,373.54,212.28,431.05,366.67,431.99,408.34,65.80
8.67,247.35,296.55,504.65,373.41,373.54,212.28,431.05,366.67,430.45,406.35,65.80
9.00,247.35,293.46,500.00,369.36,372.24,209.41,428.57,362.89,430.45,403.71,65.80
9.33,249.34,297.78,495.35,374.57,377.43,213.43,431.05,366.67,433.54,406.35,65.80
9.67,251.33,296.55,503.99,374.57,375.49,213.43,430.43,366.67,435.08,407.68,65.80
10.00,250.66,296.55,504.65,375.14,376.13,213.43,430.43,367.30,432.77,407.68,65.80
10.33,251.99,296.55,505.32,375.72,376.78,213.43,431.05,367.30,435.86,407.68,65.80
10.67,250.00,296.55,503.99,374.57,374.84,211.70,429.19,366.67,434.31,410.32,65.80
11.00,250.66,296.55,503.99,375.14,374.19,213.43,432.28,367.30,436.63,409.66,65.80
11.33,251.99,297.78,504.65,378.61,376.13,213.43,432.28,366.67,435.86,407.68,65.80
11.67,251.33,298.40,503.99,375.72,373.54,211.70,431.05,366.67,435.08,408.34,65.80
12.00,252.65,298.40,504.65,374.57,374.19,212.28,432.90,369.81,435.08,409.66,65.80
12.33,253.98,299.01,504.65,375.14,376.13,213.43,431.05,369.18,437.40,408.34,65.80
12.67,254.64,297.78,503.99,376.88,375.49,214.57,432.28,366.67,437.40,405.69,65.80
13.00,251.33,298.40,505.32,375.14,374.19,213.43,431.05,365.41,435.08,406.35,65.80
13.33,251.99,298.40,504.65,376.30,373.54,213.43,431.05,366.67,436.63,405.69,65.80
13.67,252.65,298.40,503.99,375.14,374.19,214.00,432.28,367.30,435.86,406.35,65.80
14.00,252.65,299.01,505.32,379.19,375.49,214.00,432.28,367.30,433.54,409.66,65.80
14.33,253.98,300.86,503.99,379.19,374.84,212.28,432.28,366.67,432.77,409.66,65.80
14.67,253.32,300.25,505.32,379.19,375.49,211.70,432.90,366.67,437.40,407.68,65.80
15.00,252.65,298.40,504.65,378.61,378.08,211.13,431.05,366.67,433.54,407.02,65.80
15.33,254.64,298.40,503.99,376.30,376.78,211.70,431.05,369.18,433.54,407.68,65.80
15.67,253.32,298.40,504.65,376.88,377.43,211.70,429.19,366.67,434.31,408.34,65.80
16.00,251.99,300.25,505.32,379.77,377.43,211.70,430.43,367.30,437.40,408.34,65.80
16.33,251.99,300.25,503.99,378.61,378.08,213.43,432.28,366.67,432.77,407.68,65.80
16.67,252.65,297.78,503.99,379.77,376.78,214.00,430.43,366.67,433.54,408.34,65.80
17.00,251.99,298.40,506.65,378.61,380.03,214.00,429.19,366.67,433.54,406.35,65.80
17.33,251.99,298.40,505.98,379.19,377.43,214.00,431.05,366.67,432.77,407.68,65.80
17.67,251.33,299.01,504.65,380.92,378.08,214.00,431.05,366.04,433.54,405.03,65.80
18.00,252.65,299.01,503.99,378.61,378.08,214.00,431.05,366.04,431.99,406.35,65.80
18.33,250.66,298.40,505.98,380.35,378.08,214.00,432.90,366.67,434.31,405.03,65.80
18.67,250.66,298.40,507.98,379.19,378.08,213.43,430.43,366.67,435.08,405.69,65.80
19.00,251.99,297.78,506.65,379.19,377.43,212.28,431.05,366.67,431.99,405.69,65.80
19.33,251.99,296.55,505.98,379.19,377.43,212.28,432.28,366.67,433.54,405.69,65.80
19.67,252.65,298.40,507.98,379.77,379.38,213.43,430.43,366.04,431.99,405.69,65.80
20.00,251.33,299.01,508.64,379.19,376.78,212.28,432.90,366.04,432.77,406.35,65.80
20.33,251.99,296.55,509.31,379.77,378.73,214.00,432.90,366.67,433.54,405.69,65.80
20.67,251.99,296.55,509.31,379.19,378.73,214.00,431.05,362.89,433.54,405.69,65.80
21.00,251.33,298.40,509.97,379.19,378.73,211.70,432.90,365.41,431.22,405.69,65.80
21.33,251.33,298.40,510.64,376.30,379.38,213.43,434.76,366.04,431.99,405.03,65.80
21.67,253.32,296.55,509.97,376.88,378.08,213.43,434.76,366.67,431.99,406.35,65.80
22.00,251.99,296.55,509.97,379.19,378.08,209.98,434.14,366.67,431.99,405.69,65.80
22.33,251.99,298.40,509.31,376.88,378.08,211.70,434.76,366.67,430.45,405.03,65.80
22.67,251.99,296.55,510.64,377.46,375.49,211.70,434.76,366.67,431.99,405.69,65.80
23.00,251.33,296.55,509.31,376.30,376.13,212.28,434.14,366.67,430.45,405.69,65.80
23.33,251.99,298.40,510.64,376.30,376.78,211.70,434.76,366.67,432.77,407.02,65.80
23.67,250.66,300.25,509.97,376.88,376.78,212.28,434.76,366.04,431.99,405.69,65.80
24.00,251.99,297.78,509.31,378.61,376.78,211.70,434.14,366.67,432.77,407.02,65.80
24.33,253.32,300.86,509.31,376.88,376.78,212.28,432.90,367.30,431.99,409.66,65.80
24.67,253.32,298.40,510.64,378.61,374.84,213.43,432.90,366.67,431.22,406.35,65.80
25.00,253.32,296.55,511.30,376.30,376.78,212.28,434.76,366.67,431.22,407.02,65.80
25.33,251.99,298.40,511.30,376.30,376.78,211.70,434.14,366.67,430.45,408.34,65.80
25.67,251.99,298.40,511.30,375.72,377.43,211.70,435.99,366.67,432.77,407.68,65.80
26.00,252.65,300.25,509.31,375.72,378.08,209.98,432.90,366.67,431.22,409.66,65.80
26.33,254.64,296.55,508.64,376.88,376.78,211.70,432.90,367.30,431.99,409.66,65.80
26.67,251.99,296.55,508.64,376.30,377.43,209.41,434.14,366.04,431.22,408.34,65.80
27.00,251.99,298.40,509.31,376.88,378.73,211.70,432.90,366.67,433.54,409.66,65.80
27.33,251.99,296.55,509.31,379.19,376.13,209.41,434.76,366.67,431.99,409.66,65.80
27.67,250.66,298.40,508.64,377.46,374.84,211.13,432.90,367.30,431.99,410.32,65.80
28.00,252.65,298.40,505.98,377.46,378.08,211.13,434.76,367.30,431.99,410.32,65.80
28.33,251.99,300.25,509.97,379.19,379.38,209.98,434.76,367.30,431.22,409.66,65.80
28.67,253.32,298.40,507.31,378.61,377.43,211.70,431.05,368.55,431.99,410.99,65.80
29.00,251.99,300.25,508.64,377.46,378.08,211.70,432.90,367.30,431.99,410.32,65.80
29.33,252.65,298.40,509.97,379.19,376.13,211.13,432.90,367.30,431.99,410.32,65.80
29.67,254.64,299.01,508.64,375.72,376.78,211.70,431.05,367.30,431.99,410.99,65.80
load algo para from flash
Slot 1:
Outcome check: Negative
Index Rising data : 10.666667
Index Break data : 0.000000
Index Transition time: 11.000000
{"outcome":{"outcome":"Negative","transition_time":{"x":11,"y":-0.887034561,"i":33},"plateau_point":{"x":12.33333333,"y":1.309045172,"i":37},"increase":2.196079733,"suspect_score":2,"arm_width":1.333333333,"window_rate":0.980341181,"rise_width":4.666666667,"shape_flag":0,"climbs_fixed":0,"climb_first_i":-1},"peak_features":{"main_peak":{"x":11.66666667,"y":2.514726812,"i":35},"left_arm":{"x":11,"y":0.378929138,"i":33},"right_arm":{"x":12.33333333,"y":0.077509595,"i":37}},"time_data":[0,0.333333333,0.666666667,1,1.333333333,1.666666667,2,2.333333333,2.666666667,3,3.333333333,3.666666667,4,4.333333333,4.666666667,5,5.333333333,5.666666667,6,6.333333333,6.666666667,7,7.333333333,7.666666667,8,8.333333333,8.666666667,9,9.333333333,9.666666667,10,10.33333333,10.66666667,11,11.33333333,11.66666667,12,12.33333333,12.66666667,13,13.33333333,13.66666667,14,14.33333333,14.66666667,15,15.33333333,15.66666667,16,16.33333333,16.66666667,17,17.33333333,17.66666667,18,18.33333333,18.66666667,19,19.33333333,19.66666667,20,20.33333333,20.66666667,21,21.33333333,21.66666667,22,22.33333333,22.66666667,23,23.33333333,23.66666667,24,24.33333333,24.66666667,25,25.33333333,25.66666667,26,26.33333333,26.66666667,27,27.33333333,27.66666667,28,28.33333333,28.66666667,29,29.33333333,29.66666667],"raw_data":[251.9894,252.6525,251.9894,250.6631,251.9894,250.6631,251.3263,252.6525,249.3369,252.6525,252.6525,253.9788,250,251.9894,253.3156,251.3263,251.3263,253.3156,251.3263,251.3263,252.6525,251.3263,251.3263,251.3263,251.3263,251.9894,247.3475,247.3475,249.3369,251.3263,250.6631,251.9894,250,250.6631,251.9894,251.3263,252.6525,253.9788,254.6419,251.3263,251.9894,252.6525,252.6525,253.9788,253.3156,252.6525,254.6419,253.3156,251.9894,251.9894,252.6525,251.9894,251.9894,251.3263,252.6525,250.6631,250.6631,251.9894,251.9894,252.6525,251.3263,251.9894,251.9894,251.3263,251.3263,253.3156,251.9894,251.9894,251.9894,251.3263,251.9894,250.6631,251.9894,253.3156,253.3156,253.3156,251.9894,251.9894,252.6525,254.6419,251.9894,251.9894,251.9894,250.6631,252.6525,251.9894,253.3156,251.9894,252.6525,254.6419],"processed_data":[0.322093247,0.233678829,0.113686249,-0.037884495,-0.221033402,-0.69756697,-0.683213469,-0.548293209,0.043068692,0.301429716,0.175118649,0.419127493,0.783705344,0.077518149,0.126320315,0.117708809,0.367461366,0.175125783,0.034461083,0.172253299,-0.014340884,-0.404752063,0.152161041,-0.160745266,-1.171230366,-2.026700701,-2.540555682,-2.87355451,-2.494622763,-1.975025392,-1.027695363,-0.599963696,-0.752110733,-0.887034561,-0.499491308,0.387552699,1.176993234,1.309045172,1.228666297,1.047810212,0.809543164,0.737774671,0.72054882,1.487023424,1.828638118,1.828638118,1.555921612,1.199954805,0.9789109,0.729158608,0.097606907,0.272719875,0.298558091,-0.088982124,-0.390403318,-0.47652399,-0.287060824,-0.172234143,-0.132043946,0.304298104,0.315781234,-0.126301555,-0.068885902,-0.011472231,0.235405662,0.321525343,0.307171512,0.442090716,0.094738386,-0.444949856,-0.315767693,-0.077500248,0.453577281,0.898532488,1.007618826,0.981780213,1.076514702,0.9760402,0.938721099,1.021970014,0.780833521,0.493765166,-0.028701254,-0.155011726,0.212437551,0.229660761,0.555197507,1.001303391,1.567978414,2.255222575],"differential_data":[-0.265243253,-0.312610497,-0.407344987,-0.502079476,-0.989523712,-0.693270101,0.223910641,1.089423242,1.274584386,0.198074935,0.176546667,0.912880043,-0.512414016,-0.986077544,0.060285989,0.361711576,0.086125461,-0.499500423,-0.004308725,-0.073202951,-0.865508042,0.249752887,0.366010195,-1.98508711,-2.798933153,-2.053987974,-1.270280714,0.068899378,1.347793678,2.200391101,2.062592544,0.413376944,-0.430606297,0.378929138,1.911880889,2.514726812,1.38223871,0.077509595,-0.391852441,-0.6286847,-0.465053311,-0.133491516,1.123873129,1.662133948,0.512422041,-0.409074759,-0.94302497,-0.865516068,-0.706194296,-1.32195599,-0.6846581,0.301426776,-0.542552998,-1.033442113,-0.581312799,0.155013741,0.45643477,0.232525318,0.71479837,0.67173777,-0.645899488,-0.577000705,0.172243985,0.456437346,0.499496361,0.107648775,0.18084806,-0.318649688,-1.330560858,-0.615759119,0.551174412,1.154017461,1.464049104,0.831062317,0.124871588,0.103343815,-0.008610019,-0.206690404,0.068894721,-0.236831368,-0.792307272,-1.214302162,-0.973165339,0.361708208,0.57700873,0.514139933,1.157463946,1.519171361,1.880878775,2.061732483,-0.265243253,-0.312610497,-0.407344987,-0.502079476,-0.989523712,-0.693270101,0.223910641,1.089423242,1.274584386,0.198074935,0.176546667,0.912880043,-0.512414016,-0.986077544,0.060285989,0.361711576,0.086125461,-0.499500423,-0.004308725,-0.073202951,-0.865508042,0.249752887,0.366010195,-1.98508711,-2.798933153,-2.053987974,-1.270280714,0.068899378,1.347793678,2.200391101,2.062592544,0.413376944,-0.430606297,0.378929138,1.911880889,2.514726812,1.38223871,0.077509595,-0.391852441,-0.6286847,-0.465053311,-0.133491516,1.123873129,1.662133948,0.512422041,-0.409074759,-0.94302497,-0.865516068,-0.706194296,-1.32195599,-0.6846581,0.301426776,-0.542552998,-1.033442113,-0.581312799,0.155013741,0.45643477,0.232525318,0.71479837,0.67173777,-0.645899488,-0.577000705,0.172243985,0.456437346,0.499496361,0.107648775,0.18084806,-0.318649688,-1.330560858,-0.615759119,0.551174412,1.154017461,1.464049104,0.831062317,0.124871588,0.103343815,-0.008610019,-0.206690404,0.068894721,-0.236831368,-0.792307272,-1.214302162,-0.973165339,0.361708208,0.57700873,0.514139933,1.157463946,1.519171361,1.880878775,2.061732483]}

Slot 2:
Outcome check: Negative
Index Rising data : 0.000000
Index Break data : 0.000000
Index Transition time: 27.000000
{"outcome":{"outcome":"Negative","transition_time":{"x":27,"y":0.352293997,"i":81},"plateau_point":{"x":28.33333333,"y":2.201853434,"i":85},"increase":1.849559437,"suspect_score":3,"arm_width":1.333333333,"window_rate":0.760642246,"rise_width":6.333333333,"shape_flag":0,"climbs_fixed":0,"climb_first_i":-1},"peak_features":{"main_peak":{"x":27.66666667,"y":2.029714015,"i":83},"left_arm":{"x":27,"y":-0.072069441,"i":81},"right_arm":{"x":28.33333333,"y":0.540058463,"i":85}},"time_data":[0,0.333333333,0.666666667,1,1.333333333,1.666666667,2,2.333333333,2.666666667,3,3.333333333,3.666666667,4,4.333333333,4.666666667,5,5.333333333,5.666666667,6,6.333333333,6.666666667,7,7.333333333,7.666666667,8,8.333333333,8.666666667,9,9.333333333,9.666666667,10,10.33333333,10.66666667,11,11.33333333,11.66666667,12,12.33333333,12.66666667,13,13.33333333,13.66666667,14,14.33333333,14.66666667,15,15.33333333,15.66666667,16,16.33333333,16.66666667,17,17.33333333,17.66666667,18,18.33333333,18.66666667,19,19.33333333,19.66666667,20,20.33333333,20.66666667,21,21.33333333,21.66666667,22,22.33333333,22.66666667,23,23.33333333,23.66666667,24,24.33333333,24.66666667,25,25.33333333,25.66666667,26,26.33333333,26.66666667,27,27.33333333,27.66666667,28,28.33333333,28.66666667,29,29.33333333,29.66666667],"raw_data":[296.5475,299.0136,295.3144,297.164,297.7805,295.3144,295.9309,298.397,296.5475,296.5475,296.5475,295.9309,297.7805,295.9309,295.3144,296.5475,296.5475,295.9309,295.9309,296.5475,298.397,296.5475,298.397,296.5475,296.5475,296.5475,296.5475,293.4649,297.7805,296.5475,296.5475,296.5475,296.5475,296.5475,297.7805,298.397,298.397,299.0136,297.7805,298.397,298.397,298.397,299.0136,300.8631,300.2466,298.397,298.397,298.397,300.2466,300.2466,297.7805,298.397,298.397,299.0136,299.0136,298.397,298.397,297.7805,296.5475,298.397,299.0136,296.5475,296.5475,298.397,298.397,296.5475,296.5475,298.397,296.5475,296.5475,298.397,300.2466,297.7805,300.8631,298.397,296.5475,298.397,298.397,300.2466,296.5475,296.5475,298.397,296.5475,298.397,298.397,300.2466,298.397,300.2466,298.397,299.0136],"processed_data":[0.554077518,0.279436331,0.071520309,-0.069670548,-0.144136239,-0.317618762,0.080054874,-0.069400936,-0.272236746,0.149456998,0.04269898,-0.480416963,-0.445725874,-0.469743869,-0.533796038,-0.667241745,-1.038221747,-0.472409467,-0.309604661,0.032014525,0.378976929,0.619185939,0.576485374,0.560471968,-0.419019295,-0.597838959,-0.944798061,-0.763313459,-0.669901266,-0.496420724,-0.354965672,-0.002666127,-0.224187678,0.224184903,0.832698938,1.251719685,1.57732758,1.729455593,1.571987003,1.358474798,1.604015532,2.16449001,2.687603311,2.791692428,2.570168896,2.415368547,2.471413484,2.180503416,2.217868821,2.289929146,2.153814407,2.007027498,1.67341224,1.737466655,2.073750946,1.617366246,1.214354148,1.182324034,1.072900549,0.7686506,0.648550719,0.936791358,1.008849701,0.453715007,0.528439608,0.792663574,0.424355247,-0.072063099,0.424357096,0.78732815,1.486586798,2.073748964,2.380673892,2.239220821,1.569319952,1.604013682,1.726785899,1.056889125,1.369153968,1.168985738,0.680574888,0.352293997,0.632528594,1.353135146,1.98567127,2.201853434,2.345710246,2.386814372,2.325165812,2.160764567],"differential_data":[-0.823923562,-0.723835814,-0.523660318,-0.323484822,-0.371922322,0.336286669,0.372326739,-0.528437429,0.328286902,0.472403588,-0.944810942,-0.732637282,0.01600964,-0.132105245,-0.296246813,-0.756638564,0.292248416,1.092925629,0.756635988,1.032872386,0.880757121,0.296262667,-0.088070956,-1.493257002,-1.737466391,-0.788668149,-0.248211749,0.412345193,0.400339102,0.47240339,0.740631896,0.196166992,0.340276545,1.585329923,1.541302173,1.116942963,0.716603861,-0.008010864,-0.556471193,0.048042793,1.209022819,1.625381668,0.940803627,-0.176151622,-0.564485822,-0.148133117,-0.352297696,-0.380316994,0.164138596,-0.096081622,-0.424352472,-0.720603249,-0.404341264,0.600508058,-0.180150614,-1.289095197,-0.652563318,-0.212180398,-0.620510151,-0.636524745,0.252211137,0.540448474,-0.724614527,-0.720615139,0.508422852,-0.156126543,-1.29709001,2.774325285e-6,1.289086874,1.593344552,1.929631221,1.341130641,0.248207786,-1.217030909,-0.952810709,0.236198921,-0.820686836,-0.536447897,0.16814492,-1.032868621,-1.225037612,-0.072069441,1.501261724,2.029714015,1.273077432,0.540058463,0.277441406,-0.03081665,-0.339074707,-0.493203735,-0.823923562,-0.723835814,-0.523660318,-0.323484822,-0.371922322,0.336286669,0.372326739,-0.528437429,0.328286902,0.472403588,-0.944810942,-0.732637282,0.01600964,-0.132105245,-0.296246813,-0.756638564,0.292248416,1.092925629,0.756635988,1.032872386,0.880757121,0.296262667,-0.088070956,-1.493257002,-1.737466391,-0.788668149,-0.248211749,0.412345193,0.400339102,0.47240339,0.740631896,0.196166992,0.340276545,1.585329923,1.541302173,1.116942963,0.716603861,-0.008010864,-0.556471193,0.048042793,1.209022819,1.625381668,0.940803627,-0.176151622,-0.564485822,-0.148133117,-0.352297696,-0.380316994,0.164138596,-0.096081622,-0.424352472,-0.720603249,-0.404341264,0.600508058,-0.180150614,-1.289095197,-0.652563318,-0.212180398,-0.620510151,-0.636524745,0.252211137,0.540448474,-0.724614527,-0.720615139,0.508422852,-0.156126543,-1.29709001,2.774325285e-6,1.289086874,1.593344552,1.929631221,1.341130641,0.248207786,-1.217030909,-0.952810709,0.236198921,-0.820686836,-0.536447897,0.16814492,-1.032868621,-1.225037612,-0.072069441,1.501261724,2.029714015,1.273077432,0.540058463,0.277441406,-0.03081665,-0.339074707,-0.493203735]}

Slot 3:
Outcome check: Negative
Index Rising data : 19.333333
Index Break data : 0.000000
Index Transition time: 4.000000
{"outcome":{"outcome":"Negative","transition_time":{"x":4,"y":-1.439148081,"i":12},"plateau_point":{"x":5.333333333,"y":2.918644232,"i":16},"increase":4.357792313,"suspect_score":2,"arm_width":1,"window_rate":1.274380605,"rise_width":4,"shape_flag":0,"climbs_fixed":0,"climb_first_i":-1},"peak_features":{"main_peak":{"x":4.666666667,"y":4.861498746,"i":14},"left_arm":{"x":4,"y":1.757218596,"i":12},"right_arm":{"x":5,"y":2.072398198,"i":15}},"time_data":[0,0.333333333,0.666666667,1,1.333333333,1.666666667,2,2.333333333,2.666666667,3,3.333333333,3.666666667,4,4.333333333,4.666666667,5,5.333333333,5.666666667,6,6.333333333,6.666666667,7,7.333333333,7.666666667,8,8.333333333,8.666666667,9,9.333333333,9.666666667,10,10.33333333,10.66666667,11,11.33333333,11.66666667,12,12.33333333,12.66666667,13,13.33333333,13.66666667,14,14.33333333,14.66666667,15,15.33333333,15.66666667,16,16.33333333,16.66666667,17,17.33333333,17.66666667,18,18.33333333,18.66666667,19,19.33333333,19.66666667,20,20.33333333,20.66666667,21,21.33333333,21.66666667,22,22.33333333,22.66666667,23,23.33333333,23.66666667,24,24.33333333,24.66666667,25,25.33333333,25.66666667,26,26.33333333,26.66666667,27,27.33333333,27.66666667,28,28.33333333,28.66666667,29,29.33333333,29.66666667],"raw_data":[500,500,500.6649,502.6595,502.6595,505.3191,504.6542,503.9893,502.6595,506.6489,496.6755,498.6702,500,501.9947,504.6542,504.6542,503.9893,504.6542,505.3191,503.9893,504.6542,503.9893,503.3244,503.9893,505.3191,503.9893,504.6542,500,495.3457,503.9893,504.6542,505.3191,503.9893,503.9893,504.6542,503.9893,504.6542,504.6542,503.9893,505.3191,504.6542,503.9893,505.3191,503.9893,505.3191,504.6542,503.9893,504.6542,505.3191,503.9893,503.9893,506.6489,505.984,504.6542,503.9893,505.984,507.9787,506.6489,505.984,507.9787,508.6436,509.3085,509.3085,509.9734,510.6383,509.9734,509.9734,509.3085,510.6383,509.3085,510.6383,509.9734,509.3085,509.3085,510.6383,511.3032,511.3032,511.3032,509.3085,508.6436,508.6436,509.3085,509.3085,508.6436,505.984,509.9734,507.3138,508.6436,509.9734,508.6436],"processed_data":[-2.907106342,-1.37583461,-0.123760603,0.849115677,1.542794232,1.888195352,3.169055889,2.688375762,1.490994012,-0.290691954,-1.539888456,-1.899680794,-1.439148081,-0.72820173,1.537045433,2.512797434,2.918644232,2.944547975,2.737310632,2.567486519,2.29116676,2.190424403,2.075291885,2.688375234,2.912883412,1.318290017,0.092126491,-0.794398849,-0.86635692,-0.184194722,0.748385871,2.463869698,3.35039332,2.489774365,2.432208437,2.271023837,2.547340294,2.72003808,2.59914963,2.817900158,2.653837262,2.740186155,2.886979272,2.682620226,2.668228744,2.843804826,2.728672969,2.521432852,2.484019622,2.961820132,3.353270427,3.186329895,3.013628675,3.511573825,3.862730612,3.730326863,4.211009632,4.916194635,5.572452562,5.848776681,6.245987929,7.20159344,7.878004859,8.122662433,8.111151097,8.237793365,8.102513433,8.027677726,8.044947504,8.122661508,7.947085426,7.869371422,7.831953569,8.188862326,8.591823826,9.032205953,9.095526625,8.649382752,7.944194843,7.420345026,7.285066018,6.585630078,6.761205632,6.533821667,6.182662766,6.211443748,6.302397678,6.553099635,6.96354962,7.533747633],"differential_data":[4.593815197,4.175018608,3.33742543,2.499832252,1.558619512,2.439392486,1.200270616,-2.517092816,-4.468601574,-4.546323702,-2.413483261,0.151110562,1.757218596,4.464290272,4.861498746,2.072398198,0.647625812,-0.2720004,-0.565592184,-0.669215809,-0.565593175,-0.323812311,0.746926246,1.256387289,-2.055127825,-4.231135381,-3.169033298,-1.437725117,0.91530619,2.422114186,3.972096629,3.903011173,0.038857002,-1.377277325,-0.328125793,0.172697786,0.673521364,0.077714004,0.146793118,0.082031448,-0.116571005,0.349713016,-0.086348893,-0.328125793,0.2417769,0.090666337,-0.483557961,-0.36698002,0.66058092,1.303876208,0.336764645,-0.509462629,0.487865894,1.273652907,0.328129558,0.52241853,1.778801658,2.042164394,1.398873069,1.010303051,2.029225139,2.448025394,1.381603489,0.349719357,0.172696398,-0.012956495,-0.315173459,-0.086348893,0.142475673,-0.146793118,-0.379935128,-0.172697786,0.479236355,1.139805385,1.265015441,0.755554199,-0.574234801,-1.726997673,-1.84355659,-0.988693237,-1.252072421,-0.78579058,-0.077712616,-0.867814299,-0.483566879,0.179602368,0.51248383,0.991727913,1.470971997,1.710594039,4.593815197,4.175018608,3.33742543,2.499832252,1.558619512,2.439392486,1.200270616,-2.517092816,-4.468601574,-4.546323702,-2.413483261,0.151110562,1.757218596,4.464290272,4.861498746,2.072398198,0.647625812,-0.2720004,-0.565592184,-0.669215809,-0.565593175,-0.323812311,0.746926246,1.256387289,-2.055127825,-4.231135381,-3.169033298,-1.437725117,0.91530619,2.422114186,3.972096629,3.903011173,0.038857002,-1.377277325,-0.328125793,0.172697786,0.673521364,0.077714004,0.146793118,0.082031448,-0.116571005,0.349713016,-0.086348893,-0.328125793,0.2417769,0.090666337,-0.483557961,-0.36698002,0.66058092,1.303876208,0.336764645,-0.509462629,0.487865894,1.273652907,0.328129558,0.52241853,1.778801658,2.042164394,1.398873069,1.010303051,2.029225139,2.448025394,1.381603489,0.349719357,0.172696398,-0.012956495,-0.315173459,-0.086348893,0.142475673,-0.146793118,-0.379935128,-0.172697786,0.479236355,1.139805385,1.265015441,0.755554199,-0.574234801,-1.726997673,-1.84355659,-0.988693237,-1.252072421,-0.78579058,-0.077712616,-0.867814299,-0.483566879,0.179602368,0.51248383,0.991727913,1.470971997,1.710594039]}

Slot 4:
Outcome check: Negative
Index Rising data : 0.000000
Index Break data : 0.000000
Index Transition time: 9.000000
{"outcome":{"outcome":"Negative","transition_time":{"x":9,"y":-2.542333165,"i":27},"plateau_point":{"x":10.66666667,"y":0.347834071,"i":32},"increase":2.890167236,"suspect_score":2,"arm_width":1.666666667,"window_rate":1.102267707,"rise_width":5,"shape_flag":0,"climbs_fixed":0,"climb_first_i":-1},"peak_features":{"main_peak":{"x":10,"y":2.717507895,"i":30},"left_arm":{"x":9,"y":0.176412805,"i":27},"right_arm":{"x":10.66666667,"y":0.487950313,"i":32}},"time_data":[0,0.333333333,0.666666667,1,1.333333333,1.666666667,2,2.333333333,2.666666667,3,3.333333333,3.666666667,4,4.333333333,4.666666667,5,5.333333333,5.666666667,6,6.333333333,6.666666667,7,7.333333333,7.666666667,8,8.333333333,8.666666667,9,9.333333333,9.666666667,10,10.33333333,10.66666667,11,11.33333333,11.66666667,12,12.33333333,12.66666667,13,13.33333333,13.66666667,14,14.33333333,14.66666667,15,15.33333333,15.66666667,16,16.33333333,16.66666667,17,17.33333333,17.66666667,18,18.33333333,18.66666667,19,19.33333333,19.66666667,20,20.33333333,20.66666667,21,21.33333333,21.66666667,22,22.33333333,22.66666667,23,23.33333333,23.66666667,24,24.33333333,24.66666667,25,25.33333333,25.66666667,26,26.33333333,26.66666667,27,27.33333333,27.66666667,28,28.33333333,28.66666667,29,29.33333333,29.66666667],"raw_data":[373.4104,375.1445,376.8786,375.1445,376.8786,373.4104,374.5665,375.1445,378.0347,375.1445,375.7225,375.1445,374.5665,376.3006,373.9884,375.1445,373.9884,375.1445,375.1445,375.1445,375.7225,374.5665,373.9884,374.5665,375.1445,374.5665,373.4104,369.3642,374.5665,374.5665,375.1445,375.7225,374.5665,375.1445,378.6127,375.7225,374.5665,375.1445,376.8786,375.1445,376.3006,375.1445,379.1907,379.1907,379.1907,378.6127,376.3006,376.8786,379.7688,378.6127,379.7688,378.6127,379.1907,380.9249,378.6127,380.3468,379.1907,379.1907,379.1907,379.7688,379.1907,379.7688,379.1907,379.1907,376.3006,376.8786,379.1907,376.8786,377.4566,376.3006,376.3006,376.8786,378.6127,376.8786,378.6127,376.3006,376.3006,375.7225,375.7225,376.8786,376.3006,376.8786,379.1907,377.4566,377.4566,379.1907,378.6127,377.4566,379.1907,375.7225],"processed_data":[-0.701634448,-0.63507302,-0.529725799,-0.385592783,-0.202673974,-0.222692448,-0.312775583,0.057566193,0.197695513,0.462940299,0.435414896,-0.030014633,-0.462914141,-0.475425687,-0.700633524,-0.710642761,-0.75067971,-0.688121977,-0.25272016,-0.380337934,-0.442895666,-0.658094266,-0.675610431,-0.487937234,-1.473847096,-1.95679279,-2.322129947,-2.542333165,-2.20452141,-1.578944087,-1.03344066,0.232727843,0.347834071,0.558028052,0.372857164,0.510484175,0.482958773,0.317806359,-0.437891048,0.135137781,0.870816714,1.603993337,2.474796972,3.162932029,2.917705718,2.957742666,2.312146868,2.477299282,2.727530211,3.07034381,3.971179781,4.003713104,3.968682756,4.208905109,4.156355953,4.168865518,4.028732894,3.763483485,4.00871257,3.856071703,4.248934263,3.996201024,3.258019782,2.905194171,2.489810828,2.16451062,1.941805092,1.7015834,1.603993337,1.501398656,1.143568427,1.769145751,1.971832804,2.204547568,1.994353587,1.366273954,0.843291312,0.675636589,0.240234771,0.908351353,1.41632014,1.766643442,2.217059115,2.634944767,2.787585634,3.115388152,2.954990126,2.589402738,2.018625988,1.242659875],"differential_data":[0.199684282,0.257862973,0.374220355,0.490577737,0.244350503,-0.165152414,0.420387962,0.765706644,0.608061159,0.356579075,-0.739432397,-1.347493556,-0.668116582,-0.356579075,-0.352825611,-0.075069279,0.033781175,0.746939325,0.461676065,-0.28526326,-0.416634498,-0.349072147,0.255235548,-1.197354998,-2.203283335,-1.272424277,-0.878310563,0.176412805,1.445083618,1.756621125,2.717507895,2.071912097,0.487950313,0.037534639,-0.071315815,0.165152414,-0.289016724,-1.381274731,-0.274002868,1.963061642,2.203283335,2.405970388,2.338408037,0.664363118,-0.307784043,-0.908338274,-0.720665077,0.623075015,0.889566793,1.865474354,1.400053941,-0.003745537,0.307788007,0.281509796,-0.060059386,-0.191434588,-0.608073049,-0.030030486,0.138882327,0.360332539,0.210193981,-1.486371722,-1.636510279,-1.152313431,-1.111025327,-0.822008604,-0.69439083,-0.506717632,-0.300277115,-0.690637366,0.401620642,1.242396565,0.653102726,0.033781175,-1.257410421,-1.726593414,-1.035956048,-0.90458481,0.349072147,1.764128053,1.287438133,1.201108462,1.302451988,0.855789779,0.720665077,0.251106738,-0.788978121,-1.404546208,-2.020114294,-2.327898338,0.199684282,0.257862973,0.374220355,0.490577737,0.244350503,-0.165152414,0.420387962,0.765706644,0.608061159,0.356579075,-0.739432397,-1.347493556,-0.668116582,-0.356579075,-0.352825611,-0.075069279,0.033781175,0.746939325,0.461676065,-0.28526326,-0.416634498,-0.349072147,0.255235548,-1.197354998,-2.203283335,-1.272424277,-0.878310563,0.176412805,1.445083618,1.756621125,2.717507895,2.071912097,0.487950313,0.037534639,-0.071315815,0.165152414,-0.289016724,-1.381274731,-0.274002868,1.963061642,2.203283335,2.405970388,2.338408037,0.664363118,-0.307784043,-0.908338274,-0.720665077,0.623075015,0.889566793,1.865474354,1.400053941,-0.003745537,0.307788007,0.281509796,-0.060059386,-0.191434588,-0.608073049,-0.030030486,0.138882327,0.360332539,0.210193981,-1.486371722,-1.636510279,-1.152313431,-1.111025327,-0.822008604,-0.69439083,-0.506717632,-0.300277115,-0.690637366,0.401620642,1.242396565,0.653102726,0.033781175,-1.257410421,-1.726593414,-1.035956048,-0.90458481,0.349072147,1.764128053,1.287438133,1.201108462,1.302451988,0.855789779,0.720665077,0.251106738,-0.788978121,-1.404546208,-2.020114294,-2.327898338]}

Slot 5:
Outcome check: Negative
Index Rising data : 0.000000
Index Break data : 0.000000
Index Transition time: 8.333333
{"outcome":{"outcome":"Negative","transition_time":{"x":8.333333333,"y":-0.286368102,"i":25},"plateau_point":{"x":10,"y":2.198179963,"i":30},"increase":2.484548065,"suspect_score":2,"arm_width":1.666666667,"window_rate":1.040143133,"rise_width":6,"shape_flag":0,"climbs_fixed":0,"climb_first_i":-1},"peak_features":{"main_peak":{"x":9.333333333,"y":2.32873872,"i":28},"left_arm":{"x":8.333333333,"y":0.918018688,"i":25},"right_arm":{"x":10,"y":0.488492891,"i":30}},"time_data":[0,0.333333333,0.666666667,1,1.333333333,1.666666667,2,2.333333333,2.666666667,3,3.333333333,3.666666667,4,4.333333333,4.666666667,5,5.333333333,5.666666667,6,6.333333333,6.666666667,7,7.333333333,7.666666667,8,8.333333333,8.666666667,9,9.333333333,9.666666667,10,10.33333333,10.66666667,11,11.33333333,11.66666667,12,12.33333333,12.66666667,13,13.33333333,13.66666667,14,14.33333333,14.66666667,15,15.33333333,15.66666667,16,16.33333333,16.66666667,17,17.33333333,17.66666667,18,18.33333333,18.66666667,19,19.33333333,19.66666667,20,20.33333333,20.66666667,21,21.33333333,21.66666667,22,22.33333333,22.66666667,23,23.33333333,23.66666667,24,24.33333333,24.66666667,25,25.33333333,25.66666667,26,26.33333333,26.66666667,27,27.33333333,27.66666667,28,28.33333333,28.66666667,29,29.33333333,29.66666667],"raw_data":[373.5409,372.8924,375.4864,374.8379,373.5409,372.8924,374.8379,374.8379,373.5409,372.2439,372.8924,372.8924,375.4864,374.1894,373.5409,374.1894,376.1349,375.4864,375.4864,373.5409,373.5409,373.5409,373.5409,373.5409,374.1894,373.5409,373.5409,372.2439,377.4319,375.4864,376.1349,376.7834,374.8379,374.1894,376.1349,373.5409,374.1894,376.1349,375.4864,374.1894,373.5409,374.1894,375.4864,374.8379,375.4864,378.0804,376.7834,377.4319,377.4319,378.0804,376.7834,380.026,377.4319,378.0804,378.0804,378.0804,378.0804,377.4319,377.4319,379.3774,376.7834,378.7289,378.7289,378.7289,379.3774,378.0804,378.0804,378.0804,375.4864,376.1349,376.7834,376.7834,376.7834,376.7834,374.8379,376.7834,376.7834,377.4319,378.0804,376.7834,377.4319,378.7289,376.1349,374.8379,378.0804,379.3774,377.4319,378.0804,376.1349,376.7834],"processed_data":[-0.274022328,0.014861321,0.233559428,0.382071993,0.460399017,0.592344606,0.087015788,-0.070197828,-0.423926944,-0.454811261,-0.569912733,-0.426737071,-0.165648754,0.401446322,0.752373237,1.226823154,1.181903525,1.330690722,1.151015641,0.603567941,-0.126358363,-0.297604648,-0.345328195,-0.008441083,-0.544650387,-0.286368102,0.067362071,0.530582973,1.32507562,2.083075453,2.198179963,2.408737381,1.544061306,1.128566461,0.805716246,0.870285497,1.221210827,1.139792306,0.713069371,0.929238984,0.682185185,0.258265376,0.845013375,1.622661904,2.380660945,2.852299149,3.388514663,3.52326853,3.919115075,3.907882756,4.244773039,4.323383414,4.390762395,4.418837906,4.407609948,3.778750861,4.256005754,4.02579277,4.008945349,4.118432776,4.267227107,4.702375404,4.86801306,4.795022411,5.247016411,4.674307158,4.022992815,3.385714576,2.846694352,2.675439347,2.73158601,2.540682838,2.714742817,2.509801295,2.389081682,2.697895793,2.947755492,3.177960945,3.910689977,3.994913209,3.498004335,2.995484059,3.107778838,3.346406483,3.643990521,3.716982358,3.647359199,3.503340591,3.284926536,2.992117032],"differential_data":[0.866650945,0.761372633,0.550816008,0.340259384,0.31540892,-0.560074843,-0.993813651,-0.766414097,-0.57692015,-0.218978684,0.042111285,0.606395969,1.242275089,1.377032986,1.238065249,0.644295432,0.155801352,-0.046331827,-1.090684172,-1.916061005,-1.351758883,-0.328454748,0.433745347,-0.298983289,-0.416890528,0.918018688,1.225426612,1.886570324,2.32873872,1.309656515,0.488492891,-0.981177986,-1.920256379,-1.107517589,-0.387421447,0.62324187,0.404260214,-0.762212184,-0.315829983,-0.046326278,-1.006460413,0.244242284,2.046594793,2.303471355,1.844455868,1.511780578,1.006454071,0.795900617,0.576921339,0.488486946,0.623250986,0.218984034,0.143181739,0.025271329,-0.960130568,-0.227406291,0.370562863,-0.370590606,0.138960008,0.387422636,0.875913942,0.90117893,0.138970511,0.568505027,-0.181072879,-1.836035394,-1.932888873,-1.764447695,-1.065412843,-0.172662512,-0.202134764,-0.02526479,-0.046322315,-0.488491702,0.282141747,0.838010714,0.720097728,1.444401729,1.225428395,-0.619028463,-1.499143724,-0.585338246,0.526383635,0.804317524,0.555863814,0.005053017,-0.32046265,-0.543648995,-0.766835339,-0.878428511,0.866650945,0.761372633,0.550816008,0.340259384,0.31540892,-0.560074843,-0.993813651,-0.766414097,-0.57692015,-0.218978684,0.042111285,0.606395969,1.242275089,1.377032986,1.238065249,0.644295432,0.155801352,-0.046331827,-1.090684172,-1.916061005,-1.351758883,-0.328454748,0.433745347,-0.298983289,-0.416890528,0.918018688,1.225426612,1.886570324,2.32873872,1.309656515,0.488492891,-0.981177986,-1.920256379,-1.107517589,-0.387421447,0.62324187,0.404260214,-0.762212184,-0.315829983,-0.046326278,-1.006460413,0.244242284,2.046594793,2.303471355,1.844455868,1.511780578,1.006454071,0.795900617,0.576921339,0.488486946,0.623250986,0.218984034,0.143181739,0.025271329,-0.960130568,-0.227406291,0.370562863,-0.370590606,0.138960008,0.387422636,0.875913942,0.90117893,0.138970511,0.568505027,-0.181072879,-1.836035394,-1.932888873,-1.764447695,-1.065412843,-0.172662512,-0.202134764,-0.02526479,-0.046322315,-0.488491702,0.282141747,0.838010714,0.720097728,1.444401729,1.225428395,-0.619028463,-1.499143724,-0.585338246,0.526383635,0.804317524,0.555863814,0.005053017,-0.32046265,-0.543648995,-0.766835339,-0.878428511]}

Slot 6:
Outcome check: Negative
Index Rising data : 0.000000
Index Break data : 0.000000
Index Transition time: 15.333333
{"outcome":{"outcome":"Negative","transition_time":{"x":15.33333333,"y":1.308875146,"i":46},"plateau_point":{"x":17.33333333,"y":4.242081151,"i":52},"increase":2.933206005,"suspect_score":2,"arm_width":2,"window_rate":0.692939032,"rise_width":8.333333333,"shape_flag":0,"climbs_fixed":0,"climb_first_i":-1},"peak_features":{"main_peak":{"x":16,"y":1.911175914,"i":48},"left_arm":{"x":15.33333333,"y":0.521565227,"i":46},"right_arm":{"x":17.33333333,"y":0.301765937,"i":52}},"time_data":[0,0.333333333,0.666666667,1,1.333333333,1.666666667,2,2.333333333,2.666666667,3,3.333333333,3.666666667,4,4.333333333,4.666666667,5,5.333333333,5.666666667,6,6.333333333,6.666666667,7,7.333333333,7.666666667,8,8.333333333,8.666666667,9,9.333333333,9.666666667,10,10.33333333,10.66666667,11,11.33333333,11.66666667,12,12.33333333,12.66666667,13,13.33333333,13.66666667,14,14.33333333,14.66666667,15,15.33333333,15.66666667,16,16.33333333,16.66666667,17,17.33333333,17.66666667,18,18.33333333,18.66666667,19,19.33333333,19.66666667,20,20.33333333,20.66666667,21,21.33333333,21.66666667,22,22.33333333,22.66666667,23,23.33333333,23.66666667,24,24.33333333,24.66666667,25,25.33333333,25.66666667,26,26.33333333,26.66666667,27,27.33333333,27.66666667,28,28.33333333,28.66666667,29,29.33333333,29.66666667],"raw_data":[211.1302,209.9828,209.9828,208.8353,209.9828,211.7039,210.5565,209.9828,211.1302,209.4091,208.8353,209.9828,209.9828,211.1302,209.4091,209.4091,211.1302,211.1302,211.1302,211.1302,211.7039,212.2777,212.2777,213.9989,212.2777,212.2777,212.2777,209.4091,213.4251,213.4251,213.4251,213.4251,211.7039,213.4251,213.4251,211.7039,212.2777,213.4251,214.5726,213.4251,213.4251,213.9989,213.9989,212.2777,211.7039,211.1302,211.7039,211.7039,211.7039,213.4251,213.9989,213.9989,213.9989,213.9989,213.9989,213.9989,213.4251,212.2777,212.2777,213.4251,212.2777,213.9989,213.9989,211.7039,213.4251,213.4251,209.9828,211.7039,211.7039,212.2777,211.7039,212.2777,211.7039,212.2777,213.4251,212.2777,211.7039,211.7039,209.9828,211.7039,209.4091,211.7039,209.4091,211.1302,211.1302,209.9828,211.7039,211.7039,211.1302,211.7039],"processed_data":[0.618927002,0.307723999,0.104560125,0.009435381,0.022349766,0.50169399,0.742606753,0.630842399,0.166400926,-0.372549016,-0.163921208,-0.084445111,-0.3005237,0.009932217,0.250844782,0.340256134,0.506661948,0.683001167,1.26169246,1.440514437,1.825480275,2.292407213,2.635151719,3.06482462,2.471232427,2.066395681,1.887571657,1.832930065,2.501033106,2.69475704,3.012664068,3.561551775,3.002728813,2.679853827,2.451358151,2.699723677,3.097108783,3.09959154,3.419983505,4.03344786,4.058285668,3.703123415,3.077243821,2.642603688,2.091230913,1.445477969,1.308875146,1.79318812,2.406652277,3.067305396,3.564039552,3.988746544,4.242081151,4.189923836,3.971360772,3.539204123,3.298288255,2.838810776,2.652536301,2.948092704,3.012668428,3.198941912,3.54416858,3.112013582,2.746915611,2.039072276,1.800641741,1.758419747,1.547308786,1.651621038,2.024168667,2.11358167,2.349529778,2.41162083,2.620246986,2.210444463,2.098680306,1.328747242,0.981035307,0.643257769,0.474370321,0.568749432,0.568750753,0.474374284,0.911496249,0.876725828,1.022515691,1.230396142,1.500367182,1.832428811],"differential_data":[-0.933609,-0.771550315,-0.447432927,-0.123315539,0.738387913,1.080385481,0.193722613,-0.864308741,-1.505087122,-0.4954832,0.432155857,-0.204903739,0.141565992,0.827052723,0.495485876,0.383725748,0.514117551,1.132545768,1.136269904,0.845681723,1.277839165,1.214507165,1.158626111,-0.245878938,-1.497643409,-0.875491155,-0.350198424,0.920192174,1.292740463,0.767446444,1.300192102,-0.014902883,-1.322546922,-0.827055993,0.029804775,0.968625948,0.599801794,0.484312082,1.40078448,0.957453245,-0.495486668,-1.47156277,-1.590779589,-1.479019363,-1.79568858,-1.17353365,0.521565227,1.646665697,1.911175914,1.736080913,1.382161723,1.017062398,0.301765937,-0.406080568,-0.976079569,-1.009608777,-1.05059002,-0.96862793,0.163922892,0.54019819,0.376273812,0.797250227,-0.130392496,-1.195879453,-1.609411958,-1.419410805,-0.420978794,-0.379999433,-0.160198063,0.715289822,0.692940947,0.488041667,0.44705874,0.406075812,-0.30176455,-0.78235002,-1.322545832,-1.676467499,-1.028234209,-0.759997479,-0.111762505,0.141570649,-0.141562722,0.514118244,0.603527317,0.166529163,0.53050547,0.716777237,0.903049003,0.996184887,-0.933609,-0.771550315,-0.447432927,-0.123315539,0.738387913,1.080385481,0.193722613,-0.864308741,-1.505087122,-0.4954832,0.432155857,-0.204903739,0.141565992,0.827052723,0.495485876,0.383725748,0.514117551,1.132545768,1.136269904,0.845681723,1.277839165,1.214507165,1.158626111,-0.245878938,-1.497643409,-0.875491155,-0.350198424,0.920192174,1.292740463,0.767446444,1.300192102,-0.014902883,-1.322546922,-0.827055993,0.029804775,0.968625948,0.599801794,0.484312082,1.40078448,0.957453245,-0.495486668,-1.47156277,-1.590779589,-1.479019363,-1.79568858,-1.17353365,0.521565227,1.646665697,1.911175914,1.736080913,1.382161723,1.017062398,0.301765937,-0.406080568,-0.976079569,-1.009608777,-1.05059002,-0.96862793,0.163922892,0.54019819,0.376273812,0.797250227,-0.130392496,-1.195879453,-1.609411958,-1.419410805,-0.420978794,-0.379999433,-0.160198063,0.715289822,0.692940947,0.488041667,0.44705874,0.406075812,-0.30176455,-0.78235002,-1.322545832,-1.676467499,-1.028234209,-0.759997479,-0.111762505,0.141570649,-0.141562722,0.514118244,0.603527317,0.166529163,0.53050547,0.716777237,0.903049003,0.996184887]}

Slot 7:
Outcome check: Negative
Index Rising data : 0.000000
Index Break data : 0.000000
Index Transition time: 19.666667
{"outcome":{"outcome":"Negative","transition_time":{"x":19.66666667,"y":-1.528654685,"i":59},"plateau_point":{"x":22,"y":1.708067923,"i":66},"increase":3.236722608,"suspect_score":3,"arm_width":2,"window_rate":0.894853171,"rise_width":7.333333333,"shape_flag":0,"climbs_fixed":0,"climb_first_i":-1},"peak_features":{"main_peak":{"x":20.66666667,"y":1.831190828,"i":62},"left_arm":{"x":20,"y":0.863399357,"i":60},"right_arm":{"x":22,"y":0.566222352,"i":66}},"time_data":[0,0.333333333,0.666666667,1,1.333333333,1.666666667,2,2.333333333,2.666666667,3,3.333333333,3.666666667,4,4.333333333,4.666666667,5,5.333333333,5.666666667,6,6.333333333,6.666666667,7,7.333333333,7.666666667,8,8.333333333,8.666666667,9,9.333333333,9.666666667,10,10.33333333,10.66666667,11,11.33333333,11.66666667,12,12.33333333,12.66666667,13,13.33333333,13.66666667,14,14.33333333,14.66666667,15,15.33333333,15.66666667,16,16.33333333,16.66666667,17,17.33333333,17.66666667,18,18.33333333,18.66666667,19,19.33333333,19.66666667,20,20.33333333,20.66666667,21,21.33333333,21.66666667,22,22.33333333,22.66666667,23,23.33333333,23.66666667,24,24.33333333,24.66666667,25,25.33333333,25.66666667,26,26.33333333,26.66666667,27,27.33333333,27.66666667,28,28.33333333,28.66666667,29,29.33333333,29.66666667],"raw_data":[431.0451,432.282,434.1373,435.3741,433.5189,434.7557,430.4267,432.282,435.9926,432.9005,432.9005,432.9005,434.1373,434.7557,432.9005,434.7557,434.7557,432.9005,432.9005,431.0451,428.5714,429.1898,431.0451,430.4267,430.4267,431.0451,431.0451,428.5714,431.0451,430.4267,430.4267,431.0451,429.1898,432.282,432.282,431.0451,432.9005,431.0451,432.282,431.0451,431.0451,432.282,432.282,432.282,432.9005,431.0451,431.0451,429.1898,430.4267,432.282,430.4267,429.1898,431.0451,431.0451,431.0451,432.9005,430.4267,431.0451,432.282,430.4267,432.9005,432.9005,431.0451,432.9005,434.7557,434.7557,434.1373,434.7557,434.7557,434.1373,434.7557,434.7557,434.1373,432.9005,432.9005,434.7557,434.1373,435.9926,432.9005,432.9005,434.1373,432.9005,434.7557,432.9005,434.7557,434.7557,431.0451,432.9005,432.9005,431.0451],"processed_data":[-1.053734427,-0.478404005,-0.01150016,0.346977108,0.597027799,0.495293291,0.144584887,-0.064231443,-0.005330668,0.029471261,0.854044861,0.500658176,0.235617766,1.011999221,1.212788371,1.287753283,1.012001599,0.163332588,-0.971796605,-2.232756644,-2.990404005,-3.282216918,-3.300956825,-2.572763418,-2.371974929,-2.473707323,-2.733394738,-2.786937895,-2.634336794,-2.977015376,-2.835125812,-2.205988104,-2.318430583,-1.729449912,-1.483149145,-1.13778779,-0.896842263,-1.459056507,-1.552759344,-1.459056507,-1.587563255,-1.030700684,-0.936997847,-0.615733754,-1.041410504,-1.890082553,-2.163156881,-2.310399704,-2.720007034,-2.631656003,-2.551341928,-2.479064809,-2.270248611,-2.219379243,-1.87134476,-1.40283322,-1.753541492,-1.734798283,-1.426917534,-1.528654685,-1.228808118,-0.953055113,-0.431004908,0.267738772,0.570260052,1.220818326,1.708067923,1.598299893,1.485859264,1.614363237,1.542080041,1.003965964,0.79247056,0.532785259,0.805854698,1.014674067,1.070896429,1.290422712,0.907585772,0.653254786,0.358767423,0.208846187,1.100349591,0.966487075,0.618451932,0.578294102,0.217675068,-0.307591254,-0.997504864,-1.852065763],"differential_data":[1.725991266,1.563351401,1.23807167,0.912791938,0.222474274,-0.678664368,-0.839287101,-0.224873332,0.140554057,1.289063293,0.706780372,-0.927640642,0.767011568,1.465755909,0.413631092,-0.301180158,-1.686631042,-2.975697307,-3.594133848,-3.0279111,-1.574190412,-0.46582923,1.06418025,1.393472845,0.148584143,-0.542129715,-0.469845858,0.148586917,-0.28511622,-0.301183527,1.156540908,0.775042844,0.714807287,1.252922157,0.887493183,0.879460322,-0.481903076,-0.983875621,0,-0.052205866,0.642533736,0.975848111,0.622450395,-0.156618985,-1.9115232,-1.682619565,-0.630475725,-0.835275229,-0.481884449,0.252997658,0.22888679,0.421639975,0.389528349,0.598355776,1.224819035,0.176704902,-0.497947594,0.489935937,0.309215397,0.297164124,0.863399357,1.196704815,1.831190828,1.50189744,1.429619331,1.706711806,0.566222352,-0.333312988,0.024095015,0.084331166,-0.915595909,-1.124414221,-0.706771058,0.020076207,0.722833212,0.397562597,0.413622968,-0.244965987,-0.95575189,-0.823227523,-0.666612898,1.112373253,1.136461332,-0.722846489,-0.58228946,-0.601165296,-1.328828034,-1.822769898,-2.316711763,-2.563682695,1.725991266,1.563351401,1.23807167,0.912791938,0.222474274,-0.678664368,-0.839287101,-0.224873332,0.140554057,1.289063293,0.706780372,-0.927640642,0.767011568,1.465755909,0.413631092,-0.301180158,-1.686631042,-2.975697307,-3.594133848,-3.0279111,-1.574190412,-0.46582923,1.06418025,1.393472845,0.148584143,-0.542129715,-0.469845858,0.148586917,-0.28511622,-0.301183527,1.156540908,0.775042844,0.714807287,1.252922157,0.887493183,0.879460322,-0.481903076,-0.983875621,0,-0.052205866,0.642533736,0.975848111,0.622450395,-0.156618985,-1.9115232,-1.682619565,-0.630475725,-0.835275229,-0.481884449,0.252997658,0.22888679,0.421639975,0.389528349,0.598355776,1.224819035,0.176704902,-0.497947594,0.489935937,0.309215397,0.297164124,0.863399357,1.196704815,1.831190828,1.50189744,1.429619331,1.706711806,0.566222352,-0.333312988,0.024095015,0.084331166,-0.915595909,-1.124414221,-0.706771058,0.020076207,0.722833212,0.397562597,0.413622968,-0.244965987,-0.95575189,-0.823227523,-0.666612898,1.112373253,1.136461332,-0.722846489,-0.58228946,-0.601165296,-1.328828034,-1.822769898,-2.316711763,-2.563682695]}

[stack] Control=1120/4096 Sensor=1516/10240 Display=8352/10240Slot 8:
Outcome check: Negative
 Network=2172/6144Index Rising data : 0.000000
Index Break data : 0.000000
Index Transition time: 3.666667
[dash] heap free=83944 maxAlloc=73716 intFree=83944 intLargest=73716 clients=0 ap=0
 Input=1488/6144 Setting=7016/8192 | unused=23392 B
{"outcome":{"outcome":"Negative","transition_time":{"x":3.666666667,"y":-0.70783052,"i":11},"plateau_point":{"x":5,"y":1.622752136,"i":15},"increase":2.330582656,"suspect_score":2,"arm_width":1,"window_rate":0.450597028,"rise_width":4.333333333,"shape_flag":0,"climbs_fixed":0,"climb_first_i":-1},"peak_features":{"main_peak":{"x":4,"y":2.336027071,"i":12},"left_arm":{"x":3.666666667,"y":0.731025002,"i":11},"right_arm":{"x":4.666666667,"y":1.159846913,"i":14}},"time_data":[0,0.333333333,0.666666667,1,1.333333333,1.666666667,2,2.333333333,2.666666667,3,3.333333333,3.666666667,4,4.333333333,4.666666667,5,5.333333333,5.666666667,6,6.333333333,6.666666667,7,7.333333333,7.666666667,8,8.333333333,8.666666667,9,9.333333333,9.666666667,10,10.33333333,10.66666667,11,11.33333333,11.66666667,12,12.33333333,12.66666667,13,13.33333333,13.66666667,14,14.33333333,14.66666667,15,15.33333333,15.66666667,16,16.33333333,16.66666667,17,17.33333333,17.66666667,18,18.33333333,18.66666667,19,19.33333333,19.66666667,20,20.33333333,20.66666667,21,21.33333333,21.66666667,22,22.33333333,22.66666667,23,23.33333333,23.66666667,24,24.33333333,24.66666667,25,25.33333333,25.66666667,26,26.33333333,26.66666667,27,27.33333333,27.66666667,28,28.33333333,28.66666667,29,29.33333333,29.66666667],"raw_data":[367.2956,366.0378,362.2642,362.8931,365.4088,366.6667,365.4088,366.6667,367.2956,363.522,363.522,363.522,365.4088,366.6667,366.6667,366.6667,366.0378,366.6667,366.6667,367.2956,366.6667,366.6667,367.2956,366.6667,366.6667,366.6667,366.6667,362.8931,366.6667,366.6667,367.2956,367.2956,366.6667,367.2956,366.6667,366.6667,369.8113,369.1824,366.6667,365.4088,366.6667,367.2956,367.2956,366.6667,366.6667,366.6667,369.1824,366.6667,367.2956,366.6667,366.6667,366.6667,366.6667,366.0378,366.0378,366.6667,366.6667,366.6667,366.6667,366.0378,366.0378,366.6667,362.8931,365.4088,366.0378,366.6667,366.6667,366.6667,366.6667,366.6667,366.6667,366.0378,366.6667,367.2956,366.6667,366.6667,366.6667,366.6667,366.6667,367.2956,366.0378,366.6667,366.6667,367.2956,367.2956,367.2956,368.5535,367.2956,367.2956,367.2956],"processed_data":[1.373363518,0.319422219,-0.376489628,-0.714372022,-0.694224964,0.506464442,1.456670191,1.301481305,0.337668811,-0.457344881,-0.647929798,-0.70783052,-0.160579797,0.849520861,1.394049706,1.622752136,1.60914156,1.57646952,1.60097355,1.7779471,1.927693949,1.870517879,1.81606448,2.050211324,1.49479127,1.018327325,0.620819488,0.634433499,0.879473137,1.176242184,1.734386229,2.374209053,1.731664484,1.884132154,2.428658225,2.940514899,2.970461627,2.668245258,2.423207601,2.055652437,1.443059616,1.483901515,1.620035015,2.137337689,2.129166376,2.224457844,2.308859953,2.352423334,2.202678466,1.973977489,1.513850885,1.511125441,1.306925192,1.309647861,1.309647861,1.421277331,1.492066751,1.492066751,1.764330975,1.195297571,0.653489546,0.23147768,0.108958191,0.285931079,0.582700127,1.029214702,1.777944325,1.7507204,1.63636826,1.453949371,1.508402771,1.562856171,1.61730957,1.67176297,1.72621637,1.7234937,1.7507204,1.62820025,1.65814962,1.57374685,1.58463753,1.66359496,1.669043074,1.993036179,2.428660075,2.559346253,2.606720763,2.560164282,2.41967681,2.185258345],"differential_data":[-3.161823897,-2.624779719,-1.550691362,-0.476603005,1.831254697,3.226342734,1.192525294,-1.67850207,-2.638239278,-1.478397914,-0.375728459,0.731025002,2.336027071,2.331944255,1.159846913,0.322637781,-0.069423923,-0.012252015,0.302216369,0.490080598,0.138856169,-0.167444204,0.269540167,-0.481909814,-1.547825999,-1.310957673,-0.575840739,0.387980474,0.812713029,1.282369638,1.796950303,-0.004082618,-0.735115349,1.045490612,1.584574117,0.812705102,-0.408404462,-0.820881039,-0.918889231,-1.470221978,-0.857626382,0.265463098,0.98015426,0.763697042,0.130680233,0.269540366,0.191948234,-0.159272231,-0.567668766,-1.033241371,-0.694278073,-0.31038854,-0.302216369,0.004084005,0.167444204,0.273628334,0.10618413,0.408396337,-0.445153769,-1.666262144,-1.445729838,-0.816797034,0.0816801,0.710612904,1.114925434,1.792866298,1.082258547,-0.212364098,-0.445156543,-0.191948234,0.163360199,0.163360199,0.163360199,0.163360199,0.077596095,0.036756045,-0.142940174,-0.138856169,-0.0816801,-0.110268135,0.134772164,0.126608316,0.494161829,1.139425501,0.84946511,0.267091033,0.001227044,-0.280565931,-0.562358906,-0.703255393,-3.161823897,-2.624779719,-1.550691362,-0.476603005,1.831254697,3.226342734,1.192525294,-1.67850207,-2.638239278,-1.478397914,-0.375728459,0.731025002,2.336027071,2.331944255,1.159846913,0.322637781,-0.069423923,-0.012252015,0.302216369,0.490080598,0.138856169,-0.167444204,0.269540167,-0.481909814,-1.547825999,-1.310957673,-0.575840739,0.387980474,0.812713029,1.282369638,1.796950303,-0.004082618,-0.735115349,1.045490612,1.584574117,0.812705102,-0.408404462,-0.820881039,-0.918889231,-1.470221978,-0.857626382,0.265463098,0.98015426,0.763697042,0.130680233,0.269540366,0.191948234,-0.159272231,-0.567668766,-1.033241371,-0.694278073,-0.31038854,-0.302216369,0.004084005,0.167444204,0.273628334,0.10618413,0.408396337,-0.445153769,-1.666262144,-1.445729838,-0.816797034,0.0816801,0.710612904,1.114925434,1.792866298,1.082258547,-0.212364098,-0.445156543,-0.191948234,0.163360199,0.163360199,0.163360199,0.163360199,0.077596095,0.036756045,-0.142940174,-0.138856169,-0.0816801,-0.110268135,0.134772164,0.126608316,0.494161829,1.139425501,0.84946511,0.267091033,0.001227044,-0.280565931,-0.562358906,-0.703255393]}

Slot 9:
Outcome check: Negative
Index Rising data : 0.000000
Index Break data : 0.000000
Index Transition time: 4.666667
{"outcome":{"outcome":"Negative","transition_time":{"x":4.666666667,"y":-1.284696901,"i":14},"plateau_point":{"x":6,"y":1.652599384,"i":18},"increase":2.937296285,"suspect_score":2,"arm_width":1.333333333,"window_rate":1.261230865,"rise_width":4.333333333,"shape_flag":0,"climbs_fixed":0,"climb_first_i":-1},"peak_features":{"main_peak":{"x":5.333333333,"y":2.895478286,"i":16},"left_arm":{"x":4.666666667,"y":1.003631988,"i":14},"right_arm":{"x":6,"y":0.115417679,"i":18}},"time_data":[0,0.333333333,0.666666667,1,1.333333333,1.666666667,2,2.333333333,2.666666667,3,3.333333333,3.666666667,4,4.333333333,4.666666667,5,5.333333333,5.666666667,6,6.333333333,6.666666667,7,7.333333333,7.666666667,8,8.333333333,8.666666667,9,9.333333333,9.666666667,10,10.33333333,10.66666667,11,11.33333333,11.66666667,12,12.33333333,12.66666667,13,13.33333333,13.66666667,14,14.33333333,14.66666667,15,15.33333333,15.66666667,16,16.33333333,16.66666667,17,17.33333333,17.66666667,18,18.33333333,18.66666667,19,19.33333333,19.66666667,20,20.33333333,20.66666667,21,21.33333333,21.66666667,22,22.33333333,22.66666667,23,23.33333333,23.66666667,24,24.33333333,24.66666667,25,25.33333333,25.66666667,26,26.33333333,26.66666667,27,27.33333333,27.66666667,28,28.33333333,28.66666667,29,29.33333333,29.66666667],"raw_data":[431.221,431.221,431.9938,431.221,430.4482,430.4482,431.221,431.9938,433.5394,432.7666,431.9938,431.9938,429.6754,431.221,430.4482,431.221,431.221,433.5394,434.3122,434.3122,432.7666,431.221,431.9938,435.085,432.7666,431.9938,430.4482,430.4482,433.5394,435.085,432.7666,435.8578,434.3122,436.6306,435.8578,435.085,435.085,437.4034,437.4034,435.085,436.6306,435.8578,433.5394,432.7666,437.4034,433.5394,433.5394,434.3122,437.4034,432.7666,433.5394,433.5394,432.7666,433.5394,431.9938,434.3122,435.085,431.9938,433.5394,431.9938,432.7666,433.5394,433.5394,431.221,431.9938,431.9938,431.9938,430.4482,431.9938,430.4482,432.7666,431.9938,432.7666,431.9938,431.221,431.221,430.4482,432.7666,431.221,431.9938,431.221,433.5394,431.9938,431.9938,431.9938,431.221,431.9938,431.9938,431.9938,431.9938],"processed_data":[-0.086360307,-0.634343373,-0.981600041,-1.128130311,-1.073934183,-0.863171466,-0.448336911,0.137115082,0.812893954,0.692458116,0.32445972,-0.361355472,-0.993643624,-1.37836922,-1.284696901,-0.709281228,0.458277318,1.221037629,1.652599384,1.297982748,1.341473468,1.053765631,0.983511392,0.832966594,0.418132039,0.073551723,0.050133643,-0.301137553,0.689112676,1.458563867,2.562559053,3.311937605,3.425682563,3.375500964,3.817099039,4.057970716,4.288806073,4.265387993,4.713676948,4.743785908,3.6966632,3.218265286,2.933902889,2.729831052,2.01725234,2.652885932,3.047647848,2.930557449,2.361832656,2.445468655,2.184524338,1.344818908,0.705839875,1.548890745,1.478636506,1.686053784,1.655944824,1.351509788,1.251146589,1.053765631,0.863075554,1.010274912,0.675730916,0.722567075,0.120387882,-0.187392594,-0.602227149,-0.428264271,-0.55204555,-0.317864752,0.053479083,0.374641319,0.30773252,0.003297484,-0.351319152,-0.49851851,-0.54535467,-0.598881709,-0.180701714,0.117042442,0.3311506,0.277623561,0.364604999,0.193987562,0.093624363,-0.227537874,-0.267014065,-0.179363538,0.035413707,0.377317671],"differential_data":[-1.643949197,-1.3428596,-0.740680407,-0.138501214,0.397438267,0.938395909,1.500429822,1.891846298,0.83301455,-0.732651351,-1.580720381,-1.977155017,-1.525520622,-0.436579915,1.003631988,2.614461329,2.895478286,1.791483099,0.115417679,-0.466688874,-0.366325676,-0.536943114,-0.331198556,-0.84806903,-1.139122307,-0.551997593,-0.562033913,0.958468549,2.639552129,2.810169567,2.780060607,1.294685265,0.095345039,0.587124713,1.023704628,0.707560552,0.311125916,0.637306312,0.717596872,-1.525520622,-2.288280933,-1.144140466,-0.732651351,-1.374975824,-0.115417679,1.545593262,0.416507275,-1.028722788,-0.727633191,-0.265962477,-1.65097462,-2.218026694,0.306107756,1.159194946,0.205744558,0.265962477,-0.501815994,-0.607197353,-0.446616235,-0.582106553,-0.065236079,-0.281016957,-0.431561755,-0.83301455,-1.364939504,-1.083922547,-0.361307516,0.075272399,0.165599278,0.908286949,1.038759108,0.381380155,-0.557015753,-0.988577508,-0.752723991,-0.291053277,-0.150544798,0.546979434,1.073886227,0.767778471,0.240871677,0.050181599,-0.125453999,-0.406470955,-0.632288153,-0.540957642,0.072261503,0.453641659,0.835021814,1.025711892,-1.643949197,-1.3428596,-0.740680407,-0.138501214,0.397438267,0.938395909,1.500429822,1.891846298,0.83301455,-0.732651351,-1.580720381,-1.977155017,-1.525520622,-0.436579915,1.003631988,2.614461329,2.895478286,1.791483099,0.115417679,-0.466688874,-0.366325676,-0.536943114,-0.331198556,-0.84806903,-1.139122307,-0.551997593,-0.562033913,0.958468549,2.639552129,2.810169567,2.780060607,1.294685265,0.095345039,0.587124713,1.023704628,0.707560552,0.311125916,0.637306312,0.717596872,-1.525520622,-2.288280933,-1.144140466,-0.732651351,-1.374975824,-0.115417679,1.545593262,0.416507275,-1.028722788,-0.727633191,-0.265962477,-1.65097462,-2.218026694,0.306107756,1.159194946,0.205744558,0.265962477,-0.501815994,-0.607197353,-0.446616235,-0.582106553,-0.065236079,-0.281016957,-0.431561755,-0.83301455,-1.364939504,-1.083922547,-0.361307516,0.075272399,0.165599278,0.908286949,1.038759108,0.381380155,-0.557015753,-0.988577508,-0.752723991,-0.291053277,-0.150544798,0.546979434,1.073886227,0.767778471,0.240871677,0.050181599,-0.125453999,-0.406470955,-0.632288153,-0.540957642,0.072261503,0.453641659,0.835021814,1.025711892]}

Slot 10:
Outcome check: Negative
Index Rising data : 0.000000
Index Break data : 0.000000
Index Transition time: 9.333333
{"outcome":{"outcome":"Negative","transition_time":{"x":9.333333333,"y":1.326507172,"i":28},"plateau_point":{"x":10.33333333,"y":4.011011561,"i":31},"increase":2.684504389,"suspect_score":2,"arm_width":1,"window_rate":1.034263677,"rise_width":4,"shape_flag":0,"climbs_fixed":0,"climb_first_i":-1},"peak_features":{"main_peak":{"x":10,"y":3.472377628,"i":30},"left_arm":{"x":9.333333333,"y":0.481325224,"i":28},"right_arm":{"x":10.33333333,"y":1.345116553,"i":31}},"time_data":[0,0.333333333,0.666666667,1,1.333333333,1.666666667,2,2.333333333,2.666666667,3,3.333333333,3.666666667,4,4.333333333,4.666666667,5,5.333333333,5.666666667,6,6.333333333,6.666666667,7,7.333333333,7.666666667,8,8.333333333,8.666666667,9,9.333333333,9.666666667,10,10.33333333,10.66666667,11,11.33333333,11.66666667,12,12.33333333,12.66666667,13,13.33333333,13.66666667,14,14.33333333,14.66666667,15,15.33333333,15.66666667,16,16.33333333,16.66666667,17,17.33333333,17.66666667,18,18.33333333,18.66666667,19,19.33333333,19.66666667,20,20.33333333,20.66666667,21,21.33333333,21.66666667,22,22.33333333,22.66666667,23,23.33333333,23.66666667,24,24.33333333,24.66666667,25,25.33333333,25.66666667,26,26.33333333,26.66666667,27,27.33333333,27.66666667,28,28.33333333,28.66666667,29,29.33333333,29.66666667],"raw_data":[405.0298,403.0443,402.3825,402.3825,406.3534,405.6916,404.368,406.3534,405.0298,403.7061,405.0298,405.6916,403.7061,405.6916,405.6916,405.6916,405.6916,407.677,406.3534,410.9861,407.0152,405.6916,407.677,405.6916,405.6916,408.3388,406.3534,403.7061,406.3534,407.677,407.677,407.677,410.3243,409.6625,407.677,408.3388,409.6625,408.3388,405.6916,406.3534,405.6916,406.3534,409.6625,409.6625,407.677,407.0152,407.677,408.3388,408.3388,407.677,408.3388,406.3534,407.677,405.0298,406.3534,405.0298,405.6916,405.6916,405.6916,405.6916,406.3534,405.6916,405.6916,405.6916,405.0298,406.3534,405.6916,405.0298,405.6916,405.6916,407.0152,405.6916,407.0152,409.6625,406.3534,407.0152,408.3388,407.677,409.6625,409.6625,408.3388,409.6625,409.6625,410.3243,410.3243,409.6625,410.9861,410.3243,410.3243,410.9861],"processed_data":[-1.178630112,-1.112457923,-0.983253393,-0.791016523,-0.535747313,0.429757915,0.707666174,0.52144527,0.157593434,-0.054415088,-0.068737872,-0.203393449,0.171918068,0.346682726,0.636046835,0.624588079,1.807829622,2.486828032,2.764729025,3.122852144,2.993927927,2.137297527,1.94248216,1.58149422,1.615874584,1.326505587,1.045734752,1.37520966,1.326507172,1.696093142,3.059832024,4.011011561,3.956576393,4.134205343,4.457948495,4.076904561,3.29762486,2.713164755,1.953939595,1.458295946,1.690360461,2.489698534,3.223135151,3.412225897,3.561203994,3.39503261,2.827761828,3.028311461,3.151505904,3.334867007,2.807709004,2.346445719,1.756258878,1.280670827,0.845194102,0.785029556,0.52717914,0.879571163,0.862381444,1.065793124,1.08011789,0.905355742,0.891030976,0.908220696,0.736323501,0.753513221,0.618860418,0.833731911,0.899625836,0.70766842,1.552838875,2.120106222,2.292004606,2.61288254,2.567044345,2.928033474,3.203078101,3.277567281,4.05111985,4.277458158,4.463681836,4.844723128,4.744448971,5.08538171,5.469290069,5.429177949,5.558673836,5.682439816,5.800475889,5.912782056],"differential_data":[0.198516568,0.293065079,0.482162099,0.67125912,1.831161658,1.865120231,0.137531033,-0.82510911,-0.863790537,-0.339496959,-0.223467542,0.36098391,0.825114263,0.69619315,0.416858029,1.75767418,2.79335993,1.435349105,0.954036168,0.343798353,-1.478331925,-1.57716865,-0.833704961,-0.489911364,-0.38248295,-0.855209747,0.07305611,0.42115863,0.481325224,2.599987278,3.472377628,1.345116553,0.184790673,0.752058153,-0.085951173,-1.740485451,-2.04560971,-2.015527899,-1.882303213,-0.3953687,1.547103882,2.299162035,1.383791044,0.507103264,-0.02578993,-1.100163249,-0.550081724,0.485616114,0.459833319,-0.515695349,-1.482631931,-1.57717519,-1.598662339,-1.366597163,-0.743461906,-0.477022443,0.141812411,0.502803456,0.279332941,0.32660467,-0.240656072,-0.283630371,0.00429743,-0.232061213,-0.232061213,-0.176194624,0.120328036,0.421148127,-0.189095237,0.979819558,2.118656703,1.108748597,0.739164476,0.412559608,0.472726401,0.954050634,0.524300711,1.272062624,1.499836315,0.61884298,0.850897455,0.421150703,0.360987874,1.087261646,0.515694358,0.13407565,0.3798928,0.362703081,0.345513361,0.336918501,0.198516568,0.293065079,0.482162099,0.67125912,1.831161658,1.865120231,0.137531033,-0.82510911,-0.863790537,-0.339496959,-0.223467542,0.36098391,0.825114263,0.69619315,0.416858029,1.75767418,2.79335993,1.435349105,0.954036168,0.343798353,-1.478331925,-1.57716865,-0.833704961,-0.489911364,-0.38248295,-0.855209747,0.07305611,0.42115863,0.481325224,2.599987278,3.472377628,1.345116553,0.184790673,0.752058153,-0.085951173,-1.740485451,-2.04560971,-2.015527899,-1.882303213,-0.3953687,1.547103882,2.299162035,1.383791044,0.507103264,-0.02578993,-1.100163249,-0.550081724,0.485616114,0.459833319,-0.515695349,-1.482631931,-1.57717519,-1.598662339,-1.366597163,-0.743461906,-0.477022443,0.141812411,0.502803456,0.279332941,0.32660467,-0.240656072,-0.283630371,0.00429743,-0.232061213,-0.232061213,-0.176194624,0.120328036,0.421148127,-0.189095237,0.979819558,2.118656703,1.108748597,0.739164476,0.412559608,0.472726401,0.954050634,0.524300711,1.272062624,1.499836315,0.61884298,0.850897455,0.421150703,0.360987874,1.087261646,0.515694358,0.13407565,0.3798928,0.362703081,0.345513361,0.336918501]}

[len] set(90) was=90 APPLIED
