
>>> ParaRead
data received from Serial port
ParaRead
check para in EEPROM, length is 400, right one is 400
There is para in the EEPROM
Length: 400
{"device ID":"RPL01015","para version":"V1.301015","PCB version":"V1.3","opto calibration":{"slopes":[1.508,1.622,1.504,1.73,1.542,1.743,1.617,1.59,1.294,1.511],"origins":[0,0,0,0,0,0,0,0,0,0]},"LED power":[150,150,150,150,150,150,150,150,150,150],"parameters":{"min increase":25,"min sharpness":8,"min slight positive time":22,"detect shape":true,"detection margin time":4,"arm percentile":0.5,"transition percentile":0.4,"sg order":2,"sg window":4,"baseline start":2,"baseline range":2},"units":"nM FAM","lysis duration":600,"opto preheat time":900,"LED Duration":200,"time per loop":20000,"amplification time":90,"lysis temperature":82,"amplification temperature":65.8,"bottom temperature sensor seq":[1,0,2],"top temperature sensor seq":[0,1,2],"PID parameter":[30,0.05,30],"PID2 parameter":[40,0.1,40],"PID3 parameter":[60,0.1,40],"Bottom overheat value":[5,5,5],"Top overheat value":[20,20],"temperature value calibration":[0,0,0,0,0,0],"top heater PWM":[[40,100],[40,100]],"buzzer":"On","kitId":0}@

>>> getResult
data received from Serial port
getResult
<AmpStart/>
<AmpStart>
{"calibration":{"slopes":[1.508,1.622,1.504,1.73,1.542,1.743,1.617,1.59,1.294,1.511],"origins":[0,0,0,0,0,0,0,0,0,0]},"led_power":[150,150,150,150,150,150,150,150,150,150],"units":"nM FAM","device_id":"RPL01015","slots":10,"amplification_time":30,"reading_interval":0.333333,"software_version":"v2.4.5AT1"}
Amplification Time[min],Sensor 1 Fluorescence[nM FAM],Sensor 2 Fluorescence[nM FAM],Sensor 3 Fluorescence[nM FAM],Sensor 4 Fluorescence[nM FAM],Sensor 5 Fluorescence[nM FAM],Temperature[C]
0.00,251.99,296.55,500.00,373.41,373.54,211.13,431.05,367.30,431.22,405.03,65.80
0.33,252.65,299.01,500.00,375.14,372.89,209.98,432.28,366.04,431.22,403.04,65.80
0.67,251.99,295.31,500.66,376.88,375.49,209.98,434.14,362.26,431.99,402.38,65.80
1.00,250.66,297.16,502.66,375.14,374.84,208.84,435.37,362.89,431.22,402.38,65.80
1.33,251.99,297.78,502.66,376.88,373.54,209.98,433.52,365.41,430.45,406.35,65.80
1.67,250.66,295.31,505.32,373.41,372.89,211.70,434.76,366.67,430.45,405.69,65.80
2.00,251.33,295.93,504.65,374.57,374.84,210.56,430.43,365.41,431.22,404.37,65.80
2.33,252.65,298.40,503.99,375.14,374.84,209.98,432.28,366.67,431.99,406.35,65.80
2.67,249.34,296.55,502.66,378.03,373.54,211.13,435.99,367.30,433.54,405.03,65.80
3.00,252.65,296.55,506.65,420.81,409.21,266.21,492.89,413.21,489.18,459.30,65.80
3.33,297.75,345.25,545.21,421.39,409.86,265.06,492.89,413.21,488.41,459.96,65.80
3.67,299.07,344.02,547.21,420.81,409.86,266.78,492.89,413.21,488.41,460.62,65.80
4.00,295.09,345.87,548.54,420.23,412.45,266.78,493.51,415.09,486.09,459.30,65.80
4.33,297.08,344.64,550.53,421.97,411.15,267.36,494.74,416.35,487.64,460.62,65.80
4.67,298.41,343.40,553.19,419.65,410.51,266.21,492.89,416.98,486.86,460.62,65.80
5.00,296.42,345.25,553.19,420.81,411.15,266.21,494.12,416.98,487.64,461.28,65.80
5.33,296.42,345.25,552.53,419.65,413.10,267.36,494.12,415.72,487.64,461.28,65.80
5.67,298.41,344.02,553.19,420.81,412.45,267.36,492.27,416.35,489.95,463.27,65.80
6.00,296.42,344.64,553.86,420.81,412.45,267.36,492.27,416.98,490.73,461.95,65.80
6.33,296.42,345.25,552.53,420.81,410.51,267.36,490.41,417.61,490.73,465.92,65.80
6.67,297.75,347.10,553.19,421.39,410.51,267.93,488.56,416.98,489.18,462.61,65.80
7.00,296.42,345.25,552.53,420.23,410.51,269.08,489.18,416.35,487.64,460.62,65.80
7.33,296.42,346.49,551.86,419.65,410.51,269.08,490.41,417.61,488.41,463.27,65.80
7.67,296.42,345.25,552.53,420.23,410.51,270.22,489.80,416.98,491.50,461.28,65.80
8.00,296.42,345.25,553.86,420.81,411.15,269.08,489.80,416.98,489.18,461.28,65.80
8.33,297.08,345.25,552.53,420.23,410.51,269.08,490.41,416.98,488.41,463.93,65.80
8.67,292.44,345.25,553.19,419.08,410.51,269.08,490.41,416.98,486.86,461.95,65.80
9.00,292.44,341.55,548.54,414.45,409.21,266.21,488.56,412.58,486.86,459.30,65.80
9.33,294.43,345.87,543.88,420.23,414.40,269.65,490.41,416.98,489.95,461.95,65.80
9.67,296.42,345.25,552.53,420.23,412.45,269.65,489.80,416.35,491.50,463.27,65.80
10.00,295.76,345.25,553.19,420.81,413.10,269.65,489.80,417.61,489.18,463.27,65.80
10.33,297.08,345.25,553.86,421.39,413.75,269.65,490.41,417.61,492.27,463.27,65.80
10.67,295.09,345.25,552.53,420.23,411.80,268.50,489.18,416.98,490.73,465.25,65.80
11.00,295.76,345.25,552.53,420.81,411.15,269.65,491.65,417.61,493.04,464.59,65.80
11.33,297.08,345.87,553.19,423.70,413.10,269.65,491.65,416.98,492.27,463.27,65.80
11.67,296.42,346.49,552.53,421.39,410.51,267.93,490.41,416.35,491.50,463.93,65.80
12.00,297.75,346.49,553.19,420.23,411.15,269.08,492.27,419.50,491.50,464.59,65.80
12.33,299.07,347.72,553.19,420.81,413.10,269.65,491.03,418.87,493.82,463.93,65.80
12.67,299.73,345.87,552.53,422.54,412.45,270.80,491.65,416.98,493.82,460.62,65.80
13.00,296.42,347.10,553.86,420.81,411.15,269.65,491.03,415.09,491.50,461.95,65.80
13.33,297.08,346.49,553.19,421.97,410.51,269.65,490.41,416.98,493.04,461.28,65.80
13.67,297.75,347.10,552.53,420.81,411.15,270.22,491.65,417.61,492.27,461.95,65.80
14.00,297.75,347.72,553.86,424.28,412.45,270.22,491.65,417.61,489.95,464.59,65.80
14.33,299.07,348.95,552.53,424.28,411.80,269.08,491.65,416.98,489.18,464.59,65.80
14.67,298.41,348.34,553.86,424.28,412.45,268.50,492.89,416.98,493.82,463.27,65.80
15.00,297.75,347.10,553.19,423.70,415.05,267.36,491.03,416.98,489.95,462.61,65.80
15.33,299.73,347.10,552.53,421.97,413.75,268.50,490.41,418.87,489.95,463.27,65.80
15.67,298.41,347.10,553.19,422.54,414.40,268.50,489.18,416.98,490.73,463.93,65.80
16.00,297.08,348.34,553.86,424.86,414.40,268.50,489.80,417.61,493.82,463.93,65.80
16.33,297.08,348.34,552.53,423.70,415.05,269.65,491.65,416.98,489.18,463.27,65.80
16.67,297.75,345.87,552.53,424.86,413.75,270.22,489.80,416.98,489.95,463.93,65.80
17.00,297.08,346.49,555.19,423.70,416.99,270.22,489.18,416.35,489.95,461.95,65.80
17.33,297.08,346.49,554.52,424.28,414.40,270.22,490.41,416.98,489.18,463.27,65.80
17.67,296.42,347.72,553.19,426.01,415.05,270.22,490.41,415.72,489.95,459.96,65.80
18.00,297.75,347.72,552.53,423.70,415.05,270.22,491.03,415.72,488.41,461.95,65.80
18.33,295.76,346.49,554.52,425.43,415.05,270.22,492.27,416.35,490.73,459.96,65.80
18.67,295.76,346.49,556.52,424.28,415.05,269.65,489.80,416.98,491.50,461.28,65.80
19.00,297.08,345.87,555.19,424.28,414.40,269.08,491.03,416.98,488.41,460.62,65.80
19.33,297.08,345.25,554.52,424.28,414.40,269.08,491.65,416.98,489.95,460.62,65.80
19.67,297.75,347.10,556.52,424.86,416.34,269.65,489.80,415.72,488.41,461.28,65.80
20.00,296.42,347.72,557.18,424.28,413.75,269.08,492.27,415.72,489.18,461.95,65.80
20.33,297.08,345.25,557.85,424.86,415.69,270.22,492.27,416.35,489.95,460.62,65.80
20.67,297.08,345.25,557.85,424.28,415.69,270.22,491.03,412.58,489.95,460.62,65.80
21.00,296.42,347.10,558.51,424.28,415.69,268.50,492.27,415.09,487.64,460.62,65.80
21.33,296.42,346.49,559.18,421.97,416.34,269.65,494.12,415.72,488.41,459.96,65.80
21.67,298.41,345.25,558.51,422.54,415.05,269.65,494.12,416.35,488.41,461.95,65.80
22.00,297.08,345.25,558.51,424.28,415.05,266.78,493.51,416.98,488.41,460.62,65.80
22.33,297.08,346.49,557.85,422.54,415.05,268.50,494.12,416.35,486.86,459.96,65.80
22.67,297.08,345.25,559.18,423.12,412.45,268.50,494.12,416.35,488.41,461.28,65.80
23.00,296.42,345.25,557.85,421.97,413.10,269.08,493.51,416.98,486.86,461.28,65.80
23.33,297.08,346.49,559.18,421.97,413.75,267.93,494.12,416.98,489.18,462.61,65.80
23.67,295.76,348.34,558.51,422.54,413.75,269.08,494.12,415.72,488.41,461.28,65.80
24.00,297.08,345.87,557.85,423.70,413.75,268.50,493.51,416.98,489.18,462.61,65.80
24.33,298.41,348.95,557.85,422.54,413.75,269.08,492.27,417.61,488.41,464.59,65.80
24.67,298.41,346.49,559.18,423.70,411.80,269.65,492.89,416.98,487.64,461.95,65.80
25.00,298.41,345.25,559.84,421.97,413.75,269.08,494.12,416.98,487.64,462.61,65.80
25.33,297.08,346.49,559.84,421.97,413.75,267.93,493.51,416.98,486.86,463.93,65.80
25.67,297.08,346.49,559.84,421.39,414.40,268.50,495.36,416.35,489.18,463.27,65.80
26.00,297.75,348.34,557.85,421.39,415.05,266.78,492.89,416.35,487.64,464.59,65.80
26.33,299.73,345.25,557.18,422.54,413.75,267.93,492.89,417.61,488.41,464.59,65.80
26.67,297.08,345.25,557.18,421.97,414.40,266.21,493.51,415.72,487.64,463.93,65.80
27.00,297.08,347.10,557.85,422.54,415.69,268.50,492.27,416.98,489.95,464.59,65.80
27.33,297.08,345.25,557.85,424.28,413.10,266.21,494.12,416.98,488.41,464.59,65.80
27.67,295.76,347.10,557.18,423.12,411.80,267.36,492.89,417.61,488.41,465.25,65.80
28.00,297.75,346.49,554.52,423.12,415.05,267.36,494.12,417.61,488.41,465.25,65.80
28.33,297.08,348.34,558.51,424.28,416.34,266.78,494.12,417.61,487.64,464.59,65.80
28.67,298.41,347.10,555.85,423.70,414.40,267.93,490.41,418.24,488.41,465.92,65.80
29.00,297.08,348.34,557.18,423.12,415.05,268.50,492.27,417.61,488.41,465.25,65.80
29.33,297.75,347.10,558.51,424.28,413.10,267.36,492.27,417.61,488.41,465.25,65.80
29.67,299.73,347.72,557.18,421.39,413.75,268.50,490.41,417.61,488.41,465.92,65.80
load algo para from flash
Slot 1: neutralised 1 vertical climb(s)
Slot 1:
Outcome check: Negative
Index Rising data : 10.666667
Index Break data : 0.000000
Index Transition time: 11.000000
{"outcome":{"outcome":"Negative","transition_time":{"x":11,"y":-0.887039845,"i":33},"plateau_point":{"x":12.33333333,"y":1.309052637,"i":37},"increase":2.196092482,"suspect_score":2,"arm_width":1.333333333,"window_rate":0.980341924,"rise_width":4.666666667,"shape_flag":0,"climbs_fixed":0,"climb_first_i":-1},"peak_features":{"main_peak":{"x":11.66666667,"y":2.51473464,"i":35},"left_arm":{"x":11,"y":0.378944496,"i":33},"right_arm":{"x":12.33333333,"y":0.077508307,"i":37}},"time_data":[0,0.333333333,0.666666667,1,1.333333333,1.666666667,2,2.333333333,2.666666667,3,3.333333333,3.666666667,4,4.333333333,4.666666667,5,5.333333333,5.666666667,6,6.333333333,6.666666667,7,7.333333333,7.666666667,8,8.333333333,8.666666667,9,9.333333333,9.666666667,10,10.33333333,10.66666667,11,11.33333333,11.66666667,12,12.33333333,12.66666667,13,13.33333333,13.66666667,14,14.33333333,14.66666667,15,15.33333333,15.66666667,16,16.33333333,16.66666667,17,17.33333333,17.66666667,18,18.33333333,18.66666667,19,19.33333333,19.66666667,20,20.33333333,20.66666667,21,21.33333333,21.66666667,22,22.33333333,22.66666667,23,23.33333333,23.66666667,24,24.33333333,24.66666667,25,25.33333333,25.66666667,26,26.33333333,26.66666667,27,27.33333333,27.66666667,28,28.33333333,28.66666667,29,29.33333333,29.66666667],"raw_data":[251.9894,252.6525,251.9894,250.6631,251.9894,250.6631,251.3263,252.6525,249.3369,252.6525,252.6525,253.9788,250,251.9894,253.3156,251.3263,251.3263,253.3156,251.3263,251.3263,252.6525,251.3263,251.3263,251.3263,251.3263,251.9894,247.3475,247.3475,249.3369,251.3263,250.6631,251.9894,250,250.6631,251.9894,251.3263,252.6525,253.9788,254.6419,251.3263,251.9894,252.6525,252.6525,253.9788,253.3156,252.6525,254.6419,253.3156,251.9894,251.9894,252.6525,251.9894,251.9894,251.3263,252.6525,250.6631,250.6631,251.9894,251.9894,252.6525,251.3263,251.9894,251.9894,251.3263,251.3263,253.3156,251.9894,251.9894,251.9894,251.3263,251.9894,250.6631,251.9894,253.3156,253.3156,253.3156,251.9894,251.9894,252.6525,254.6419,251.9894,251.9894,251.9894,250.6631,252.6525,251.9894,253.3156,251.9894,252.6525,254.6419],"processed_data":[0.322093247,0.233678829,0.113686249,-0.037884495,-0.221033402,-0.69756697,-0.683214856,-0.548293671,0.043072193,0.301435859,0.175126113,0.419134957,0.783711487,0.07752165,0.126319852,0.117707422,0.367459978,0.175126707,0.03446366,0.172256866,-0.014336986,-0.404748496,0.152163617,-0.160744341,-1.17123314,-2.026699776,-2.540551718,-2.873551868,-2.494621442,-1.975024005,-1.027697609,-0.599968914,-0.752119651,-0.887039845,-0.499489987,0.387556266,1.176999773,1.309052637,1.228671978,1.047815827,0.809549769,0.737781938,0.720560776,1.48703604,1.828648753,1.828644129,1.55592333,1.199956919,0.978914401,0.729160788,0.097609417,0.272725753,0.298563705,-0.088981133,-0.390406951,-0.476529274,-0.287064788,-0.172236785,-0.132045267,0.304302463,0.315786188,-0.126298979,-0.068884978,-0.011473619,0.235405662,0.321525343,0.307171512,0.442092103,0.094737462,-0.444952432,-0.31577126,-0.077504146,0.453573714,0.898529911,1.007616514,0.981782525,1.076517278,0.976043767,0.938724997,1.021974968,0.780833785,0.49376444,-0.028703632,-0.155012056,0.212436494,0.229662676,0.555200407,1.001307209,1.567983084,2.255228031],"differential_data":[-0.265243253,-0.312610497,-0.407344987,-0.502079476,-0.989523712,-0.693272182,0.223909948,1.089430574,1.274594295,0.19808088,0.176548648,0.912878061,-0.512419961,-0.986087452,0.060278657,0.361710189,0.086128928,-0.499494478,-0.004304762,-0.073200969,-0.865508042,0.249750905,0.366006232,-1.985095136,-2.798933153,-2.053977867,-1.270278138,0.068895414,1.347791796,2.20038575,2.062582635,0.413366937,-0.430606396,0.378944496,1.911894167,2.51473464,1.382244556,0.077508307,-0.391855215,-0.628683313,-0.465050834,-0.13348349,1.123881154,1.662131966,0.512412133,-0.409088135,-0.943030816,-0.865513393,-0.706194196,-1.321957477,-0.684652551,0.301431433,-0.54256033,-1.033455985,-0.581322212,0.155013245,0.456438733,0.232529281,0.714808873,0.671747183,-0.645902163,-0.577006749,0.17223804,0.456435959,0.499498442,0.107648775,0.18085014,-0.318651075,-1.330566803,-0.615763082,0.55117243,1.154017461,1.464051086,0.831064199,0.124878921,0.103351147,-0.008608137,-0.206688423,0.068896801,-0.236836817,-0.792315793,-1.214306125,-0.973164744,0.361710189,0.577012099,0.514145868,1.157466799,1.519174016,1.880881233,2.061734841,-0.265243253,-0.312610497,-0.407344987,-0.502079476,-0.989523712,-0.693272182,0.223909948,1.089430574,1.274594295,0.19808088,0.176548648,0.912878061,-0.512419961,-0.986087452,0.060278657,0.361710189,0.086128928,-0.499494478,-0.004304762,-0.073200969,-0.865508042,0.249750905,0.366006232,-1.985095136,-2.798933153,-2.053977867,-1.270278138,0.068895414,1.347791796,2.20038575,2.062582635,0.413366937,-0.430606396,0.378944496,1.911894167,2.51473464,1.382244556,0.077508307,-0.391855215,-0.628683313,-0.465050834,-0.13348349,1.123881154,1.662131966,0.512412133,-0.409088135,-0.943030816,-0.865513393,-0.706194196,-1.321957477,-0.684652551,0.301431433,-0.54256033,-1.033455985,-0.581322212,0.155013245,0.456438733,0.232529281,0.714808873,0.671747183,-0.645902163,-0.577006749,0.17223804,0.456435959,0.499498442,0.107648775,0.18085014,-0.318651075,-1.330566803,-0.615763082,0.55117243,1.154017461,1.464051086,0.831064199,0.124878921,0.103351147,-0.008608137,-0.206688423,0.068896801,-0.236836817,-0.792315793,-1.214306125,-0.973164744,0.361710189,0.577012099,0.514145868,1.157466799,1.519174016,1.880881233,2.061734841]}

Slot 2: neutralised 1 vertical climb(s)
Slot 2:
Outcome check: Negative
Index Rising data : 0.000000
Index Break data : 0.000000
Index Transition time: 27.000000
{"outcome":{"outcome":"Negative","transition_time":{"x":27,"y":0.741996996,"i":81},"plateau_point":{"x":28.33333333,"y":2.148517295,"i":85},"increase":1.406520299,"suspect_score":3,"arm_width":1.333333333,"window_rate":0.707933467,"rise_width":7,"shape_flag":0,"climbs_fixed":0,"climb_first_i":-1},"peak_features":{"main_peak":{"x":27.66666667,"y":1.649395435,"i":83},"left_arm":{"x":27,"y":-0.156136054,"i":81},"right_arm":{"x":28.33333333,"y":0.469598448,"i":85}},"time_data":[0,0.333333333,0.666666667,1,1.333333333,1.666666667,2,2.333333333,2.666666667,3,3.333333333,3.666666667,4,4.333333333,4.666666667,5,5.333333333,5.666666667,6,6.333333333,6.666666667,7,7.333333333,7.666666667,8,8.333333333,8.666666667,9,9.333333333,9.666666667,10,10.33333333,10.66666667,11,11.33333333,11.66666667,12,12.33333333,12.66666667,13,13.33333333,13.66666667,14,14.33333333,14.66666667,15,15.33333333,15.66666667,16,16.33333333,16.66666667,17,17.33333333,17.66666667,18,18.33333333,18.66666667,19,19.33333333,19.66666667,20,20.33333333,20.66666667,21,21.33333333,21.66666667,22,22.33333333,22.66666667,23,23.33333333,23.66666667,24,24.33333333,24.66666667,25,25.33333333,25.66666667,26,26.33333333,26.66666667,27,27.33333333,27.66666667,28,28.33333333,28.66666667,29,29.33333333,29.66666667],"raw_data":[296.5475,299.0136,295.3144,297.164,297.7805,295.3144,295.9309,298.397,296.5475,296.5475,296.8557,295.6227,297.4723,296.2392,295.0062,296.8557,296.8557,295.6227,296.2392,296.8557,298.7053,296.8557,298.0888,296.8557,296.8557,296.8557,296.8557,293.1566,297.4723,296.8557,296.8557,296.8557,296.8557,296.8557,297.4723,298.0888,298.0888,299.3218,297.4723,298.7053,298.0888,298.7053,299.3218,300.5549,299.9384,298.7053,298.7053,298.7053,299.9384,299.9384,297.4723,298.0888,298.0888,299.3218,299.3218,298.0888,298.0888,297.4723,296.8557,298.7053,299.3218,296.8557,296.8557,298.7053,298.0888,296.8557,296.8557,298.0888,296.8557,296.8557,298.0888,299.9384,297.4723,300.5549,298.0888,296.8557,298.0888,298.0888,299.9384,296.8557,296.8557,298.7053,296.8557,298.7053,298.0888,299.9384,298.7053,299.9384,298.7053,299.3218],"processed_data":[0.598144901,0.323503714,0.115587692,-0.025603165,-0.100068856,-0.273551379,0.096098797,0.021369439,-0.166782792,0.16683775,0.088109797,-0.509731408,-0.489717954,-0.425666314,-0.517744056,-0.544432405,-0.878045813,-0.314899791,0.010714048,0.242907636,0.589865416,0.883443857,0.771348037,0.824725527,-0.152101459,-0.424329882,-0.784633488,-0.712573823,-0.619161631,-0.39230307,-0.088045062,0.387023926,0.098779852,0.290937944,0.835398356,1.120971283,1.475941712,1.614725749,1.577364306,1.49730111,1.769532175,2.193888611,2.743688806,2.805074056,2.733018355,2.538185813,2.596904408,2.322005763,2.239264682,2.05510061,1.852258195,1.828238879,1.657429352,1.774861786,2.055099157,1.582698277,1.177021902,1.128981685,1.139660724,1.03557623,1.075614368,1.307809409,1.257096988,0.717971736,0.685942415,0.89678638,0.584521669,0.104112105,0.603203976,0.806040974,1.41455699,1.89496312,2.135165524,2.023070364,1.449249928,1.441241244,1.588033569,0.982187643,1.371855236,1.235741157,1.003551401,0.741996996,0.899460698,1.513314515,1.999057654,2.148517295,2.312123286,2.433027523,2.511230006,2.546730735],"differential_data":[-0.823923562,-0.723835814,-0.523660318,-0.323484822,-0.371922322,0.294251479,0.442381227,-0.394322383,0.218202467,0.382338883,-1.014853738,-0.866741626,0.126097642,-0.042039153,-0.178149137,-0.540452635,0.34429892,1.333139791,0.83671114,0.868727052,0.960804332,0.272223931,-0.088077496,-1.385174243,-1.873583112,-0.948798043,-0.432365913,0.248207786,0.48040613,0.796674852,1.168990494,0.280237371,-0.144128973,1.104927757,1.245050009,0.960815033,0.740631698,0.152133892,-0.176136958,0.288251803,1.044881251,1.461234947,0.916778168,-0.016005677,-0.400332364,-0.204170921,-0.324270075,-0.536459588,-0.400357729,-0.580509731,-0.340292596,-0.292243264,-0.080065641,0.596504707,-0.288245263,-1.317115883,-0.680574888,-0.056041767,-0.140108183,-0.096069534,0.408349768,0.272223931,-0.884756509,-0.856731861,0.268221967,-0.152131118,-1.189011413,0.02802346,1.052893304,1.217029522,1.633383218,1.080912801,0.192160866,-1.028873394,-0.872743681,0.208175461,-0.688580402,-0.324267499,0.380330272,-0.552455753,-0.740616241,-0.156136054,1.156976279,1.649395435,0.952804169,0.469598448,0.426765343,0.29866008,0.170554817,0.106502186,-0.823923562,-0.723835814,-0.523660318,-0.323484822,-0.371922322,0.294251479,0.442381227,-0.394322383,0.218202467,0.382338883,-1.014853738,-0.866741626,0.126097642,-0.042039153,-0.178149137,-0.540452635,0.34429892,1.333139791,0.83671114,0.868727052,0.960804332,0.272223931,-0.088077496,-1.385174243,-1.873583112,-0.948798043,-0.432365913,0.248207786,0.48040613,0.796674852,1.168990494,0.280237371,-0.144128973,1.104927757,1.245050009,0.960815033,0.740631698,0.152133892,-0.176136958,0.288251803,1.044881251,1.461234947,0.916778168,-0.016005677,-0.400332364,-0.204170921,-0.324270075,-0.536459588,-0.400357729,-0.580509731,-0.340292596,-0.292243264,-0.080065641,0.596504707,-0.288245263,-1.317115883,-0.680574888,-0.056041767,-0.140108183,-0.096069534,0.408349768,0.272223931,-0.884756509,-0.856731861,0.268221967,-0.152131118,-1.189011413,0.02802346,1.052893304,1.217029522,1.633383218,1.080912801,0.192160866,-1.028873394,-0.872743681,0.208175461,-0.688580402,-0.324267499,0.380330272,-0.552455753,-0.740616241,-0.156136054,1.156976279,1.649395435,0.952804169,0.469598448,0.426765343,0.29866008,0.170554817,0.106502186]}

Slot 3: neutralised 1 vertical climb(s)
Slot 3:
Outcome check: Negative
Index Rising data : 19.333333
Index Break data : 0.000000
Index Transition time: 4.000000
{"outcome":{"outcome":"Negative","transition_time":{"x":4,"y":-1.439161425,"i":12},"plateau_point":{"x":5.333333333,"y":2.918619858,"i":16},"increase":4.357781282,"suspect_score":2,"arm_width":1,"window_rate":1.274382686,"rise_width":4,"shape_flag":0,"climbs_fixed":0,"climb_first_i":-1},"peak_features":{"main_peak":{"x":4.666666667,"y":4.861500827,"i":14},"left_arm":{"x":4,"y":1.757213147,"i":12},"right_arm":{"x":5,"y":2.072406323,"i":15}},"time_data":[0,0.333333333,0.666666667,1,1.333333333,1.666666667,2,2.333333333,2.666666667,3,3.333333333,3.666666667,4,4.333333333,4.666666667,5,5.333333333,5.666666667,6,6.333333333,6.666666667,7,7.333333333,7.666666667,8,8.333333333,8.666666667,9,9.333333333,9.666666667,10,10.33333333,10.66666667,11,11.33333333,11.66666667,12,12.33333333,12.66666667,13,13.33333333,13.66666667,14,14.33333333,14.66666667,15,15.33333333,15.66666667,16,16.33333333,16.66666667,17,17.33333333,17.66666667,18,18.33333333,18.66666667,19,19.33333333,19.66666667,20,20.33333333,20.66666667,21,21.33333333,21.66666667,22,22.33333333,22.66666667,23,23.33333333,23.66666667,24,24.33333333,24.66666667,25,25.33333333,25.66666667,26,26.33333333,26.66666667,27,27.33333333,27.66666667,28,28.33333333,28.66666667,29,29.33333333,29.66666667],"raw_data":[500,500,500.6649,502.6595,502.6595,505.3191,504.6542,503.9893,502.6595,506.6489,496.6755524,498.6701813,500.0000153,501.9946442,504.6542511,504.6542511,503.9893341,504.6542511,505.3191681,503.9893341,504.6542511,503.9893341,503.3244781,503.9893341,505.3191681,503.9893341,504.6542511,500.0000153,495.3457184,503.9893341,504.6542511,505.3191681,503.9893341,503.9893341,504.6542511,503.9893341,504.6542511,504.6542511,503.9893341,505.3191681,504.6542511,503.9893341,505.3191681,503.9893341,505.3191681,504.6542511,503.9893341,504.6542511,505.3191681,503.9893341,503.9893341,506.648941,505.984024,504.6542511,503.9893341,505.984024,507.978714,506.648941,505.984024,507.978714,508.643631,509.3084869,509.3084869,509.9734039,510.6383209,509.9734039,509.9734039,509.3084869,510.6383209,509.3084869,510.6383209,509.9734039,509.3084869,509.3084869,510.6383209,511.3031769,511.3031769,511.3031769,509.3084869,508.643631,508.643631,509.3084869,509.3084869,508.643631,505.984024,509.9734039,507.313797,508.643631,509.9734039,508.643631],"processed_data":[-2.907136859,-1.375865127,-0.123791121,0.84908516,1.542763714,1.888164834,3.16902121,2.688349406,1.490966136,-0.290710185,-1.539905432,-1.899696846,-1.439161425,-0.728221414,1.537015642,2.512779137,2.918619858,2.944533113,2.737286258,2.567468222,2.291145688,2.190404653,2.075268832,2.688356144,2.912869606,1.318279646,0.092104759,-0.794421902,-0.866379973,-0.184210905,0.748360308,2.463842945,3.350369342,2.489746952,2.432178382,2.270986384,2.547315523,2.720021235,2.599127237,2.817887806,2.653817379,2.740170235,2.886970091,2.682601664,2.668209522,2.843793663,2.728656521,2.521415215,2.483991945,2.961795229,3.353250941,3.18630235,3.013598487,3.511552357,3.862710333,3.73030447,4.210986447,4.916182151,5.572446154,5.848761554,6.245965404,7.201572237,7.877984976,8.122646646,8.111129232,8.237785637,8.102499495,8.027660353,8.044930925,8.122648495,7.947064354,7.869352332,7.831929062,8.188843896,8.591804075,9.032186203,9.095511366,8.64937476,7.944182227,7.420327785,7.285050099,6.58561548,6.761195129,6.533796368,6.182641562,6.211429811,6.302388628,6.553095077,6.963549157,7.533750869],"differential_data":[4.593815197,4.175018608,3.33742543,2.499832252,1.558619512,2.439386244,1.200276858,-2.517082611,-4.468589386,-4.546307353,-2.413479991,0.151116012,1.757213147,4.4642656,4.861500827,2.072406323,0.647630964,-0.2720004,-0.565597336,-0.669210855,-0.565595354,-0.323815284,0.746927237,1.256401161,-2.055114746,-4.231147271,-3.169052322,-1.437727098,0.915316495,2.422110421,3.972080776,3.903013551,0.038856011,-1.37728644,-0.328140853,0.172705712,0.673552278,0.077717571,0.146799855,0.082035213,-0.116576356,0.349729067,-0.086352856,-0.328140853,0.241787997,0.090670499,-0.483567671,-0.366996864,0.660570021,1.303888494,0.336760682,-0.50947868,0.48787501,1.273667769,0.328128171,0.52241417,1.77881652,2.042189561,1.398869106,1.010278875,2.029216023,2.448029357,1.381611613,0.349716385,0.172708487,-0.012944605,-0.315187925,-0.086352856,0.142482213,-0.146799855,-0.379944244,-0.172702938,0.479237346,1.139812519,1.265013459,0.755560937,-0.574217165,-1.726993709,-1.843570462,-0.988698191,-1.252068458,-0.785782455,-0.077728668,-0.867830351,-0.483549836,0.179620599,0.512497899,0.991740794,1.470983689,1.710605136,4.593815197,4.175018608,3.33742543,2.499832252,1.558619512,2.439386244,1.200276858,-2.517082611,-4.468589386,-4.546307353,-2.413479991,0.151116012,1.757213147,4.4642656,4.861500827,2.072406323,0.647630964,-0.2720004,-0.565597336,-0.669210855,-0.565595354,-0.323815284,0.746927237,1.256401161,-2.055114746,-4.231147271,-3.169052322,-1.437727098,0.915316495,2.422110421,3.972080776,3.903013551,0.038856011,-1.37728644,-0.328140853,0.172705712,0.673552278,0.077717571,0.146799855,0.082035213,-0.116576356,0.349729067,-0.086352856,-0.328140853,0.241787997,0.090670499,-0.483567671,-0.366996864,0.660570021,1.303888494,0.336760682,-0.50947868,0.48787501,1.273667769,0.328128171,0.52241417,1.77881652,2.042189561,1.398869106,1.010278875,2.029216023,2.448029357,1.381611613,0.349716385,0.172708487,-0.012944605,-0.315187925,-0.086352856,0.142482213,-0.146799855,-0.379944244,-0.172702938,0.479237346,1.139812519,1.265013459,0.755560937,-0.574217165,-1.726993709,-1.843570462,-0.988698191,-1.252068458,-0.785782455,-0.077728668,-0.867830351,-0.483549836,0.179620599,0.512497899,0.991740794,1.470983689,1.710605136]}

Slot 4: neutralised 1 vertical climb(s)
Slot 4:
Outcome check: Negative
Index Rising data : 0.000000
Index Break data : 0.000000
Index Transition time: 9.000000
{"outcome":{"outcome":"Negative","transition_time":{"x":9,"y":-2.566113823,"i":27},"plateau_point":{"x":10.66666667,"y":0.374104752,"i":32},"increase":2.940218575,"suspect_score":2,"arm_width":1.666666667,"window_rate":0.927114842,"rise_width":4.666666667,"shape_flag":0,"climbs_fixed":0,"climb_first_i":-1},"peak_features":{"main_peak":{"x":10,"y":2.890170011,"i":30},"left_arm":{"x":9,"y":0.176412805,"i":27},"right_arm":{"x":10.66666667,"y":0.258996939,"i":32}},"time_data":[0,0.333333333,0.666666667,1,1.333333333,1.666666667,2,2.333333333,2.666666667,3,3.333333333,3.666666667,4,4.333333333,4.666666667,5,5.333333333,5.666666667,6,6.333333333,6.666666667,7,7.333333333,7.666666667,8,8.333333333,8.666666667,9,9.333333333,9.666666667,10,10.33333333,10.66666667,11,11.33333333,11.66666667,12,12.33333333,12.66666667,13,13.33333333,13.66666667,14,14.33333333,14.66666667,15,15.33333333,15.66666667,16,16.33333333,16.66666667,17,17.33333333,17.66666667,18,18.33333333,18.66666667,19,19.33333333,19.66666667,20,20.33333333,20.66666667,21,21.33333333,21.66666667,22,22.33333333,22.66666667,23,23.33333333,23.66666667,24,24.33333333,24.66666667,25,25.33333333,25.66666667,26,26.33333333,26.66666667,27,27.33333333,27.66666667,28,28.33333333,28.66666667,29,29.33333333,29.66666667],"raw_data":[373.4104,375.1445,376.8786,375.1445,376.8786,373.4104,374.5665,375.1445,378.0347,375.4335175,376.0115509,375.4335175,374.855484,376.5895844,374.2774506,375.4335175,374.2774506,375.4335175,375.4335175,375.4335175,376.0115509,374.855484,374.2774506,374.855484,375.4335175,374.855484,373.6994171,369.0751495,374.855484,374.855484,375.4335175,376.0115509,374.855484,375.4335175,378.3237152,376.0115509,374.855484,375.4335175,377.1676178,375.4335175,376.5895844,375.4335175,378.9017487,378.9017487,378.9017487,378.3237152,376.5895844,377.1676178,379.4797821,378.3237152,379.4797821,378.3237152,378.9017487,380.635849,378.3237152,380.0578156,378.9017487,378.9017487,378.9017487,379.4797821,378.9017487,379.4797821,378.9017487,378.9017487,376.5895844,377.1676178,378.9017487,377.1676178,377.7456512,376.5895844,376.5895844,377.1676178,378.3237152,377.1676178,378.3237152,376.5895844,376.5895844,376.0115509,376.0115509,377.1676178,376.5895844,377.1676178,378.9017487,377.7456512,377.7456512,378.9017487,378.3237152,377.7456512,378.9017487,376.0115509],"processed_data":[-0.86679558,-0.800234153,-0.694886932,-0.550753916,-0.367835107,-0.414127829,-0.486694798,-0.067557991,0.14013368,0.47919659,0.519233538,0.102599041,-0.312784302,-0.351570096,-0.576777933,-0.58678717,-0.626824119,-0.564266386,-0.128864569,-0.256482343,-0.319040076,-0.534238675,-0.55175484,-0.311533148,-1.385023835,-1.930527262,-2.333399058,-2.566113823,-2.215790522,-1.552678558,-0.892071679,0.374101449,0.374104752,0.546766075,0.349084301,0.499222198,0.509229454,0.40663147,-0.208944015,0.276508612,0.914602635,1.51266169,2.18329115,2.771339119,2.578658529,2.683752085,2.140745551,2.305897965,2.50608535,2.748814636,3.499515352,3.497014892,3.514528283,3.754749975,3.70220148,3.714713026,3.574583706,3.309338921,3.554565232,3.401924364,3.742241203,3.524538445,2.936487834,2.63120359,2.300894271,2.073178973,1.935547469,1.742867144,1.682809739,1.555193286,1.274930549,1.722853293,1.850475031,2.058168023,1.872995814,1.319981497,0.922107713,0.764461699,0.469181804,0.997176463,1.442590821,1.807927185,2.210801492,2.491067399,2.633699557,2.88643676,2.73079287,2.398734657,1.890262118,1.205375255],"differential_data":[0.199684282,0.257862973,0.374220355,0.490577737,0.204939131,-0.178289537,0.519854756,0.940242718,0.820131872,0.568649787,-0.564896323,-1.248026761,-0.681253706,-0.395990446,-0.352825611,-0.075069279,0.033781175,0.746939325,0.461676065,-0.28526326,-0.416634498,-0.349072147,0.334058291,-1.249903493,-2.428491171,-1.422562835,-0.953379842,0.176412805,1.520152897,1.985578265,2.890170011,1.899264645,0.258996939,-0.037530676,-0.071315815,0.240217729,-0.138886093,-1.077260203,-0.195184287,1.685319975,1.854229617,1.903032774,1.888016143,0.593051068,-0.131380552,-0.656869467,-0.56678118,0.548009699,0.664375008,1.490145002,1.122300383,0.022519396,0.386602625,0.281509796,-0.060055423,-0.191426661,-0.608061159,-0.030027712,0.138878166,0.281513957,0.18392112,-1.208630054,-1.340002283,-0.953390344,-0.837036925,-0.548020202,-0.495467743,-0.379106596,-0.281510787,-0.611818784,0.251490011,0.863316722,0.502972095,0.033781175,-1.10727979,-1.426332152,-0.833279696,-0.679388864,0.349072147,1.460113525,1.216126083,1.152316007,1.024710321,0.634347098,0.593054041,0.145639969,-0.731553154,-1.260796128,-1.790039102,-2.054660589,0.199684282,0.257862973,0.374220355,0.490577737,0.204939131,-0.178289537,0.519854756,0.940242718,0.820131872,0.568649787,-0.564896323,-1.248026761,-0.681253706,-0.395990446,-0.352825611,-0.075069279,0.033781175,0.746939325,0.461676065,-0.28526326,-0.416634498,-0.349072147,0.334058291,-1.249903493,-2.428491171,-1.422562835,-0.953379842,0.176412805,1.520152897,1.985578265,2.890170011,1.899264645,0.258996939,-0.037530676,-0.071315815,0.240217729,-0.138886093,-1.077260203,-0.195184287,1.685319975,1.854229617,1.903032774,1.888016143,0.593051068,-0.131380552,-0.656869467,-0.56678118,0.548009699,0.664375008,1.490145002,1.122300383,0.022519396,0.386602625,0.281509796,-0.060055423,-0.191426661,-0.608061159,-0.030027712,0.138878166,0.281513957,0.18392112,-1.208630054,-1.340002283,-0.953390344,-0.837036925,-0.548020202,-0.495467743,-0.379106596,-0.281510787,-0.611818784,0.251490011,0.863316722,0.502972095,0.033781175,-1.10727979,-1.426332152,-0.833279696,-0.679388864,0.349072147,1.460113525,1.216126083,1.152316007,1.024710321,0.634347098,0.593054041,0.145639969,-0.731553154,-1.260796128,-1.790039102,-2.054660589]}

Slot 5: neutralised 1 vertical climb(s)
Slot 5:
Outcome check: Negative
Index Rising data : 0.000000
Index Break data : 0.000000
Index Transition time: 8.333333
[dash] heap free=82484 maxAlloc=69620 intFree=82484 intLargest=69620 clients=0 ap=0
{"outcome":{"outcome":"Negative","transition_time":{"x":8.333333333,"y":-0.286365129,"i":25},"plateau_point":{"x":10,"y":2.198174217,"i":30},"increase":2.484539346,"suspect_score":2,"arm_width":1.666666667,"window_rate":1.040139731,"rise_width":6,"shape_flag":0,"climbs_fixed":0,"climb_first_i":-1},"peak_features":{"main_peak":{"x":9.333333333,"y":2.328727029,"i":28},"left_arm":{"x":8.333333333,"y":0.918018886,"i":25},"right_arm":{"x":10,"y":0.488478227,"i":30}},"time_data":[0,0.333333333,0.666666667,1,1.333333333,1.666666667,2,2.333333333,2.666666667,3,3.333333333,3.666666667,4,4.333333333,4.666666667,5,5.333333333,5.666666667,6,6.333333333,6.666666667,7,7.333333333,7.666666667,8,8.333333333,8.666666667,9,9.333333333,9.666666667,10,10.33333333,10.66666667,11,11.33333333,11.66666667,12,12.33333333,12.66666667,13,13.33333333,13.66666667,14,14.33333333,14.66666667,15,15.33333333,15.66666667,16,16.33333333,16.66666667,17,17.33333333,17.66666667,18,18.33333333,18.66666667,19,19.33333333,19.66666667,20,20.33333333,20.66666667,21,21.33333333,21.66666667,22,22.33333333,22.66666667,23,23.33333333,23.66666667,24,24.33333333,24.66666667,25,25.33333333,25.66666667,26,26.33333333,26.66666667,27,27.33333333,27.66666667,28,28.33333333,28.66666667,29,29.33333333,29.66666667],"raw_data":[373.5409,372.8924,375.4864,374.8379,373.5409,372.8924,374.8379,374.8379,373.5409,372.2438507,372.8923492,372.8923492,375.4864044,374.1893768,373.5408783,374.1893768,376.134903,375.4864044,375.4864044,373.5408783,373.5408783,373.5408783,373.5408783,373.5408783,374.1893768,373.5408783,373.5408783,372.2438507,377.4319305,375.4864044,376.134903,376.7834015,374.8378754,374.1893768,376.134903,373.5408783,374.1893768,376.134903,375.4864044,374.1893768,373.5408783,374.1893768,375.4864044,374.8378754,375.4864044,378.0804291,376.7834015,377.4319305,377.4319305,378.0804291,376.7834015,380.0259552,377.4319305,378.0804291,378.0804291,378.0804291,378.0804291,377.4319305,377.4319305,379.3774567,376.7834015,378.7289276,378.7289276,378.7289276,379.3774567,378.0804291,378.0804291,378.0804291,375.4864044,376.134903,376.7834015,376.7834015,376.7834015,376.7834015,374.8378754,376.7834015,376.7834015,377.4319305,378.0804291,376.7834015,377.4319305,378.7289276,376.134903,374.8378754,378.0804291,379.3774567,377.4319305,378.0804291,376.134903,376.7834015],"processed_data":[-0.274022328,0.014861321,0.233559428,0.382071993,0.460399017,0.592345993,0.08701625,-0.070199942,-0.423935399,-0.45481899,-0.5699235,-0.426743809,-0.165652453,0.401442557,0.75237,1.226821107,1.181902006,1.330696469,1.151023898,0.603584124,-0.126337555,-0.297591238,-0.345318088,-0.008430184,-0.544644773,-0.286365129,0.067367818,0.530589512,1.325082292,2.083074198,2.198174217,2.40872635,1.544046972,1.12855358,0.805705347,0.870279882,1.22120508,1.139791183,0.713066134,0.929237068,0.682185251,0.258268084,0.845013441,1.622659989,2.380654934,2.852299876,3.388514069,3.52327005,3.919109196,3.907881634,4.244769934,4.323374364,4.390752157,4.418827007,4.407598917,3.77874168,4.256001856,4.025797592,4.008952153,4.118437598,4.26722321,4.702366222,4.868002029,4.795011512,5.247006173,4.674300883,4.022987861,3.385708301,2.846684113,2.675431223,2.731575904,2.540669429,2.714724784,2.509783262,2.389068273,2.697885687,2.947744592,3.17795533,3.910687005,3.994910236,3.497998721,2.995470386,3.107767807,3.346400075,3.643984774,3.716982028,3.647358155,3.50333639,3.284916733,2.992099184],"differential_data":[0.866650945,0.761372633,0.550816008,0.340259384,0.315411,-0.56007415,-0.993818902,-0.766427474,-0.576928572,-0.218982152,0.042112772,0.606406571,1.242279548,1.37703368,1.238067825,0.644298009,0.155813044,-0.046317162,-1.090668517,-1.916042179,-1.351763044,-0.3284708,0.433741582,-0.298990027,-0.416902418,0.918018886,1.225431962,1.886571711,2.328727029,1.309637887,0.488478227,-0.981190867,-1.920259154,-1.107512437,-0.387410548,0.623249599,0.404266952,-0.762208418,-0.315831172,-0.046321324,-1.006453477,0.244242284,2.046587857,2.303462239,1.844459831,1.511788703,1.00645526,0.795892691,0.576917376,0.488491108,0.623239096,0.218973333,0.143178965,0.02527014,-0.960127992,-0.22739559,0.370583869,-0.370574555,0.138960008,0.387406585,0.875892936,0.901168229,0.138967935,0.568506216,-0.181065943,-1.836027467,-1.932888873,-1.764455622,-1.065415618,-0.172662314,-0.202142691,-0.025276679,-0.046329251,-0.488484767,0.282153637,0.838014479,0.720104465,1.444413619,1.225432359,-0.619032426,-1.499159776,-0.585346371,0.526394534,0.804325451,0.55587293,0.005060072,-0.320468457,-0.543662133,-0.76685581,-0.878452648,0.866650945,0.761372633,0.550816008,0.340259384,0.315411,-0.56007415,-0.993818902,-0.766427474,-0.576928572,-0.218982152,0.042112772,0.606406571,1.242279548,1.37703368,1.238067825,0.644298009,0.155813044,-0.046317162,-1.090668517,-1.916042179,-1.351763044,-0.3284708,0.433741582,-0.298990027,-0.416902418,0.918018886,1.225431962,1.886571711,2.328727029,1.309637887,0.488478227,-0.981190867,-1.920259154,-1.107512437,-0.387410548,0.623249599,0.404266952,-0.762208418,-0.315831172,-0.046321324,-1.006453477,0.244242284,2.046587857,2.303462239,1.844459831,1.511788703,1.00645526,0.795892691,0.576917376,0.488491108,0.623239096,0.218973333,0.143178965,0.02527014,-0.960127992,-0.22739559,0.370583869,-0.370574555,0.138960008,0.387406585,0.875892936,0.901168229,0.138967935,0.568506216,-0.181065943,-1.836027467,-1.932888873,-1.764455622,-1.065415618,-0.172662314,-0.202142691,-0.025276679,-0.046329251,-0.488484767,0.282153637,0.838014479,0.720104465,1.444413619,1.225432359,-0.619032426,-1.499159776,-0.585346371,0.526394534,0.804325451,0.55587293,0.005060072,-0.320468457,-0.543662133,-0.76685581,-0.878452648]}

Slot 6: neutralised 1 vertical climb(s)
Slot 6:
Outcome check: Negative
Index Rising data : 0.000000
Index Break data : 0.000000
Index Transition time: 15.333333
{"outcome":{"outcome":"Negative","transition_time":{"x":15.33333333,"y":1.449203788,"i":46},"plateau_point":{"x":17.33333333,"y":3.821112662,"i":52},"increase":2.371908873,"suspect_score":2,"arm_width":1.666666667,"window_rate":0.723673428,"rise_width":7.666666667,"shape_flag":0,"climbs_fixed":0,"climb_first_i":-1},"peak_features":{"main_peak":{"x":16,"y":1.713728471,"i":48},"left_arm":{"x":15.33333333,"y":0.372548289,"i":46},"right_arm":{"x":17,"y":0.819614955,"i":51}},"time_data":[0,0.333333333,0.666666667,1,1.333333333,1.666666667,2,2.333333333,2.666666667,3,3.333333333,3.666666667,4,4.333333333,4.666666667,5,5.333333333,5.666666667,6,6.333333333,6.666666667,7,7.333333333,7.666666667,8,8.333333333,8.666666667,9,9.333333333,9.666666667,10,10.33333333,10.66666667,11,11.33333333,11.66666667,12,12.33333333,12.66666667,13,13.33333333,13.66666667,14,14.33333333,14.66666667,15,15.33333333,15.66666667,16,16.33333333,16.66666667,17,17.33333333,17.66666667,18,18.33333333,18.66666667,19,19.33333333,19.66666667,20,20.33333333,20.66666667,21,21.33333333,21.66666667,22,22.33333333,22.66666667,23,23.33333333,23.66666667,24,24.33333333,24.66666667,25,25.33333333,25.66666667,26,26.33333333,26.66666667,27,27.33333333,27.66666667,28,28.33333333,28.66666667,29,29.33333333,29.66666667],"raw_data":[211.1302,209.9828,209.9828,208.8353,209.9828,211.7039,210.5565,209.9828,211.1302,209.6959152,208.5484848,210.2696457,210.2696457,210.8433762,209.6959152,209.6959152,210.8433762,210.8433762,210.8433762,210.8433762,211.4171066,212.564537,212.564537,213.711998,212.564537,212.564537,212.564537,209.6959152,213.1382675,213.1382675,213.1382675,213.1382675,211.9908066,213.1382675,213.1382675,211.4171066,212.564537,213.1382675,214.2857285,213.1382675,213.1382675,213.711998,213.711998,212.564537,211.9908066,210.8433762,211.9908066,211.9908066,211.9908066,213.1382675,213.711998,213.711998,213.711998,213.711998,213.711998,213.711998,213.1382675,212.564537,212.564537,213.1382675,212.564537,213.711998,213.711998,211.9908066,213.1382675,213.1382675,210.2696457,211.9908066,211.9908066,212.564537,211.4171066,212.564537,211.9908066,212.564537,213.1382675,212.564537,211.4171066,211.9908066,210.2696457,211.4171066,209.6959152,211.9908066,209.6959152,210.8433762,210.8433762,210.2696457,211.4171066,211.9908066,210.8433762,211.9908066],"processed_data":[0.536972046,0.225769043,0.022605169,-0.072519575,-0.05960519,0.39366107,0.704115071,0.553854674,0.094380432,-0.356401154,-0.18006035,-0.101826061,-0.248363412,0.050916234,0.294312415,0.234706829,0.316668325,0.393665231,0.858111856,1.151181143,1.635491937,2.186861476,2.626466,3.140580181,2.646330301,2.19182263,1.978227987,1.876397698,2.293655561,2.440190798,2.723327207,3.274697143,2.728294571,2.479929705,2.276269789,2.499801801,2.822679759,2.864900366,3.148036775,3.64725217,3.619934445,3.465943407,2.887250198,2.537054384,2.082542618,1.573388533,1.449203788,1.821754059,2.363193363,2.964239707,3.274702691,3.602548674,3.821112662,3.768955346,3.585162902,3.30202319,3.108296019,2.7854174,2.661233316,2.892215712,2.956791436,3.043720295,3.302020416,2.907119652,2.539538066,1.980711669,1.878878606,1.796921074,1.672738311,1.774567938,2.134697819,2.149602023,2.412867525,2.412868847,2.633912421,2.199274732,2.025422827,1.267909161,1.007123774,0.719017227,0.614701143,0.545162019,0.560061996,0.416013214,0.791047827,0.681769928,0.839729481,1.103242334,1.472308488,1.946927943],"differential_data":[-0.933609,-0.771550315,-0.447432927,-0.123315539,0.699270967,1.145580391,0.240290406,-0.914601958,-1.365383743,-0.411661173,0.38186264,-0.102454594,0.229113443,0.814013741,0.275685892,0.033533864,0.238437603,0.812165297,1.136273867,1.166070121,1.5535205,1.486461094,1.430578058,0.029796452,-1.423136327,-1.002153471,-0.473137397,0.473141361,0.84568965,0.64450747,1.251759517,0.007451045,-1.192151156,-0.678037173,0.029808144,0.819614955,0.547647848,0.488035524,1.173527705,0.707846505,-0.271963144,-1.09902637,-1.393333534,-1.207061371,-1.445498776,-0.950008244,0.372548289,1.370984362,1.713728471,1.367263992,0.95746345,0.819614955,0.249610009,-0.35392464,-0.700398235,-0.715300325,-0.774908685,-0.670594054,0.160197469,0.44333718,0.227256874,0.517843469,-0.204900965,-1.143723525,-1.389611975,-0.99098919,-0.275685892,-0.309210443,-0.033529703,0.692939263,0.562551127,0.417254559,0.394900235,0.331567343,-0.320391172,-0.912734391,-1.397048356,-1.52744858,-0.823337902,-0.588633946,-0.260782812,-0.081958721,-0.193723208,0.346478747,0.398635072,0.073022481,0.632208609,0.948868511,1.265528414,1.423858365,-0.933609,-0.771550315,-0.447432927,-0.123315539,0.699270967,1.145580391,0.240290406,-0.914601958,-1.365383743,-0.411661173,0.38186264,-0.102454594,0.229113443,0.814013741,0.275685892,0.033533864,0.238437603,0.812165297,1.136273867,1.166070121,1.5535205,1.486461094,1.430578058,0.029796452,-1.423136327,-1.002153471,-0.473137397,0.473141361,0.84568965,0.64450747,1.251759517,0.007451045,-1.192151156,-0.678037173,0.029808144,0.819614955,0.547647848,0.488035524,1.173527705,0.707846505,-0.271963144,-1.09902637,-1.393333534,-1.207061371,-1.445498776,-0.950008244,0.372548289,1.370984362,1.713728471,1.367263992,0.95746345,0.819614955,0.249610009,-0.35392464,-0.700398235,-0.715300325,-0.774908685,-0.670594054,0.160197469,0.44333718,0.227256874,0.517843469,-0.204900965,-1.143723525,-1.389611975,-0.99098919,-0.275685892,-0.309210443,-0.033529703,0.692939263,0.562551127,0.417254559,0.394900235,0.331567343,-0.320391172,-0.912734391,-1.397048356,-1.52744858,-0.823337902,-0.588633946,-0.260782812,-0.081958721,-0.193723208,0.346478747,0.398635072,0.073022481,0.632208609,0.948868511,1.265528414,1.423858365]}

Slot 7: neutralised 1 vertical climb(s)
Slot 7:
Outcome check: Negative
Index Rising data : 0.000000
Index Break data : 0.000000
Index Transition time: 19.666667
{"outcome":{"outcome":"Negative","transition_time":{"x":19.66666667,"y":-1.784360085,"i":59},"plateau_point":{"x":22,"y":1.254247954,"i":66},"increase":3.038608039,"suspect_score":3,"arm_width":2,"window_rate":0.822565054,"rise_width":7,"shape_flag":0,"climbs_fixed":0,"climb_first_i":-1},"peak_features":{"main_peak":{"x":20.66666667,"y":1.91552338,"i":62},"left_arm":{"x":20,"y":0.78308264,"i":60},"right_arm":{"x":22,"y":0.51000065,"i":66}},"time_data":[0,0.333333333,0.666666667,1,1.333333333,1.666666667,2,2.333333333,2.666666667,3,3.333333333,3.666666667,4,4.333333333,4.666666667,5,5.333333333,5.666666667,6,6.333333333,6.666666667,7,7.333333333,7.666666667,8,8.333333333,8.666666667,9,9.333333333,9.666666667,10,10.33333333,10.66666667,11,11.33333333,11.66666667,12,12.33333333,12.66666667,13,13.33333333,13.66666667,14,14.33333333,14.66666667,15,15.33333333,15.66666667,16,16.33333333,16.66666667,17,17.33333333,17.66666667,18,18.33333333,18.66666667,19,19.33333333,19.66666667,20,20.33333333,20.66666667,21,21.33333333,21.66666667,22,22.33333333,22.66666667,23,23.33333333,23.66666667,24,24.33333333,24.66666667,25,25.33333333,25.66666667,26,26.33333333,26.66666667,27,27.33333333,27.66666667,28,28.33333333,28.66666667,29,29.33333333,29.66666667],"raw_data":[431.0451,432.282,434.1373,435.3741,433.5189,434.7557,430.4267,432.282,435.9926,433.2096405,433.2096405,433.2096405,433.8280792,435.0649261,433.2096405,434.4465179,434.4465179,432.5912323,432.5912323,430.7359467,428.8806305,429.4990692,430.7359467,430.1175079,430.1175079,430.7359467,430.7359467,428.8806305,430.7359467,430.1175079,430.1175079,430.7359467,429.4990692,431.9727936,431.9727936,430.7359467,432.5912323,431.3543549,431.9727936,431.3543549,430.7359467,431.9727936,431.9727936,431.9727936,433.2096405,431.3543549,430.7359467,429.4990692,430.1175079,431.9727936,430.1175079,429.4990692,430.7359467,430.7359467,431.3543549,432.5912323,430.1175079,431.3543549,431.9727936,430.1175079,432.5912323,432.5912323,431.3543549,432.5912323,434.4465179,434.4465179,433.8280792,434.4465179,434.4465179,433.8280792,434.4465179,434.4465179,433.8280792,432.5912323,433.2096405,434.4465179,433.8280792,435.6833649,433.2096405,433.2096405,433.8280792,432.5912323,434.4465179,433.2096405,434.4465179,434.4465179,430.7359467,432.5912323,432.5912323,430.7359467],"processed_data":[-1.142113333,-0.566782911,-0.099879066,0.258598202,0.508648893,0.378806308,0.046836622,-0.109778995,0.07761862,0.097692647,0.927616863,0.642493442,0.345327006,1.002579264,1.098961834,1.082902851,0.700072119,-0.271742585,-1.283721726,-2.381370577,-3.085471479,-3.377286506,-3.449569702,-2.884678234,-2.750817039,-2.823102084,-2.986412742,-3.0265711,-2.94357716,-3.232714566,-3.090823549,-2.515228338,-2.55806643,-2.038689485,-1.738845561,-1.449709872,-1.168606647,-1.59427983,-1.661210428,-1.594282472,-1.859321429,-1.398844203,-1.155224887,-0.876797036,-1.099006752,-1.880742787,-2.167200592,-2.464365311,-2.95428949,-2.876651582,-2.823106444,-2.737435147,-2.418850127,-2.424202461,-2.036012261,-1.607664364,-1.902158861,-1.936961979,-1.792389114,-1.784360085,-1.484513518,-1.262304991,-0.670646965,0.014710596,0.277073518,0.860701194,1.254247954,1.200701627,1.088260997,1.21676497,1.088262847,0.643846982,0.499278874,0.279749949,0.50998592,0.742899114,0.919590607,1.179273267,0.75627995,0.501948964,0.247617978,0.057540365,0.828571865,0.670620146,0.365421774,0.285106775,-0.101477143,-0.66341599,-1.400709765,-2.313358469],"differential_data":[1.725991266,1.563351401,1.23807167,0.912791938,0.180312159,-0.692718407,-0.732877954,0.046172997,0.311207462,1.274997364,0.817201193,-0.873434785,0.540128733,1.130452243,0.12048538,-0.598334573,-2.031968154,-2.975690767,-3.164441988,-2.702624631,-1.493873893,-0.546147334,0.738912409,1.048128995,0.092364225,-0.353393555,-0.305203525,0.064253374,-0.309215199,-0.220869585,1.076229343,0.799135679,0.714808278,1.228831304,0.883469421,0.855358371,-0.216854938,-0.738905671,-3.963321835e-6,-0.297166502,0.293157404,1.056144813,0.78307075,0.084327202,-1.505918627,-1.60229076,-0.875433786,-1.180633347,-0.618429407,0.196774569,0.208824653,0.606384476,0.469849029,0.574256798,1.224807145,0.200780101,-0.493946422,0.16465462,0.228902842,0.461813394,0.78308264,1.22079983,1.91552338,1.421580723,1.268985897,1.465761655,0.51000065,-0.248980435,0.024095015,2.774325283e-6,-0.859376982,-0.88347596,-0.546145551,0.016060569,0.694723749,0.614407032,0.654561229,-0.244965987,-1.015986455,-0.762992958,-0.666612898,0.871430831,0.919619672,-0.694725136,-0.578270058,-0.700348376,-1.422784146,-1.948848932,-2.474913718,-2.737946112,1.725991266,1.563351401,1.23807167,0.912791938,0.180312159,-0.692718407,-0.732877954,0.046172997,0.311207462,1.274997364,0.817201193,-0.873434785,0.540128733,1.130452243,0.12048538,-0.598334573,-2.031968154,-2.975690767,-3.164441988,-2.702624631,-1.493873893,-0.546147334,0.738912409,1.048128995,0.092364225,-0.353393555,-0.305203525,0.064253374,-0.309215199,-0.220869585,1.076229343,0.799135679,0.714808278,1.228831304,0.883469421,0.855358371,-0.216854938,-0.738905671,-3.963321835e-6,-0.297166502,0.293157404,1.056144813,0.78307075,0.084327202,-1.505918627,-1.60229076,-0.875433786,-1.180633347,-0.618429407,0.196774569,0.208824653,0.606384476,0.469849029,0.574256798,1.224807145,0.200780101,-0.493946422,0.16465462,0.228902842,0.461813394,0.78308264,1.22079983,1.91552338,1.421580723,1.268985897,1.465761655,0.51000065,-0.248980435,0.024095015,2.774325283e-6,-0.859376982,-0.88347596,-0.546145551,0.016060569,0.694723749,0.614407032,0.654561229,-0.244965987,-1.015986455,-0.762992958,-0.666612898,0.871430831,0.919619672,-0.694725136,-0.578270058,-0.700348376,-1.422784146,-1.948848932,-2.474913718,-2.737946112]}

Slot 8: neutralised 1 vertical climb(s)
Slot 8:
Outcome check: Negative
Index Rising data : 20.000000
Index Break data : 0.000000
Index Transition time: 3.666667
{"outcome":{"outcome":"Negative","transition_time":{"x":3.666666667,"y":-0.871198514,"i":11},"plateau_point":{"x":5,"y":1.776560267,"i":15},"increase":2.647758781,"suspect_score":2,"arm_width":1,"window_rate":0.585363314,"rise_width":4,"shape_flag":0,"climbs_fixed":0,"climb_first_i":-1},"peak_features":{"main_peak":{"x":4,"y":2.75870177,"i":12},"left_arm":{"x":3.666666667,"y":0.925000575,"i":11},"right_arm":{"x":4.666666667,"y":1.212936401,"i":14}},"time_data":[0,0.333333333,0.666666667,1,1.333333333,1.666666667,2,2.333333333,2.666666667,3,3.333333333,3.666666667,4,4.333333333,4.666666667,5,5.333333333,5.666666667,6,6.333333333,6.666666667,7,7.333333333,7.666666667,8,8.333333333,8.666666667,9,9.333333333,9.666666667,10,10.33333333,10.66666667,11,11.33333333,11.66666667,12,12.33333333,12.66666667,13,13.33333333,13.66666667,14,14.33333333,14.66666667,15,15.33333333,15.66666667,16,16.33333333,16.66666667,17,17.33333333,17.66666667,18,18.33333333,18.66666667,19,19.33333333,19.66666667,20,20.33333333,20.66666667,21,21.33333333,21.66666667,22,22.33333333,22.66666667,23,23.33333333,23.66666667,24,24.33333333,24.66666667,25,25.33333333,25.66666667,26,26.33333333,26.66666667,27,27.33333333,27.66666667,28,28.33333333,28.66666667,29,29.33333333,29.66666667],"raw_data":[367.2956,366.0378,362.2642,362.8931,365.4088,366.6667,365.4088,366.6667,367.2956,363.2075653,363.2075653,363.2075653,365.0943451,366.3522186,366.9811249,366.9811249,365.7232819,366.3522186,366.9811249,367.6100616,366.9811249,366.3522186,367.6100616,366.9811249,366.9811249,366.9811249,366.9811249,362.5786285,366.9811249,366.3522186,367.6100616,367.6100616,366.9811249,367.6100616,366.9811249,366.3522186,369.4968719,368.8679352,366.9811249,365.0943451,366.9811249,367.6100616,367.6100616,366.9811249,366.9811249,366.9811249,368.8679352,366.9811249,367.6100616,366.9811249,366.9811249,366.3522186,366.9811249,365.7232819,365.7232819,366.3522186,366.9811249,366.9811249,366.9811249,365.7232819,365.7232819,366.3522186,362.5786285,365.0943451,365.7232819,366.3522186,366.9811249,366.3522186,366.3522186,366.9811249,366.9811249,365.7232819,366.9811249,367.6100616,366.9811249,366.9811249,366.9811249,366.3522186,366.3522186,367.6100616,365.7232819,366.9811249,366.9811249,367.6100616,367.6100616,367.6100616,368.2389984,367.6100616,367.6100616,367.6100616],"processed_data":[1.553051018,0.499109719,-0.196802128,-0.534684522,-0.514537464,0.714739977,1.645887036,1.437606085,0.400281502,-0.475050955,-0.796321258,-0.871198514,-0.179654208,0.967936,1.509742307,1.776560267,1.814677911,1.877294697,1.803787364,2.021598981,2.293860035,2.261186806,2.1631728,2.495331009,1.912685576,1.520620305,0.929812279,0.861750153,1.079564412,1.403558838,2.04337902,2.876502033,2.206732085,2.348309604,2.631472039,3.077987803,2.971807637,2.642365889,2.479004369,2.302026856,1.809225702,1.9290212,2.133218146,2.65052082,2.517112765,2.571566165,2.642355584,2.75670495,2.552509324,2.380981643,1.937190266,1.75749986,1.362721959,1.283768493,1.310993872,1.615923531,1.713938329,1.811949693,2.043375849,1.351828241,0.605829875,0.077639031,-0.140169284,0.189265726,0.55409822,0.984277568,1.784735411,1.907251069,1.803789081,1.645873033,1.711216584,1.915409567,2.021591187,2.116882654,2.201283971,2.130497854,2.048823039,1.776563306,1.738449229,1.667659149,1.773838654,2.029761046,2.171336054,2.410930485,2.873779759,2.906454573,2.954918099,2.932592205,2.839476892,2.675572158],"differential_data":[-3.161823897,-2.624779719,-1.550691362,-0.476603005,1.874136749,3.240636751,1.084299162,-1.868408302,-2.86898556,-1.794904139,-0.594221338,0.925000575,2.75870177,2.534094773,1.212936401,0.457403406,0.151101645,-0.016335822,0.216456426,0.735109007,0.359381738,-0.196030852,0.351216304,-0.375730837,-1.462066056,-1.474309946,-0.988305228,0.224628201,0.812713029,1.445721911,2.209414792,0.245029598,-0.792288644,0.63710993,1.094517299,0.510503397,-0.653432871,-0.739204902,-0.51050855,-1.004668,-0.559508485,0.485988666,1.082249431,0.575841928,-0.118431983,0.187864229,0.277708177,-0.13476939,-0.563584959,-0.922978587,-0.935222675,-0.861702461,-0.710597051,-0.077592131,0.498232557,0.604416686,0.294039243,0.49415628,-0.690182178,-2.156318962,-1.911283815,-1.118998738,0.167440043,1.041401256,1.192517764,1.845955787,1.384460251,0.028580505,-0.392067055,-0.138858746,0.404304802,0.465561904,0.302209631,0.269539177,0.020422799,-0.228691398,-0.530901822,-0.465560715,-0.163356236,0.053084138,0.543152846,0.5962461,0.571754158,1.053665557,0.743286133,0.12170751,0.039206448,-0.173161811,-0.385530071,-0.4917142,-3.161823897,-2.624779719,-1.550691362,-0.476603005,1.874136749,3.240636751,1.084299162,-1.868408302,-2.86898556,-1.794904139,-0.594221338,0.925000575,2.75870177,2.534094773,1.212936401,0.457403406,0.151101645,-0.016335822,0.216456426,0.735109007,0.359381738,-0.196030852,0.351216304,-0.375730837,-1.462066056,-1.474309946,-0.988305228,0.224628201,0.812713029,1.445721911,2.209414792,0.245029598,-0.792288644,0.63710993,1.094517299,0.510503397,-0.653432871,-0.739204902,-0.51050855,-1.004668,-0.559508485,0.485988666,1.082249431,0.575841928,-0.118431983,0.187864229,0.277708177,-0.13476939,-0.563584959,-0.922978587,-0.935222675,-0.861702461,-0.710597051,-0.077592131,0.498232557,0.604416686,0.294039243,0.49415628,-0.690182178,-2.156318962,-1.911283815,-1.118998738,0.167440043,1.041401256,1.192517764,1.845955787,1.384460251,0.028580505,-0.392067055,-0.138858746,0.404304802,0.465561904,0.302209631,0.269539177,0.020422799,-0.228691398,-0.530901822,-0.465560715,-0.163356236,0.053084138,0.543152846,0.5962461,0.571754158,1.053665557,0.743286133,0.12170751,0.039206448,-0.173161811,-0.385530071,-0.4917142]}

Slot 9: neutralised 1 vertical climb(s)
Slot 9:
Outcome check: Negative
Index Rising data : 0.000000
Index Break data : 0.000000
Index Transition time: 4.666667
{"outcome":{"outcome":"Negative","transition_time":{"x":4.666666667,"y":-1.284696901,"i":14},"plateau_point":{"x":6,"y":1.652599384,"i":18},"increase":2.937296285,"suspect_score":2,"arm_width":1.333333333,"window_rate":1.261230865,"rise_width":4.333333333,"shape_flag":0,"climbs_fixed":0,"climb_first_i":-1},"peak_features":{"main_peak":{"x":5.333333333,"y":2.895478286,"i":16},"left_arm":{"x":4.666666667,"y":1.003631988,"i":14},"right_arm":{"x":6,"y":0.115417679,"i":18}},"time_data":[0,0.333333333,0.666666667,1,1.333333333,1.666666667,2,2.333333333,2.666666667,3,3.333333333,3.666666667,4,4.333333333,4.666666667,5,5.333333333,5.666666667,6,6.333333333,6.666666667,7,7.333333333,7.666666667,8,8.333333333,8.666666667,9,9.333333333,9.666666667,10,10.33333333,10.66666667,11,11.33333333,11.66666667,12,12.33333333,12.66666667,13,13.33333333,13.66666667,14,14.33333333,14.66666667,15,15.33333333,15.66666667,16,16.33333333,16.66666667,17,17.33333333,17.66666667,18,18.33333333,18.66666667,19,19.33333333,19.66666667,20,20.33333333,20.66666667,21,21.33333333,21.66666667,22,22.33333333,22.66666667,23,23.33333333,23.66666667,24,24.33333333,24.66666667,25,25.33333333,25.66666667,26,26.33333333,26.66666667,27,27.33333333,27.66666667,28,28.33333333,28.66666667,29,29.33333333,29.66666667],"raw_data":[431.221,431.221,431.9938,431.221,430.4482,430.4482,431.221,431.9938,433.5394,432.7666,431.9938,431.9938,429.6754,431.221,430.4482,431.221,431.221,433.5394,434.3122,434.3122,432.7666,431.221,431.9938,435.085,432.7666,431.9938,430.4482,430.4482,433.5394,435.085,432.7666,435.8578,434.3122,436.6306,435.8578,435.085,435.085,437.4034,437.4034,435.085,436.6306,435.8578,433.5394,432.7666,437.4034,433.5394,433.5394,434.3122,437.4034,432.7666,433.5394,433.5394,432.7666,433.5394,431.9938,434.3122,435.085,431.9938,433.5394,431.9938,432.7666,433.5394,433.5394,431.221,431.9938,431.9938,431.9938,430.4482,431.9938,430.4482,432.7666,431.9938,432.7666,431.9938,431.221,431.221,430.4482,432.7666,431.221,431.9938,431.221,433.5394,431.9938,431.9938,431.9938,431.221,431.9938,431.9938,431.9938,431.9938],"processed_data":[-0.086360307,-0.634343373,-0.981600041,-1.128130311,-1.073934183,-0.863171466,-0.448336911,0.137115082,0.812893954,0.692458116,0.32445972,-0.361355472,-0.993643624,-1.37836922,-1.284696901,-0.709281228,0.458277318,1.221037629,1.652599384,1.297982748,1.341473468,1.053765631,0.983511392,0.832966594,0.418132039,0.073551723,0.050133643,-0.301137553,0.689112676,1.458563867,2.562559053,3.311937605,3.425682563,3.375500964,3.817099039,4.057970716,4.288806073,4.265387993,4.713676948,4.743785908,3.6966632,3.218265286,2.933902889,2.729831052,2.01725234,2.652885932,3.047647848,2.930557449,2.361832656,2.445468655,2.184524338,1.344818908,0.705839875,1.548890745,1.478636506,1.686053784,1.655944824,1.351509788,1.251146589,1.053765631,0.863075554,1.010274912,0.675730916,0.722567075,0.120387882,-0.187392594,-0.602227149,-0.428264271,-0.55204555,-0.317864752,0.053479083,0.374641319,0.30773252,0.003297484,-0.351319152,-0.49851851,-0.54535467,-0.598881709,-0.180701714,0.117042442,0.3311506,0.277623561,0.364604999,0.193987562,0.093624363,-0.227537874,-0.267014065,-0.179363538,0.035413707,0.377317671],"differential_data":[-1.643949197,-1.3428596,-0.740680407,-0.138501214,0.397438267,0.938395909,1.500429822,1.891846298,0.83301455,-0.732651351,-1.580720381,-1.977155017,-1.525520622,-0.436579915,1.003631988,2.614461329,2.895478286,1.791483099,0.115417679,-0.466688874,-0.366325676,-0.536943114,-0.331198556,-0.84806903,-1.139122307,-0.551997593,-0.562033913,0.958468549,2.639552129,2.810169567,2.780060607,1.294685265,0.095345039,0.587124713,1.023704628,0.707560552,0.311125916,0.637306312,0.717596872,-1.525520622,-2.288280933,-1.144140466,-0.732651351,-1.374975824,-0.115417679,1.545593262,0.416507275,-1.028722788,-0.727633191,-0.265962477,-1.65097462,-2.218026694,0.306107756,1.159194946,0.205744558,0.265962477,-0.501815994,-0.607197353,-0.446616235,-0.582106553,-0.065236079,-0.281016957,-0.431561755,-0.83301455,-1.364939504,-1.083922547,-0.361307516,0.075272399,0.165599278,0.908286949,1.038759108,0.381380155,-0.557015753,-0.988577508,-0.752723991,-0.291053277,-0.150544798,0.546979434,1.073886227,0.767778471,0.240871677,0.050181599,-0.125453999,-0.406470955,-0.632288153,-0.540957642,0.072261503,0.453641659,0.835021814,1.025711892,-1.643949197,-1.3428596,-0.740680407,-0.138501214,0.397438267,0.938395909,1.500429822,1.891846298,0.83301455,-0.732651351,-1.580720381,-1.977155017,-1.525520622,-0.436579915,1.003631988,2.614461329,2.895478286,1.791483099,0.115417679,-0.466688874,-0.366325676,-0.536943114,-0.331198556,-0.84806903,-1.139122307,-0.551997593,-0.562033913,0.958468549,2.639552129,2.810169567,2.780060607,1.294685265,0.095345039,0.587124713,1.023704628,0.707560552,0.311125916,0.637306312,0.717596872,-1.525520622,-2.288280933,-1.144140466,-0.732651351,-1.374975824,-0.115417679,1.545593262,0.416507275,-1.028722788,-0.727633191,-0.265962477,-1.65097462,-2.218026694,0.306107756,1.159194946,0.205744558,0.265962477,-0.501815994,-0.607197353,-0.446616235,-0.582106553,-0.065236079,-0.281016957,-0.431561755,-0.83301455,-1.364939504,-1.083922547,-0.361307516,0.075272399,0.165599278,0.908286949,1.038759108,0.381380155,-0.557015753,-0.988577508,-0.752723991,-0.291053277,-0.150544798,0.546979434,1.073886227,0.767778471,0.240871677,0.050181599,-0.125453999,-0.406470955,-0.632288153,-0.540957642,0.072261503,0.453641659,0.835021814,1.025711892]}

Slot 10: neutralised 1 vertical climb(s)
Slot 10:
Outcome check: Negative
Index Rising data : 0.000000
Index Break data : 0.000000
Index Transition time: 9.333333
{"outcome":{"outcome":"Negative","transition_time":{"x":9.333333333,"y":1.71757329,"i":28},"plateau_point":{"x":10.33333333,"y":4.075473009,"i":31},"increase":2.35789972,"suspect_score":2,"arm_width":1,"window_rate":0.915367159,"rise_width":4.333333333,"shape_flag":0,"climbs_fixed":0,"climb_first_i":-1},"peak_features":{"main_peak":{"x":10,"y":3.042634642,"i":30},"left_arm":{"x":9.333333333,"y":0.511407233,"i":28},"right_arm":{"x":10.33333333,"y":1.177516789,"i":31}},"time_data":[0,0.333333333,0.666666667,1,1.333333333,1.666666667,2,2.333333333,2.666666667,3,3.333333333,3.666666667,4,4.333333333,4.666666667,5,5.333333333,5.666666667,6,6.333333333,6.666666667,7,7.333333333,7.666666667,8,8.333333333,8.666666667,9,9.333333333,9.666666667,10,10.33333333,10.66666667,11,11.33333333,11.66666667,12,12.33333333,12.66666667,13,13.33333333,13.66666667,14,14.33333333,14.66666667,15,15.33333333,15.66666667,16,16.33333333,16.66666667,17,17.33333333,17.66666667,18,18.33333333,18.66666667,19,19.33333333,19.66666667,20,20.33333333,20.66666667,21,21.33333333,21.66666667,22,22.33333333,22.66666667,23,23.33333333,23.66666667,24,24.33333333,24.66666667,25,25.33333333,25.66666667,26,26.33333333,26.66666667,27,27.33333333,27.66666667,28,28.33333333,28.66666667,29,29.33333333,29.66666667],"raw_data":[405.0298,403.0443,402.3825,402.3825,406.3534,405.6916,404.368,406.3534,405.0298,404.037,404.6989,405.3607,404.037,405.3607,405.3607,406.0225,406.0225,408.0079,406.6843,410.6552,407.3461,405.3607,408.0079,406.0225,406.0225,408.6697,406.6843,404.037,406.6843,408.0079,408.0079,408.0079,409.9934,409.3316,408.0079,408.6697,409.3316,408.6697,405.3607,406.6843,406.0225,406.6843,409.3316,409.3316,408.0079,407.3461,408.0079,408.6697,408.6697,408.0079,408.6697,406.6843,408.0079,404.6989,406.6843,404.6989,406.0225,405.3607,405.3607,406.0225,406.6843,405.3607,405.3607,405.3607,404.6989,406.6843,405.3607,404.6989,406.0225,406.0225,407.3461,406.0225,407.3461,409.3316,406.6843,407.3461,408.6697,408.0079,409.3316,409.3316,408.6697,409.3316,409.3316,409.9934,409.9934,409.3316,410.6552,409.9934,409.9934,410.6552],"processed_data":[-1.178630112,-1.112457923,-0.983253393,-0.791016523,-0.535747313,0.399675906,0.75780563,0.587337345,0.128938749,-0.052989745,-0.087367863,-0.338053385,0.000015721,0.202000738,0.663266665,0.809377563,1.94677708,2.786217495,2.960983475,3.17299596,3.015422871,2.187441343,2.078572591,1.860829011,1.906664563,1.717571704,1.376636852,1.706111759,1.71757329,2.047049915,3.238891602,4.075473009,4.023902794,4.101258381,4.470840784,4.061147318,3.367816215,2.794815922,2.064240295,1.614435898,1.817850881,2.514047862,3.290463402,3.419393432,3.625672576,3.574099982,3.178725734,3.419382731,3.482409853,3.725933124,3.098499909,2.625776283,1.892335173,1.39095858,0.886721656,0.683310769,0.396814784,0.895326028,0.849487305,1.098742861,1.012794263,0.780728427,0.752075592,0.66899274,0.439791196,0.571576403,0.534329237,0.860941173,1.02424932,0.946895847,1.863697399,2.399453431,2.468214027,2.774766534,2.803412499,3.167266714,3.342032693,3.462361918,4.078338755,4.192939263,4.281757305,4.608364485,4.525280048,4.794588956,5.078223951,5.098275849,5.227771736,5.351537716,5.46957379,5.581879957],"differential_data":[0.198516568,0.293065079,0.482162099,0.67125912,1.786038644,1.940329415,0.281492159,-0.943300322,-0.960490635,-0.324459918,-0.427595461,0.131075376,0.810081185,0.994876416,0.911065238,1.925265622,2.965259899,1.521309593,0.580167696,0.081659094,-1.478331925,-1.405275419,-0.489918498,-0.257862042,-0.214885959,-0.795041567,-0.017189918,0.511404657,0.511407233,2.281977468,3.042634642,1.177516789,0.038678058,0.670406986,-0.060166594,-1.654536854,-1.899497094,-1.955363881,-1.770570037,-0.369584121,1.349417947,2.208918782,1.358018355,0.50281376,0.232059826,-0.670420263,-0.232075877,0.455526179,0.45982559,-0.575864916,-1.650235263,-1.809247104,-1.852226555,-1.508420275,-1.061471716,-0.734860309,0.318022889,0.679008781,0.305125249,0.244960438,-0.477021651,-0.391078008,-0.16760353,-0.468426593,-0.146124505,0.141807061,0.434047154,0.734880125,0.128932012,1.259172118,2.178836377,0.906774942,0.562969654,0.502797709,0.58875027,0.80793029,0.442642806,1.104459094,1.095866018,0.305127825,0.623137833,0.365284115,0.279336706,0.829415854,0.45553034,0.224321677,0.3798928,0.362703081,0.345513361,0.336918501,0.198516568,0.293065079,0.482162099,0.67125912,1.786038644,1.940329415,0.281492159,-0.943300322,-0.960490635,-0.324459918,-0.427595461,0.131075376,0.810081185,0.994876416,0.911065238,1.925265622,2.965259899,1.521309593,0.580167696,0.081659094,-1.478331925,-1.405275419,-0.489918498,-0.257862042,-0.214885959,-0.795041567,-0.017189918,0.511404657,0.511407233,2.281977468,3.042634642,1.177516789,0.038678058,0.670406986,-0.060166594,-1.654536854,-1.899497094,-1.955363881,-1.770570037,-0.369584121,1.349417947,2.208918782,1.358018355,0.50281376,0.232059826,-0.670420263,-0.232075877,0.455526179,0.45982559,-0.575864916,-1.650235263,-1.809247104,-1.852226555,-1.508420275,-1.061471716,-0.734860309,0.318022889,0.679008781,0.305125249,0.244960438,-0.477021651,-0.391078008,-0.16760353,-0.468426593,-0.146124505,0.141807061,0.434047154,0.734880125,0.128932012,1.259172118,2.178836377,0.906774942,0.562969654,0.502797709,0.58875027,0.80793029,0.442642806,1.104459094,1.095866018,0.305127825,0.623137833,0.365284115,0.279336706,0.829415854,0.45553034,0.224321677,0.3798928,[stack]0.362703081,0.345513361,0.336918501]}

 Control=2128/4096 Sensor=1520/10240[len] set(90) was=90 APPLIED
 Display=6080/10240 Network=2208/6144 Input=1488/6144 Setting=4344/8192 | unused=27288 B

>>> {"Slot":[500,551,569,586,589,595,600,594,599,598,601,599,602,607,614,624,639,652,674,702,730,750,771...(372 B)
data received from Serial port

Receive long json data in 1 receiving
{"Slot":[500,551,569,586,589,595,600,594,599,598,601,599,602,607,614,624,639,652,674,702,730,750,771,786,791,803,805,807,810,810,815,813,815,815,812,815,812,817,820,820,818,820,823,817,819,823,818,824,820,822,819,820,821,821,824,828,821,825,828,822,824,825,825,828,830,833,828,827,830,830,831,828,835,835,829,830,834,837,841,832,834,834,832,837,839,838,839,835,839,836]}0
Json data received

>>> {"Slot":[391,541,614,656,678,682,689,693,700,696,702,697,701,701,696,703,699,700,699,707,710,719,727...(372 B)
data received from Serial port

Receive long json data in 1 receiving
{"Slot":[391,541,614,656,678,682,689,693,700,696,702,697,701,701,696,703,699,700,699,707,710,719,727,736,749,762,785,803,821,837,845,853,867,868,873,877,878,880,877,886,880,884,881,880,881,888,882,886,885,885,885,888,888,888,891,888,894,893,892,888,891,894,890,891,894,890,895,894,892,899,894,895,895,900,896,894,897,902,897,901,898,901,899,893,901,900,904,901,904,905]}1
Json data received

>>> {"Slot":[328,354,363,371,371,372,376,377,375,377,379,377,380,373,375,374,376,378,373,378,380,379,380...(372 B)
data received from Serial port
finish one round maintenance

Receive long json data in 1 receiving
{"Slot":[328,354,363,371,371,372,376,377,375,377,379,377,380,373,375,374,376,378,373,378,380,379,380,382,383,384,390,393,399,406,415,426,439,449,461,475,485,494,503,510,511,520,522,525,530,527,534,526,530,530,536,537,532,535,534,533,536,540,539,536,539,541,538,540,540,541,541,535,541,543,538,542,541,545,543,546,544,542,545,549,546,548,545,545,544,548,548,547,554,548]}2
Json data received

>>> {"Slot":[513,528,541,545,550,554,551,552,553,550,552,550,550,552,552,557,555,547,556,555,554,553,552...(372 B)
data received from Serial port

Receive long json data in 1 receiving
{"Slot":[513,528,541,545,550,554,551,552,553,550,552,550,550,552,552,557,555,547,556,555,554,553,552,554,555,555,554,556,558,559,563,567,570,575,579,585,598,610,626,635,657,663,681,690,701,709,715,716,718,722,724,729,730,737,734,736,735,728,737,735,738,736,729,733,737,739,738,740,739,739,740,742,744,742,744,746,745,746,744,750,748,748,744,751,750,750,748,750,746,746]}3
[dash] heap free=97964 maxAlloc=86004 intFree=97964 intLargest=86004 clients=0 ap=0
Json data received

>>> {"Slot":[858,861,866,867,863,863,863,856,862,865,867,865,866,861,863,857,859,868,864,862,853,872,864...(406 B)
data received from Serial port

Receive long json data in 1 receiving
{"Slot":[858,861,866,867,863,863,863,856,862,865,867,865,866,861,863,857,859,868,864,862,853,872,864,862,866,866,865,859,858,861,867,862,865,869,872,877,865,871,872,881,881,896,903,919,921,933,943,956,959,976,976,987,993,995,1002,998,997,1006,1009,1008,1007,1003,1004,1009,1017,1012,1015,1016,1012,1009,1013,1022,1010,1012,1015,1012,1014,1016,1016,1017,1020,1014,1011,1018,1017,1010,1019,1016,1014,1019]}4
Json data received

>>> {"Slot":[250,252,249,251,262,251,257,252,255,250,253,260,258,256,253,264,245,260,258,257,262,260,266...(372 B)
data received from Serial port

Receive long json data in 1 receiving
{"Slot":[250,252,249,251,262,251,257,252,255,250,253,260,258,256,253,264,245,260,258,257,262,260,266,252,253,250,253,255,254,257,266,260,260,267,258,256,254,260,248,254,266,254,252,258,261,267,279,279,294,305,304,331,335,351,355,358,381,378,385,387,397,400,396,393,405,397,404,405,402,400,406,395,406,406,400,408,402,413,415,409,407,408,411,410,407,408,407,408,410,419]}5
Json data received

>>> {"Slot":[425,449,469,476,481,484,485,482,487,486,487,486,484,485,479,481,481,485,486,482,487,483,482...(372 B)
data received from Serial port

Receive long json data in 1 receiving
{"Slot":[425,449,469,476,481,484,485,482,487,486,487,486,484,485,479,481,481,485,486,482,487,483,482,486,482,490,485,484,486,488,490,481,484,483,490,478,485,487,485,483,485,487,487,486,488,484,485,489,487,486,492,491,491,497,501,503,510,518,529,540,549,559,567,577,585,594,599,603,615,614,618,611,615,620,618,623,618,621,625,623,624,628,626,620,628,622,629,627,628,627]}6
Json data received

>>> {"Slot":[417,444,463,468,477,477,475,479,474,479,478,481,476,473,475,475,476,479,478,480,472,483,477...(372 B)
data received from Serial port

Receive long json data in 1 receiving
{"Slot":[417,444,463,468,477,477,475,479,474,479,478,481,476,473,475,475,476,479,478,480,472,483,477,474,475,475,478,480,477,478,481,475,473,476,480,475,477,476,479,479,473,475,477,474,483,476,472,473,476,476,480,477,481,481,481,474,481,482,486,489,491,497,507,510,515,528,540,548,557,567,581,583,590,597,598,605,603,612,608,605,608,610,608,607,613,610,616,616,615,616]}7
Json data received

>>> {"Slot":[567,573,574,574,575,577,573,576,573,576,576,573,578,572,575,576,574,574,577,574,575,577,573...(372 B)
data received from Serial port

Receive long json data in 1 receiving
{"Slot":[567,573,574,574,575,577,573,576,573,576,576,573,578,572,575,576,574,574,577,574,575,577,573,574,577,573,572,572,575,571,575,575,575,574,576,571,574,579,573,574,572,573,572,574,575,579,575,577,571,573,577,573,578,575,575,576,575,571,576,572,574,576,574,574,572,577,574,577,577,574,577,576,576,577,574,575,576,573,571,575,575,579,575,576,577,573,576,572,575,575]}8
Json data received

>>> {"Slot":[240,257,269,277,281,279,286,276,276,280,285,287,279,282,277,275,278,282,279,291,277,276,289...(372 B)
data received from Serial port
[stack]
Receive long json data in 1 receiving
{"Slot":[240,257,269,277,281,279,286,276,276,280,285,287,279,282,277,275,278,282,279,291,277,276,289,287,275,275,278,285,283,286,283,281,290,273,285,280,278,276,281,269,282,281,289,281,285,280,277,281,276,267,286,279,278,272,278,287,287,284,281,277,282,288,277,280,278,289,286,279,275,277,274,276,275,278,290,279,277,276,291,278,277,283,273,270,285,292,277,277,280,287]}9
 Control=2128/4096 Sensor=1520/10240[dash] heap free=97964 maxAlloc=86004 intFree=97964 intLargest=86004 clients=0 ap=0
 Display=6080/10240 Network=2208/6144 Input=1488/6144 Setting=7016/8192 | unused=24616 B
Json data received

>>> getResult
data received from Serial port
getResult
<AmpStart/>
<AmpStart>
{"calibration":{"slopes":[1.508,1.622,1.504,1.73,1.542,1.743,1.617,1.59,1.294,1.511],"origins":[0,0,0,0,0,0,0,0,0,0]},"led_power":[150,150,150,150,150,150,150,150,150,150],"units":"nM FAM","device_id":"RPL01015","slots":10,"amplification_time":30,"reading_interval":0.333333,"software_version":"v2.4.5AT1"}
Amplification Time[min],Sensor 1 Fluorescence[nM FAM],Sensor 2 Fluorescence[nM FAM],Sensor 3 Fluorescence[nM FAM],Sensor 4 Fluorescence[nM FAM],Sensor 5 Fluorescence[nM FAM],Temperature[C]
0.00,331.56,241.06,218.09,296.53,556.42,143.43,262.83,262.26,438.18,158.84,65.80
0.33,365.38,333.54,235.37,305.20,558.37,144.58,277.67,279.25,442.81,170.09,65.80
0.67,377.32,378.55,241.36,312.72,561.61,142.86,290.04,291.19,443.59,178.03,65.80
1.00,388.59,404.44,246.68,315.03,562.26,144.00,294.37,294.34,443.59,183.32,65.80
1.33,390.58,418.00,246.68,317.92,559.66,150.32,297.46,300.00,444.36,185.97,65.80
1.67,394.56,420.47,247.34,320.23,559.66,144.00,299.32,300.00,445.90,184.65,65.80
2.00,397.88,424.78,250.00,318.50,559.66,147.45,299.94,298.74,442.81,189.28,65.80
2.33,393.90,427.25,250.66,319.08,555.12,144.58,298.08,301.26,445.13,182.66,65.80
2.67,397.21,431.57,249.34,319.65,559.01,146.30,301.18,298.11,442.81,182.66,65.80
3.00,396.55,429.10,250.66,317.92,560.96,143.43,300.56,301.26,445.13,185.31,65.80
3.33,398.54,432.80,251.99,319.08,562.26,145.15,301.18,300.63,445.13,188.62,65.80
3.67,397.21,429.72,250.66,317.92,560.96,149.17,300.56,302.52,442.81,189.94,65.80
4.00,399.20,432.18,252.66,317.92,561.61,148.02,299.32,299.37,446.68,184.65,65.80
4.33,402.52,432.18,248.01,319.08,558.37,146.87,299.94,297.48,442.04,186.63,65.80
4.67,407.16,429.10,249.34,319.08,559.66,145.15,296.23,298.74,444.36,183.32,65.80
5.00,413.79,433.42,248.67,321.97,555.77,151.46,297.46,298.74,445.13,182.00,65.80
5.33,423.74,430.95,250.00,320.81,557.07,140.56,297.46,299.37,443.59,183.98,65.80
5.67,432.36,431.57,251.33,316.18,562.91,149.17,299.94,301.26,443.59,186.63,65.80
6.00,446.95,430.95,248.01,321.39,560.31,148.02,300.56,300.63,445.90,184.65,65.80
6.33,465.52,435.88,251.33,320.81,559.01,147.45,298.08,301.89,443.59,192.59,65.80
6.67,484.08,437.73,252.66,320.23,553.18,150.32,301.18,296.86,444.36,183.32,65.80
7.00,497.35,443.28,251.99,319.65,565.50,149.17,298.70,303.77,445.90,182.66,65.80
7.33,511.27,448.21,252.66,319.08,560.31,152.61,298.08,300.00,442.81,191.26,65.80
7.67,521.22,453.76,253.99,320.23,559.01,144.58,300.56,298.11,443.59,189.94,65.80
8.00,524.54,461.78,254.65,320.81,561.61,145.15,298.08,298.74,445.90,182.00,65.80
8.33,532.49,469.79,255.32,320.81,561.61,143.43,303.03,298.74,442.81,182.00,65.80
8.67,533.82,483.97,259.31,320.23,560.96,145.15,299.94,300.63,442.04,183.98,65.80
9.00,535.15,495.07,261.30,321.39,557.07,146.30,299.32,301.89,442.04,188.62,65.80
9.33,537.14,506.17,265.29,322.54,556.42,145.73,300.56,300.00,444.36,187.29,65.80
9.67,537.14,516.03,269.95,323.12,558.37,147.45,301.79,300.63,441.27,189.28,65.80
10.00,540.45,520.96,275.93,325.43,562.26,152.61,303.03,302.52,444.36,187.29,65.80
10.33,539.12,525.89,283.24,327.75,559.01,149.17,297.46,298.74,444.36,185.97,65.80
10.67,540.45,534.53,291.89,329.48,560.96,149.17,299.32,297.48,444.36,191.93,65.80
11.00,540.45,535.14,298.54,332.37,563.55,153.18,298.70,299.37,443.59,180.68,65.80
11.33,538.46,538.22,306.52,334.68,565.50,148.02,303.03,301.89,445.13,188.62,65.80
11.67,540.45,540.69,315.82,338.15,568.74,146.87,295.61,298.74,441.27,185.31,65.80
12.00,538.46,541.31,322.47,345.66,560.96,145.73,299.94,300.00,443.59,183.98,65.80
12.33,541.78,542.54,328.46,352.60,564.85,149.17,301.18,299.37,447.45,182.66,65.80
12.67,543.77,540.69,334.44,361.85,565.50,142.28,299.94,301.26,442.81,185.97,65.80
13.00,543.77,546.24,339.10,367.05,571.34,145.73,298.70,301.26,443.59,178.03,65.80
13.33,542.44,542.54,339.76,379.77,571.34,152.61,299.94,297.48,442.04,186.63,65.80
13.67,543.77,545.01,345.74,383.24,581.06,145.73,301.18,298.74,442.81,185.97,65.80
14.00,545.76,543.16,347.07,393.64,585.60,144.58,301.18,300.00,442.04,191.26,65.80
14.33,541.78,542.54,349.07,398.84,595.98,148.02,300.56,298.11,443.59,185.97,65.80
14.67,543.10,543.16,352.39,405.20,597.28,149.74,301.79,303.77,444.36,188.62,65.80
15.00,545.76,547.47,350.40,409.83,605.06,153.18,299.32,299.37,447.45,185.31,65.80
15.33,542.44,543.77,355.05,413.29,611.54,160.07,299.94,296.86,444.36,183.32,65.80
15.67,546.42,546.24,349.73,413.87,619.97,160.07,302.41,297.48,445.90,185.97,65.80
16.00,543.77,545.62,352.39,415.03,621.92,168.67,301.18,299.37,441.27,182.66,65.80
16.33,545.09,545.62,352.39,417.34,632.94,174.99,300.56,299.37,442.81,176.70,65.80
16.67,543.10,545.62,356.38,418.50,632.94,174.41,304.27,301.89,445.90,189.28,65.80
17.00,543.77,547.47,357.05,421.39,640.08,189.90,303.65,300.00,442.81,184.65,65.80
17.33,544.43,547.47,353.72,421.97,643.97,192.20,303.65,302.52,446.68,183.98,65.80
17.67,544.43,547.47,355.72,426.01,645.27,201.38,307.36,302.52,444.36,180.01,65.80
18.00,546.42,549.32,355.05,424.28,649.81,203.67,309.83,302.52,444.36,183.98,65.80
18.33,549.07,547.47,354.39,425.43,647.21,205.39,311.07,298.11,445.13,189.94,65.80
18.67,544.43,551.17,356.38,424.86,646.56,218.59,315.40,302.52,444.36,189.94,65.80
19.00,547.08,550.55,359.04,420.81,652.40,216.87,320.35,303.14,441.27,187.95,65.80
19.33,549.07,549.94,358.38,426.01,654.35,220.88,327.15,305.66,445.13,185.97,65.80
19.67,545.09,547.47,356.38,424.86,653.70,222.03,333.95,307.55,442.04,183.32,65.80
20.00,546.42,549.32,358.38,426.59,653.05,227.77,339.52,308.81,443.59,186.63,65.80
20.33,547.08,551.17,359.71,425.43,650.45,229.49,345.70,312.58,445.13,190.60,65.80
20.67,547.08,548.71,357.71,421.39,651.10,227.19,350.65,318.87,443.59,183.32,65.80
21.00,549.07,549.32,359.04,423.70,654.35,225.47,356.83,320.75,443.59,185.31,65.80
21.33,550.40,551.17,359.04,426.01,659.53,232.36,361.78,323.90,442.04,183.98,65.80
21.67,552.39,548.71,359.71,427.17,656.29,227.77,367.35,332.08,445.90,191.26,65.80
22.00,549.07,551.79,359.71,426.59,658.24,231.78,370.44,339.62,443.59,189.28,65.80
22.33,548.41,551.17,355.72,427.75,658.88,232.36,372.91,344.65,445.90,184.65,65.80
22.67,550.40,549.94,359.71,427.17,656.29,230.64,380.33,350.31,445.90,182.00,65.80
23.00,550.40,554.25,361.04,427.17,654.35,229.49,379.72,356.60,443.59,183.32,65.80
23.33,551.06,551.17,357.71,427.75,656.94,232.93,382.19,365.41,445.90,181.34,65.80
23.67,549.07,551.79,360.37,428.90,662.78,226.62,377.86,366.67,445.13,182.66,65.80
24.00,553.71,551.79,359.71,430.06,654.99,232.93,380.33,371.07,445.13,182.00,65.80
24.33,553.71,554.87,362.37,428.90,656.29,232.93,383.43,375.47,445.90,183.98,65.80
24.67,549.73,552.40,361.04,430.06,658.24,229.49,382.19,376.10,443.59,191.93,65.80
25.00,550.40,551.17,363.03,431.21,656.29,234.08,385.28,380.50,444.36,184.65,65.80
25.33,553.05,553.02,361.70,430.64,657.59,230.64,382.19,379.25,445.13,183.32,65.80
25.67,555.04,556.10,360.37,431.21,658.88,236.95,384.04,384.91,442.81,182.66,65.80
26.00,557.69,553.02,362.37,430.06,658.88,238.10,386.52,382.39,441.27,192.59,65.80
26.33,551.72,555.49,365.03,433.53,659.53,234.65,385.28,380.50,444.36,183.98,65.80
26.67,553.05,553.64,363.03,432.37,661.48,233.51,385.90,382.39,444.36,183.32,65.80
27.00,553.05,555.49,364.36,432.37,657.59,234.08,388.37,383.65,447.45,187.29,65.80
27.33,551.72,554.25,362.37,430.06,655.64,235.80,387.14,382.39,444.36,180.68,65.80
27.67,555.04,550.55,362.37,434.10,660.18,235.23,383.43,381.76,445.13,178.69,65.80
28.00,556.37,555.49,361.70,433.53,659.53,233.51,388.37,385.53,445.90,188.62,65.80
28.33,555.70,554.87,364.36,433.53,654.99,234.08,384.66,383.65,442.81,193.25,65.80
28.67,556.37,557.34,364.36,432.37,660.83,233.51,388.99,387.42,445.13,183.32,65.80
29.00,553.71,555.49,363.70,433.53,658.88,234.08,387.76,387.42,442.04,183.32,65.80
29.33,556.37,557.34,368.35,431.21,657.59,235.23,388.37,386.79,444.36,185.31,65.80
29.67,554.38,557.95,364.36,431.21,660.83,240.39,387.76,387.42,444.36,189.94,65.80
load algo para from flash
Slot 1:
Outcome check: Positive
Index Rising data : 4.000000
Index Break data : 0.000000
Index Transition time: 4.666667
{"outcome":{"outcome":"Positive","transition_time":{"x":4.666666667,"y":9.958413525,"i":14},"plateau_point":{"x":8,"y":129.2615227,"i":24},"increase":119.3031092,"suspect_score":0,"arm_width":2.666666667,"window_rate":32.13596763,"rise_width":3,"shape_flag":0,"climbs_fixed":0,"climb_first_i":-1},"peak_features":{"main_peak":{"x":6.333333333,"y":49.56680258,"i":19},"left_arm":{"x":5,"y":23.05021687,"i":15},"right_arm":{"x":7.666666667,"y":24.26023211,"i":23}},"time_data":[0,0.333333333,0.666666667,1,1.333333333,1.666666667,2,2.333333333,2.666666667,3,3.333333333,3.666666667,4,4.333333333,4.666666667,5,5.333333333,5.666666667,6,6.333333333,6.666666667,7,7.333333333,7.666666667,8,8.333333333,8.666666667,9,9.333333333,9.666666667,10,10.33333333,10.66666667,11,11.33333333,11.66666667,12,12.33333333,12.66666667,13,13.33333333,13.66666667,14,14.33333333,14.66666667,15,15.33333333,15.66666667,16,16.33333333,16.66666667,17,17.33333333,17.66666667,18,18.33333333,18.66666667,19,19.33333333,19.66666667,20,20.33333333,20.66666667,21,21.33333333,21.66666667,22,22.33333333,22.66666667,23,23.33333333,23.66666667,24,24.33333333,24.66666667,25,25.33333333,25.66666667,26,26.33333333,26.66666667,27,27.33333333,27.66666667,28,28.33333333,28.66666667,29,29.33333333,29.66666667],"raw_data":[331.565,365.3846,377.321,388.5941,390.5836,394.5623,397.878,393.8992,397.2148,396.5517,398.5411,397.2148,399.2043,402.5199,407.1618,413.7931,423.7401,432.3607,446.9496,465.5172,484.0849,497.3475,511.2732,521.2202,524.5358,532.4933,533.8196,535.1459,537.1353,537.1353,540.4509,539.1246,540.4509,540.4509,538.4615,540.4509,538.4615,541.7772,543.7666,543.7666,542.4403,543.7666,545.756,541.7772,543.1035,545.756,542.4403,546.4191,543.7666,545.0928,543.1035,543.7666,544.4297,544.4297,546.4191,549.0716,544.4297,547.0822,549.0716,545.0928,546.4191,547.0822,547.0822,549.0716,550.3979,552.3873,549.0716,548.4085,550.3979,550.3979,551.061,549.0716,553.7135,553.7135,549.7347,550.3979,553.0504,555.0398,557.6923,551.7241,553.0504,553.0504,551.7241,555.0398,556.366,555.7029,556.366,553.7135,556.366,554.3766],"processed_data":[-57.89730632,-39.14278259,-23.86466806,-12.0629627,-3.737666539,-2.339641224,-1.220069126,-0.789462531,-0.333026176,-0.499524005,-0.324412556,0.955920595,2.204672149,5.497354218,9.958413525,16.51507238,25.32522477,37.41658093,51.83032861,67.95787795,84.87486366,100.2502969,113.0880346,122.6388309,129.2615227,134.0412248,136.481308,138.5568157,140.1385584,140.8160425,142.0533076,142.4982732,142.8714691,142.6073737,142.0906455,142.5499604,143.2819889,144.1431952,145.06756,146.1871381,146.8502656,146.3306696,146.5000342,146.2876033,146.7756151,146.7067143,147.0253627,147.5794098,147.2665071,146.901932,146.8847116,146.3249222,147.553565,147.9698094,148.6271916,149.5946096,149.8989114,149.8730761,149.5314657,149.1467939,149.6290668,149.5515595,150.6194636,152.1868594,152.5945047,152.9217671,153.0050264,152.9820619,152.3447616,152.4165246,153.8633456,154.4747897,154.2537452,154.2049506,154.2738604,155.6345797,155.8039539,156.4957924,157.437381,156.8976854,156.0249944,155.69773,155.8785859,157.5177534,157.8421334,158.5109997,158.6401781,158.4751111,158.0157989,157.2622412],"differential_data":[56.26357117,51.04895739,40.61972983,30.19050228,14.58498222,3.77639612,2.325268039,1.330564425,0.434907789,0.012920429,2.1831669,3.793627058,6.812150435,11.63061206,16.52657724,23.05021687,31.35226282,39.75765575,45.81194553,49.56680258,48.43862836,42.31975645,33.58280113,24.26023211,17.10359073,10.82967803,6.773386373,5.485875514,3.388840316,2.872123817,2.523345947,1.22724221,0.163650711,-1.17123532,-0.086119813,1.787015048,2.389852152,2.678356617,3.065914402,2.674058394,0.215297154,-0.525347028,-0.064599372,0.413371297,0.628666469,0.374621503,1.309043191,0.361716531,-1.016216724,-0.572693267,-0.865514582,1.003280045,2.467330734,1.610439945,2.437200373,1.907579694,0.41769964,-0.551168467,-1.089423242,0.146401542,0.607148406,1.485595307,3.952949821,2.962561669,1.102361506,0.615782502,0.090442212,-0.990397268,-0.848305838,2.277876024,3.087397588,0.585599429,-0.404758602,0.030172769,2.144443661,2.295140254,1.29181899,2.450140619,0.602839482,-2.118579815,-1.799933099,-0.219612815,2.730035163,2.945321219,1.489869353,1.197067063,-0.05383281,-0.936568818,-1.819304825,-2.260672829,56.26357117,51.04895739,40.61972983,30.19050228,14.58498222,3.77639612,2.325268039,1.330564425,0.434907789,0.012920429,2.1831669,3.793627058,6.812150435,11.63061206,16.52657724,23.05021687,31.35226282,39.75765575,45.81194553,49.56680258,48.43862836,42.31975645,33.58280113,24.26023211,17.10359073,10.82967803,6.773386373,5.485875514,3.388840316,2.872123817,2.523345947,1.22724221,0.163650711,-1.17123532,-0.086119813,1.787015048,2.389852152,2.678356617,3.065914402,2.674058394,0.215297154,-0.525347028,-0.064599372,0.413371297,0.628666469,0.374621503,1.309043191,0.361716531,-1.016216724,-0.572693267,-0.865514582,1.003280045,2.467330734,1.610439945,2.437200373,1.907579694,0.41769964,-0.551168467,-1.089423242,0.146401542,0.607148406,1.485595307,3.952949821,2.962561669,1.102361506,0.615782502,0.090442212,-0.990397268,-0.848305838,2.277876024,3.087397588,0.585599429,-0.404758602,0.030172769,2.144443661,2.295140254,1.29181899,2.450140619,0.602839482,-2.118579815,-1.799933099,-0.219612815,2.730035163,2.945321219,1.489869353,1.197067063,-0.05383281,-0.936568818,-1.819304825,-2.260672829]}

Slot 2:
Outcome check: Positive
Index Rising data : 5.333333
Index Break data : 0.000000
Index Transition time: 6.666667
{"outcome":{"outcome":"Positive","transition_time":{"x":6.666666667,"y":8.620616434,"i":20},"plateau_point":{"x":10.66666667,"y":102.5722891,"i":32},"increase":93.95167271,"suspect_score":0,"arm_width":3,"window_rate":23.48791818,"rise_width":3.666666667,"shape_flag":0,"climbs_fixed":0,"climb_first_i":-1},"peak_features":{"main_peak":{"x":8.666666667,"y":34.42117864,"i":26},"left_arm":{"x":7.333333333,"y":16.97840148,"i":22},"right_arm":{"x":10.33333333,"y":15.54518068,"i":31}},"time_data":[0,0.333333333,0.666666667,1,1.333333333,1.666666667,2,2.333333333,2.666666667,3,3.333333333,3.666666667,4,4.333333333,4.666666667,5,5.333333333,5.666666667,6,6.333333333,6.666666667,7,7.333333333,7.666666667,8,8.333333333,8.666666667,9,9.333333333,9.666666667,10,10.33333333,10.66666667,11,11.33333333,11.66666667,12,12.33333333,12.66666667,13,13.33333333,13.66666667,14,14.33333333,14.66666667,15,15.33333333,15.66666667,16,16.33333333,16.66666667,17,17.33333333,17.66666667,18,18.33333333,18.66666667,19,19.33333333,19.66666667,20,20.33333333,20.66666667,21,21.33333333,21.66666667,22,22.33333333,22.66666667,23,23.33333333,23.66666667,24,24.33333333,24.66666667,25,25.33333333,25.66666667,26,26.33333333,26.66666667,27,27.33333333,27.66666667,28,28.33333333,28.66666667,29,29.33333333,29.66666667],"raw_data":[241.0604,333.5388,378.545,404.439,418.0025,420.4686,424.7842,427.2503,431.566,429.0999,432.799,429.7164,432.1825,432.1825,429.0999,433.4155,430.9495,431.566,430.9495,435.8816,437.7312,443.2799,448.2121,453.7608,461.7756,469.7904,483.9704,495.0678,506.1652,516.0296,520.9618,525.894,534.5253,535.1418,538.2244,540.6905,541.307,542.5401,540.6905,546.2392,542.5401,545.0062,543.1566,542.5401,543.1566,547.4723,543.7731,546.2392,545.6227,545.6227,545.6227,547.4723,547.4723,547.4723,549.3218,547.4723,551.1714,550.5549,549.9384,547.4723,549.3218,551.1714,548.7053,549.3218,551.1714,548.7053,551.7879,551.1714,549.9384,554.254,551.1714,551.7879,551.7879,554.8705,552.4044,551.1714,553.021,556.1036,553.021,555.4871,553.6375,555.4871,554.254,550.5549,555.4871,554.8705,557.3366,555.4871,557.3366,557.9531],"processed_data":[-166.7579679,-112.3283469,-67.96592924,-33.67071474,-9.442703445,-5.038970287,-2.773047641,-1.153006682,-0.192193101,1.13426519,1.96430421,1.660047127,1.617339824,1.924268054,1.71609365,1.569306609,1.374475124,1.793497325,3.258738993,5.100301239,8.620616434,13.05638222,18.12735038,24.37531654,32.65166351,42.26781156,53.62143394,65.21526399,75.44794798,85.01873898,92.20883535,98.0351108,102.5722891,106.0445551,109.207236,110.4723085,111.6279551,112.6901929,113.4695194,113.9712844,114.2008176,113.7871334,114.3289388,113.8512066,114.6278607,114.9481302,115.7194412,115.9943285,116.1064194,116.0743937,116.7202875,117.2113809,117.5636901,118.2762969,119.0716331,119.8109131,120.0697965,119.9603715,120.0751343,120.1285123,119.4319292,119.8029064,119.8509466,120.3393555,120.5021584,120.2406006,121.2147587,121.6151004,121.8846634,122.1088468,122.3597314,122.9895947,123.0483023,122.4077619,123.307196,123.4219691,123.8943735,123.8917096,124.7751317,125.5704734,124.724417,124.1559345,124.0972147,124.2066384,124.6656906,125.11407,125.7292542,126.5472759,127.5681352,128.791832],"differential_data":[163.2888627,148.1880579,117.9864483,87.78483869,42.94761668,10.00448371,5.828945408,3.87128181,3.430907807,3.234745967,0.788672905,-0.520446579,0.396331391,0.148130739,-0.532442167,-0.512427788,0.336286074,2.826395803,4.960205871,8.042816162,11.93412147,14.26010092,16.97840148,21.78646969,26.83874254,31.45465563,34.42117864,32.73977106,29.70521248,25.14133107,19.52455773,15.54518068,12.0141665,9.952420321,6.641630098,3.631078547,3.326826616,2.76234654,1.921637201,1.096947212,-0.27622649,0.192181872,0.096109762,0.448382885,1.645385346,1.637370716,1.569297493,0.580467323,0.120097767,0.920802129,1.705480798,1.265103823,1.597374061,2.261914538,2.301924272,1.497245095,0.224187678,0.008006703,0.252211137,-0.964807684,-0.488408869,0.628526167,0.804673628,0.976817738,-0.148132324,1.068900368,2.061749743,1.004857051,0.74061961,0.712602095,1.32112181,1.032856334,-0.87274923,0.388340541,1.521310782,0.880766237,0.704610849,1.321137267,2.518145673,-0.076071999,-2.121808337,-0.940803429,0.07605575,0.852713845,1.361147398,1.595345316,2.149808968,2.758321549,3.36683413,3.671090421,163.2888627,148.1880579,117.9864483,87.78483869,42.94761668,10.00448371,5.828945408,3.87128181,3.430907807,3.234745967,0.788672905,-0.520446579,0.396331391,0.148130739,-0.532442167,-0.512427788,0.336286074,2.826395803,4.960205871,8.042816162,11.93412147,14.26010092,16.97840148,21.78646969,26.83874254,31.45465563,34.42117864,32.73977106,29.70521248,25.14133107,19.52455773,15.54518068,12.0141665,9.952420321,6.641630098,3.631078547,3.326826616,2.76234654,1.921637201,1.096947212,-0.27622649,0.192181872,0.096109762,0.448382885,1.645385346,1.637370716,1.569297493,0.580467323,0.120097767,0.920802129,1.705480798,1.265103823,1.597374061,2.261914538,2.301924272,1.497245095,0.224187678,0.008006703,0.252211137,-0.964807684,-0.488408869,0.628526167,0.804673628,0.976817738,-0.148132324,1.068900368,2.061749743,1.004857051,0.74061961,0.712602095,1.32112181,1.032856334,-0.87274923,0.388340541,1.521310782,0.880766237,0.704610849,1.321137267,2.518145673,-0.076071999,-2.121808337,-0.940803429,0.07605575,0.852713845,1.361147398,1.595345316,2.149808968,2.758321549,3.36683413,3.671090421]}

Slot 3:
Outcome check: Positive
Index Rising data : 6.000000
Index Break data : 0.000000
Index Transition time: 8.666667
{"outcome":{"outcome":"Positive","transition_time":{"x":8.666666667,"y":7.627580981,"i":26},"plateau_point":{"x":13.66666667,"y":94.10691662,"i":41},"increase":86.47933564,"suspect_score":0,"arm_width":4,"window_rate":19.2005988,"rise_width":4.666666667,"shape_flag":0,"climbs_fixed":0,"climb_first_i":-1},"peak_features":{"main_peak":{"x":11,"y":24.38518812,"i":33},"left_arm":{"x":9,"y":10.17632928,"i":27},"right_arm":{"x":13,"y":11.5320169,"i":39}},"time_data":[0,0.333333333,0.666666667,1,1.333333333,1.666666667,2,2.333333333,2.666666667,3,3.333333333,3.666666667,4,4.333333333,4.666666667,5,5.333333333,5.666666667,6,6.333333333,6.666666667,7,7.333333333,7.666666667,8,8.333333333,8.666666667,9,9.333333333,9.666666667,10,10.33333333,10.66666667,11,11.33333333,11.66666667,12,12.33333333,12.66666667,13,13.33333333,13.66666667,14,14.33333333,14.66666667,15,15.33333333,15.66666667,16,16.33333333,16.66666667,17,17.33333333,17.66666667,18,18.33333333,18.66666667,19,19.33333333,19.66666667,20,20.33333333,20.66666667,21,21.33333333,21.66666667,22,22.33333333,22.66666667,23,23.33333333,23.66666667,24,24.33333333,24.66666667,25,25.33333333,25.66666667,26,26.33333333,26.66666667,27,27.33333333,27.66666667,28,28.33333333,28.66666667,29,29.33333333,29.66666667],"raw_data":[218.0851,235.3723,241.3564,246.6755,246.6755,247.3404,250,250.6649,249.3351,250.6649,251.9947,250.6649,252.6596,248.0053,249.3351,248.6702,250,251.3298,248.0053,251.3298,252.6596,251.9947,252.6596,253.9893,254.6543,255.3191,259.3085,261.3032,265.2925,269.9468,275.9308,283.2447,291.8883,298.5372,306.5159,315.8245,322.4734,328.4574,334.4415,339.0957,339.7606,345.7447,347.0745,349.0691,352.3936,350.3989,355.0532,349.734,352.3936,352.3936,356.383,357.0479,353.7234,355.7181,355.0532,354.3883,356.383,359.0425,358.3777,356.383,358.3777,359.7074,357.7127,359.0425,359.0425,359.7074,359.7074,355.7181,359.7074,361.0372,357.7127,360.3723,359.7074,362.367,361.0372,363.0319,361.7021,360.3723,362.367,365.0266,363.0319,364.3617,362.367,362.367,361.7021,364.3617,364.3617,363.6968,368.351,364.3617],"processed_data":[-28.41368417,-19.4134448,-12.08551292,-6.429888533,-2.446571647,-2.055118577,-1.551410229,-1.01604029,-0.437494055,0.434640595,0.282088771,0.158320109,-0.241768313,-1.070728319,-1.23191675,-1.603221216,-1.827730716,-0.860614199,-0.434620581,0.120898358,0.613092001,1.352823167,2.196173201,2.685489209,3.704419025,5.442928364,7.627580981,10.51742422,14.4118005,19.6042997,25.49911321,32.39270185,40.10086211,48.28970172,56.35765419,64.08596372,71.55522288,77.76952973,83.10019192,87.3198194,90.78820319,94.10691662,96.17931594,98.83313087,100.4306032,100.9227985,101.049447,101.2653261,102.0798903,102.9289969,103.42695,104.7538525,104.624323,104.3220963,104.1378838,104.943818,105.8159516,106.1354495,107.0766683,107.4911447,107.4566016,107.3414669,107.7703357,108.6453459,108.0696812,107.6695952,108.210725,107.8969859,107.9948474,107.9228878,108.6079262,109.3706832,109.6182197,110.3349248,110.9480119,110.6573002,111.1494934,111.1869083,111.9496642,112.2461346,112.7699892,112.5857788,112.0791937,111.8287832,111.7424336,112.5569959,113.0319195,113.6809822,114.504184,115.5015249],"differential_data":[27.00071813,24.49225689,19.4753344,14.4584119,6.562154933,1.342742127,1.558617431,1.670874261,2.176021328,1.079374239,-0.41448073,-0.785785626,-1.843572641,-1.485222655,-0.798739347,-0.893720949,1.113910526,2.089665202,1.472268835,1.571568873,1.847887213,2.3746218,1.998999063,2.262368735,4.136158733,5.884742935,7.611743778,10.17632928,13.63031323,16.63096906,19.18260322,21.90262336,23.84549981,24.38518812,23.69439301,22.79635303,20.52534901,17.31745356,14.3254345,11.5320169,10.18064583,8.086669129,7.089321384,6.37693093,3.13450147,0.928265658,0.513791369,1.545664998,2.495506188,2.020589457,2.737283484,1.796059547,-0.647634333,-0.729658845,0.932582508,2.517101734,1.787447248,1.891075035,2.033542782,0.569899918,-0.224516633,0.470601268,1.955818474,0.449018206,-1.463626019,0.211565687,0.341086053,-0.323816473,0.03885284,0.919618285,2.171693084,1.515440309,1.446362384,1.994688158,0.483563114,0.302222314,0.794412192,1.200256149,1.588839444,1.230487576,0.509466196,-1.036193253,-1.135493291,-0.50514023,1.092319043,1.934228912,1.685979353,2.208396694,2.730814035,2.992022705,27.00071813,24.49225689,19.4753344,14.4584119,6.562154933,1.342742127,1.558617431,1.670874261,2.176021328,1.079374239,-0.41448073,-0.785785626,-1.843572641,-1.485222655,-0.798739347,-0.893720949,1.113910526,2.089665202,1.472268835,1.571568873,1.847887213,2.3746218,1.998999063,2.262368735,4.136158733,5.884742935,7.611743778,10.17632928,13.63031323,16.63096906,19.18260322,21.90262336,23.84549981,24.38518812,23.69439301,22.79635303,20.52534901,17.31745356,14.3254345,11.5320169,10.18064583,8.086669129,7.089321384,6.37693093,3.13450147,0.928265658,0.513791369,1.545664998,2.495506188,2.020589457,2.737283484,1.796059547,-0.647634333,-0.729658845,0.932582508,2.517101734,1.787447248,1.891075035,2.033542782,0.569899918,-0.224516633,0.470601268,1.955818474,0.449018206,-1.463626019,0.211565687,0.341086053,-0.323816473,0.03885284,0.919618285,2.171693084,1.515440309,1.446362384,1.994688158,0.483563114,0.302222314,0.794412192,1.200256149,1.588839444,1.230487576,0.509466196,-1.036193253,-1.135493291,-0.50514023,1.092319043,1.934228912,1.685979353,2.208396694,2.730814035,2.992022705]}

Slot 4:
Outcome check: Positive
Index Rising data : 8.333333
Index Break data : 0.000000
Index Transition time: 11.000000
{"outcome":{"outcome":"Positive","transition_time":{"x":11,"y":13.23724378,"i":33},"plateau_point":{"x":15.33333333,"y":93.6491332,"i":46},"increase":80.41188941,"suspect_score":0,"arm_width":3.666666667,"window_rate":19.40920485,"rise_width":4,"shape_flag":0,"climbs_fixed":0,"climb_first_i":-1},"peak_features":{"main_peak":{"x":13,"y":24.87800479,"i":39},"left_arm":{"x":11.33333333,"y":11.95856486,"i":34},"right_arm":{"x":15,"y":11.10652854,"i":45}},"time_data":[0,0.333333333,0.666666667,1,1.333333333,1.666666667,2,2.333333333,2.666666667,3,3.333333333,3.666666667,4,4.333333333,4.666666667,5,5.333333333,5.666666667,6,6.333333333,6.666666667,7,7.333333333,7.666666667,8,8.333333333,8.666666667,9,9.333333333,9.666666667,10,10.33333333,10.66666667,11,11.33333333,11.66666667,12,12.33333333,12.66666667,13,13.33333333,13.66666667,14,14.33333333,14.66666667,15,15.33333333,15.66666667,16,16.33333333,16.66666667,17,17.33333333,17.66666667,18,18.33333333,18.66666667,19,19.33333333,19.66666667,20,20.33333333,20.66666667,21,21.33333333,21.66666667,22,22.33333333,22.66666667,23,23.33333333,23.66666667,24,24.33333333,24.66666667,25,25.33333333,25.66666667,26,26.33333333,26.66666667,27,27.33333333,27.66666667,28,28.33333333,28.66666667,29,29.33333333,29.66666667],"raw_data":[296.5318,305.2023,312.7168,315.0289,317.9191,320.2312,318.4971,319.0751,319.6532,317.9191,319.0751,317.9191,317.9191,319.0751,319.0751,321.9653,320.8092,316.185,321.3873,320.8092,320.2312,319.6532,319.0751,320.2312,320.8092,320.8092,320.2312,321.3873,322.5433,323.1214,325.4335,327.7457,329.4798,332.3699,334.6821,338.1503,345.6647,352.6012,361.8497,367.052,379.7688,383.237,393.6416,398.8439,405.2023,409.8266,413.2948,413.8728,415.0289,417.341,418.4971,421.3873,421.9653,426.0116,424.2775,425.4335,424.8555,420.8092,426.0116,424.8555,426.5896,425.4335,421.3873,423.6994,426.0116,427.1676,426.5896,427.7457,427.1676,427.1676,427.7457,428.9017,430.0578,428.9017,430.0578,431.2139,430.6358,431.2139,430.0578,433.526,432.3699,432.3699,430.0578,434.104,433.526,433.526,432.3699,433.526,431.2139,431.2139],"processed_data":[-20.66760957,-13.7259417,-8.04919349,-3.637364943,-0.490456057,0.718161182,0.78321845,0.898324677,0.485443644,-0.07006902,-0.090087494,-0.492959291,-0.17516601,0.990910121,0.813246161,1.168574081,1.433818867,1.501381218,1.513892764,1.096007112,1.301196474,1.751612147,1.283680309,1.358749588,1.56393895,1.989328756,2.352165453,2.740028546,3.663387811,5.014642625,6.8563494,8.76811608,10.66487022,13.23724378,16.38515786,21.20962036,26.68969383,34.17661857,42.05640851,50.5742819,58.64174503,66.58408729,73.92838304,80.99742212,86.24478083,90.8740632,93.6491332,95.76859155,97.34504825,98.51862576,100.4454058,102.4697791,104.2989744,105.9379975,106.0631155,106.0105689,105.737817,105.522615,106.3558874,106.2082485,106.0430961,106.1206703,105.620205,105.8754412,106.3909189,107.5019476,108.6430052,108.7230764,108.6705279,109.0959204,109.5588477,109.8891525,110.6523568,111.2353949,111.7859029,111.6983221,112.0961893,112.7242689,113.2572608,113.0520714,113.3673624,113.6676395,114.1505852,113.9478982,114.5459501,114.7386279,114.5482022,114.0925316,113.3716163,112.3854562],"differential_data":[20.82500361,18.92762412,15.13286513,11.33810615,6.533289189,1.91051176,0.270245242,-0.446662209,-1.452590546,-0.863296707,-0.634335406,-0.127617774,2.225804118,1.482618258,0.26649594,0.930859058,0.499210704,0.120110846,-0.608061159,-0.319044435,0.983407553,-0.026274248,-0.589293839,0.420387962,0.945868752,1.182339755,1.126049686,1.966833536,3.411921117,4.789442384,5.630210183,5.712781237,6.703691557,8.580431455,11.95856486,15.45680395,19.45049732,23.05007201,24.596495,24.87800479,24.01470809,22.92995701,21.62000225,18.47459669,14.81496162,11.10652854,7.341792515,5.543872586,4.125051325,4.650536277,5.926730069,5.780352902,5.20232758,2.646211698,0.108856994,-0.487947736,-0.731930819,0.927105594,1.028450309,-0.469186956,-0.131367275,-0.634336595,-0.367843628,1.156070858,2.43975949,3.378129439,1.831693179,0.041283942,0.559266128,1.3324797,1.18984807,1.640263743,2.019363601,1.700319166,0.69439083,0.465429529,1.538920217,1.74160727,0.491703777,0.165152414,0.92335213,1.174834214,0.420387962,0.593047303,1.186094606,0.003378118,-0.96914439,-1.764878746,-2.560613102,-2.95848028,20.82500361,18.92762412,15.13286513,11.33810615,6.533289189,1.91051176,0.270245242,-0.446662209,-1.452590546,-0.863296707,-0.634335406,-0.127617774,2.225804118,1.482618258,0.26649594,0.930859058,0.499210704,0.120110846,-0.608061159,-0.319044435,0.983407553,-0.026274248,-0.589293839,0.420387962,0.945868752,1.182339755,1.126049686,1.966833536,3.411921117,4.789442384,5.630210183,5.712781237,6.703691557,8.580431455,11.95856486,15.45680395,19.45049732,23.05007201,24.596495,24.87800479,24.01470809,22.92995701,21.62000225,18.47459669,14.81496162,11.10652854,7.341792515,5.543872586,4.125051325,4.650536277,5.926730069,5.780352902,5.20232758,2.646211698,0.108856994,-0.487947736,-0.731930819,0.927105594,1.028450309,-0.469186956,-0.131367275,-0.634336595,-0.367843628,1.156070858,2.43975949,3.378129439,1.831693179,0.041283942,0.559266128,1.3324797,1.18984807,1.640263743,2.019363601,1.700319166,0.69439083,0.465429529,1.538920217,1.74160727,0.491703777,0.165152414,0.92335213,1.174834214,0.420387962,0.593047303,1.186094606,0.003378118,-0.96914439,-1.764878746,-2.560613102,-2.95848028]}

Slot 5:
Outcome check: Positive
Index Rising data : 9.333333
Index Break data : 0.000000
Index Transition time: 12.666667
{"outcome":{"outcome":"Positive","transition_time":{"x":12.66666667,"y":6.302547306,"i":38},"plateau_point":{"x":17.66666667,"y":85.33914488,"i":53},"increase":79.03659758,"suspect_score":0,"arm_width":4.666666667,"window_rate":17.7273004,"rise_width":4.666666667,"shape_flag":0,"climbs_fixed":0,"climb_first_i":-1},"peak_features":{"main_peak":{"x":14.33333333,"y":20.14166062,"i":43},"left_arm":{"x":12.66666667,"y":5.743916301,"i":38},"right_arm":{"x":17.33333333,"y":8.430589948,"i":52}},"time_data":[0,0.333333333,0.666666667,1,1.333333333,1.666666667,2,2.333333333,2.666666667,3,3.333333333,3.666666667,4,4.333333333,4.666666667,5,5.333333333,5.666666667,6,6.333333333,6.666666667,7,7.333333333,7.666666667,8,8.333333333,8.666666667,9,9.333333333,9.666666667,10,10.33333333,10.66666667,11,11.33333333,11.66666667,12,12.33333333,12.66666667,13,13.33333333,13.66666667,14,14.33333333,14.66666667,15,15.33333333,15.66666667,16,16.33333333,16.66666667,17,17.33333333,17.66666667,18,18.33333333,18.66666667,19,19.33333333,19.66666667,20,20.33333333,20.66666667,21,21.33333333,21.66666667,22,22.33333333,22.66666667,23,23.33333333,23.66666667,24,24.33333333,24.66666667,25,25.33333333,25.66666667,26,26.33333333,26.66666667,27,27.33333333,27.66666667,28,28.33333333,28.66666667,29,29.33333333,29.66666667],"raw_data":[556.4202,558.3658,561.6083,562.2568,559.6628,559.6628,559.6628,555.1232,559.0143,560.9598,562.2568,560.9598,561.6083,558.3658,559.6628,555.7717,557.0688,562.9053,560.3113,559.0143,553.1777,565.4994,560.3113,559.0143,561.6083,561.6083,560.9598,557.0688,556.4202,558.3658,562.2568,559.0143,560.9598,563.5538,565.4994,568.7419,560.9598,564.8509,565.4994,571.3359,571.3359,581.0636,585.6031,595.9792,597.2763,605.0584,611.5435,619.9741,621.9196,632.9443,632.9443,640.0778,643.9689,645.2659,649.8055,647.2114,646.5629,652.3995,654.345,653.6965,653.048,650.454,651.1025,654.345,659.5331,656.2906,658.2361,658.8846,656.2906,654.345,656.9391,662.7756,654.9935,656.2906,658.2361,656.2906,657.5876,658.8846,658.8846,659.5331,661.4786,657.5876,655.642,660.1816,659.5331,654.9935,660.8301,658.8846,657.5876,660.8301],"processed_data":[-2.581196363,-1.091589171,-0.055377409,0.527438923,0.656859823,-0.5278714,-1.625562527,-1.566602831,-0.861936099,0.196461071,0.856206192,1.84160188,0.794433858,-1.005112685,-1.619931968,-1.451495811,-0.68788867,-1.476764365,-0.979845716,0.019586472,-0.286426098,-0.685071805,0.235757142,1.456974178,1.931430305,-0.140425513,-0.729974656,-0.892807733,-1.575014585,-1.681695319,-0.968621324,0.471573999,2.883136171,3.688860212,4.191390397,4.671463079,5.123452719,4.980272433,6.302547306,8.809549967,14.7780664,20.11773074,26.37261593,32.43940398,39.80038967,45.28883976,52.16696075,57.9530135,64.52512403,70.2269406,75.04443597,79.71875159,83.84280937,85.33914488,87.35205395,88.56766553,89.99943827,91.59965403,92.30431521,92.93036523,92.58224474,92.55415853,93.04826296,94.33405017,96.27395722,98.06508409,98.17738296,96.96178512,97.15549776,97.57659674,97.16110718,97.40815557,97.73661983,97.6552132,97.10215647,96.74000529,97.89664396,98.7837712,99.43228189,99.33963396,99.04485661,99.18241717,98.28965885,98.00892091,98.08752415,98.44125987,98.74362151,99.06704146,99.41151974,99.77705633],"differential_data":[4.468821578,3.788728432,2.42854214,1.068355848,-1.582965484,-3.423633526,-1.558097146,1.145439643,2.644595852,2.577213436,2.467711213,-0.092658501,-4.270071847,-3.621548739,-0.669574688,1.398064948,-0.037902832,-0.437935569,2.244526256,1.040129426,-1.056987416,0.783274861,3.213068974,2.543509743,-2.396099536,-3.992107441,-1.128573331,-1.267559894,-1.183331378,0.909589891,3.229903977,5.777636243,4.82592932,1.962381338,1.4739043,1.398093484,0.463214032,1.768641881,5.743916301,12.71327863,16.96227116,17.3918243,18.48250986,20.14166062,19.27415367,18.54985661,18.99626061,18.53724492,18.41089065,15.77896792,14.23771648,13.1975601,8.430589948,5.26386687,4.842780968,3.97107647,4.547982748,3.45731542,1.996066799,0.416894293,-0.564310049,0.699027322,2.669837456,4.838541402,5.59655088,2.855138605,-1.654948445,-1.532827798,0.922217431,0.008414132,-0.252661767,0.863268964,0.370586445,-0.951695033,-1.37281185,1.191731242,3.065648859,2.303456889,0.833794136,-0.581137917,-0.235825179,-1.132796647,-1.760244394,-0.303202047,0.648508443,0.984146039,0.93867239,1.001847344,1.065022298,1.096609775,4.468821578,3.788728432,2.42854214,1.068355848,-1.582965484,-3.423633526,-1.558097146,1.145439643,2.644595852,2.577213436,2.467711213,-0.092658501,-4.270071847,-3.621548739,-0.669574688,1.398064948,-0.037902832,-0.437935569,2.244526256,1.040129426,-1.056987416,0.783274861,3.213068974,2.543509743,-2.396099536,-3.992107441,-1.128573331,-1.267559894,-1.183331378,0.909589891,3.229903977,5.777636243,4.82592932,1.962381338,1.4739043,1.398093484,0.463214032,1.768641881,5.743916301,12.71327863,16.96227116,17.3918243,18.48250986,20.14166062,19.27415367,18.54985661,18.99626061,18.53724492,18.41089065,15.77896792,14.23771648,13.1975601,8.430589948,5.26386687,4.842780968,3.97107647,4.547982748,3.45731542,1.996066799,0.416894293,-0.564310049,0.699027322,2.669837456,4.838541402,5.59655088,2.855138605,-1.654948445,-1.532827798,0.922217431,0.008414132,-0.252661767,0.863268964,0.370586445,-0.951695033,-1.37281185,1.191731242,3.065648859,2.303456889,0.833794136,-0.581137917,-0.235825179,-1.132796647,-1.760244394,-0.303202047,0.648508443,0.984146039,0.93867239,1.001847344,1.065022298,1.096609775]}

Slot 6:
Outcome check: Positive
Index Rising data : 14.000000
Index Break data : 0.000000
Index Transition time: 14.666667
{"outcome":{"outcome":"Positive","transition_time":{"x":14.66666667,"y":3.116991514,"i":44},"plateau_point":{"x":19.66666667,"y":78.49581341,"i":59},"increase":75.3788219,"suspect_score":0,"arm_width":5,"window_rate":16.071087,"rise_width":5,"shape_flag":0,"climbs_fixed":0,"climb_first_i":-1},"peak_features":{"main_peak":{"x":16.66666667,"y":20.98561195,"i":50},"left_arm":{"x":14.66666667,"y":7.752721316,"i":44},"right_arm":{"x":19.66666667,"y":5.439197392,"i":59}},"time_data":[0,0.333333333,0.666666667,1,1.333333333,1.666666667,2,2.333333333,2.666666667,3,3.333333333,3.666666667,4,4.333333333,4.666666667,5,5.333333333,5.666666667,6,6.333333333,6.666666667,7,7.333333333,7.666666667,8,8.333333333,8.666666667,9,9.333333333,9.666666667,10,10.33333333,10.66666667,11,11.33333333,11.66666667,12,12.33333333,12.66666667,13,13.33333333,13.66666667,14,14.33333333,14.66666667,15,15.33333333,15.66666667,16,16.33333333,16.66666667,17,17.33333333,17.66666667,18,18.33333333,18.66666667,19,19.33333333,19.66666667,20,20.33333333,20.66666667,21,21.33333333,21.66666667,22,22.33333333,22.66666667,23,23.33333333,23.66666667,24,24.33333333,24.66666667,25,25.33333333,25.66666667,26,26.33333333,26.66666667,27,27.33333333,27.66666667,28,28.33333333,28.66666667,29,29.33333333,29.66666667],"raw_data":[143.4309,144.5783,142.8571,144.0046,150.3156,144.0046,147.4469,144.5783,146.2995,143.4309,145.152,149.1681,148.0206,146.8732,145.152,151.463,140.5622,149.1681,148.0206,147.4469,150.3156,149.1681,152.6104,144.5783,145.152,143.4309,145.152,146.2995,145.7258,147.4469,152.6104,149.1681,149.1681,153.1842,148.0206,146.8732,145.7258,149.1681,142.2834,145.7258,152.6104,145.7258,144.5783,148.0206,149.7418,153.1842,160.0688,160.0688,168.6747,174.9857,174.4119,189.9025,192.1974,201.3769,203.6718,205.393,218.5886,216.8675,220.8835,222.031,227.7682,229.4894,227.1945,225.4733,232.358,227.7682,231.7843,232.358,230.6368,229.4894,232.9317,226.6208,232.9317,232.9317,229.4894,234.0792,230.6368,236.9478,238.0952,234.6529,233.5054,234.0792,235.8003,235.2266,233.5054,234.0792,233.5054,234.0792,235.2266,240.3901],"processed_data":[-3.289337528,-2.27575642,-1.453417282,-0.822320114,-0.382464917,0.151519709,0.136614977,-0.921420473,-1.559720126,-0.476849577,-0.072016332,0.096871248,1.517520459,1.219483479,0.665629003,0.13412786,0.091904611,0.720269207,1.105233197,2.324707362,4.016075762,3.084708144,2.207978814,0.837002577,-0.63331789,-1.57710418,-2.436448993,-0.484297451,0.837003964,1.857783396,3.303266253,4.252019577,4.577376923,3.395157521,2.709668709,1.783268652,-0.181299647,-0.427179708,0.479354396,0.429682414,0.392427321,0.198702858,0.971116499,1.92483864,3.116991514,7.093319517,12.14755216,15.76374916,21.28490583,26.7986112,33.31074398,40.78901917,45.93762769,52.60871537,58.8799348,63.06985315,67.40133951,70.96537946,75.26209731,78.49581341,78.88822891,81.27005038,81.87606224,82.45971977,82.80743071,83.6940953,84.37461569,85.44506895,84.27029914,84.45408736,84.34728984,84.03931609,84.8539537,84.76454215,85.02532655,86.99237873,87.59590644,88.53472828,89.1928958,89.00662192,89.34439926,88.28636559,88.01564739,88.21930711,88.04296637,87.30532355,87.88326896,88.90951294,90.38405549,92.3068966],"differential_data":[3.040743325,2.75388037,2.180154459,1.606428548,1.460759735,0.778619841,-1.609410274,-2.544502655,0.666856345,2.231555691,0.860581237,2.384305186,1.683918346,-1.277837184,-1.628033427,-0.860586587,0.87921202,1.519992878,2.406657231,4.366263848,1.140001173,-2.712145421,-3.37155835,-4.261945056,-3.621160136,-2.704696655,1.639210094,4.910179435,3.513121271,3.699393433,3.591354271,1.911166005,-1.285293084,-2.801562322,-2.417833303,-4.336452534,-3.31567254,0.990981065,1.285293183,-0.130390613,-0.346469334,0.868033768,2.589203674,3.218812521,7.752721316,13.54584097,13.00564446,13.70603051,16.55229306,18.03875723,20.98561195,18.94032555,17.72954431,19.41346067,15.69170667,12.78210707,11.84328946,11.7911367,11.29565093,5.439197392,4.161355452,4.481749993,1.784504085,1.397052715,1.851563293,2.350777465,2.626460484,-0.156474819,-1.48647239,0.115486046,-0.622156911,0.759995795,1.087839102,0.257059271,3.341754864,3.855869838,2.313524321,2.395484033,0.707840461,0.22725519,-1.08038449,-1.993127798,-0.100587721,0.040978469,-1.370975346,-0.239546114,2.406284094,3.751179792,5.096075489,5.768523338,3.040743325,2.75388037,2.180154459,1.606428548,1.460759735,0.778619841,-1.609410274,-2.544502655,0.666856345,2.231555691,0.860581237,2.384305186,1.683918346,-1.277837184,-1.628033427,-0.860586587,0.87921202,1.519992878,2.406657231,4.366263848,1.140001173,-2.712145421,-3.37155835,-4.261945056,-3.621160136,-2.704696655,1.639210094,4.910179435,3.513121271,3.699393433,3.591354271,1.911166005,-1.285293084,-2.801562322,-2.417833303,-4.336452534,-3.31567254,0.990981065,1.285293183,-0.130390613,-0.346469334,0.868033768,2.589203674,3.218812521,7.752721316,13.54584097,13.00564446,13.70603051,16.55229306,18.03875723,20.98561195,18.94032555,17.72954431,19.41346067,15.69170667,12.78210707,11.84328946,11.7911367,11.29565093,5.439197392,4.161355452,4.481749993,1.784504085,1.397052715,1.851563293,2.350777465,2.626460484,-0.156474819,-1.48647239,0.115486046,-0.622156911,0.759995795,1.087839102,0.257059271,3.341754864,3.855869838,2.313524321,2.395484033,0.707840461,0.22725519,-1.08038449,-1.993127798,-0.100587721,0.040978469,-1.370975346,-0.239546114,2.406284094,3.751179792,5.096075489,5.768523338]}

Slot 7:
Outcome check: Positive
Index Rising data : 17.000000
Index Break data : 0.000000
Index Transition time: 18.000000
{"outcome":{"outcome":"Positive","transition_time":{"x":18,"y":8.518757213,"i":54},"plateau_point":{"x":22.66666667,"y":77.73195315,"i":68},"increase":69.21319593,"suspect_score":1,"arm_width":4.666666667,"window_rate":15.83151886,"rise_width":4.666666667,"shape_flag":0,"climbs_fixed":0,"climb_first_i":-1},"peak_features":{"main_peak":{"x":19.66666667,"y":19.00265087,"i":59},"left_arm":{"x":18,"y":7.565712471,"i":54},"right_arm":{"x":22.66666667,"y":6.091921521,"i":68}},"time_data":[0,0.333333333,0.666666667,1,1.333333333,1.666666667,2,2.333333333,2.666666667,3,3.333333333,3.666666667,4,4.333333333,4.666666667,5,5.333333333,5.666666667,6,6.333333333,6.666666667,7,7.333333333,7.666666667,8,8.333333333,8.666666667,9,9.333333333,9.666666667,10,10.33333333,10.66666667,11,11.33333333,11.66666667,12,12.33333333,12.66666667,13,13.33333333,13.66666667,14,14.33333333,14.66666667,15,15.33333333,15.66666667,16,16.33333333,16.66666667,17,17.33333333,17.66666667,18,18.33333333,18.66666667,19,19.33333333,19.66666667,20,20.33333333,20.66666667,21,21.33333333,21.66666667,22,22.33333333,22.66666667,23,23.33333333,23.66666667,24,24.33333333,24.66666667,25,25.33333333,25.66666667,26,26.33333333,26.66666667,27,27.33333333,27.66666667,28,28.33333333,28.66666667,29,29.33333333,29.66666667],"raw_data":[262.8324,277.6747,290.0433,294.3723,297.4644,299.3197,299.9382,298.0829,301.175,300.5566,301.175,300.5566,299.3197,299.9382,296.2276,297.4644,297.4644,299.9382,300.5566,298.0829,301.175,298.7013,298.0829,300.5566,298.0829,303.0303,299.9382,299.3197,300.5566,301.7935,303.0303,297.4644,299.3197,298.7013,303.0303,295.6092,299.9382,301.175,299.9382,298.7013,299.9382,301.175,301.175,300.5566,301.7935,299.3197,299.9382,302.4119,301.175,300.5566,304.2672,303.6487,303.6487,307.3593,309.833,311.0699,315.3989,320.3463,327.149,333.9518,339.5176,345.7019,350.6494,356.8336,361.7811,367.347,370.4391,372.9128,380.334,379.7155,382.1892,377.8602,380.334,383.4261,382.1892,385.2814,382.1892,384.0445,386.5182,385.2814,385.8998,388.3735,387.1367,383.4261,388.3735,384.663,388.992,387.7551,388.3735,387.7551],"processed_data":[-34.34776852,-23.24227609,-14.17010444,-7.131253554,-2.125723438,-0.722878724,-0.476578485,0.013348336,0.339959347,0.369404318,0.757592932,0.473814333,-0.607762324,-1.633120054,-2.355955974,-2.14178229,-2.077531559,-1.378788671,-0.380203445,-0.519414728,-0.361463803,-1.2020985,-0.880835595,-0.27311581,-0.377521994,0.04814868,0.230195545,0.888783376,1.054765842,0.436338482,0.074916559,0.548777659,-0.364141819,-1.156588203,-1.148555343,-0.259727841,-0.471225094,-0.613113205,-0.757681842,0.337284765,-0.024138744,0.38011612,0.773659974,0.69602603,0.618385348,0.602324118,0.347991415,0.725470209,1.274288029,1.932875596,2.476344121,3.445490717,4.96880945,6.692919843,8.518757213,11.73672816,15.9854122,20.79630706,26.72626776,33.12205974,39.39470167,45.38088197,51.16091919,56.71875053,61.43058902,66.43692122,70.85695037,75.06280359,77.73195315,79.1240846,80.43857948,80.7759007,81.08378013,81.8039457,82.22961809,83.64852575,84.05546101,84.15451882,85.0754668,86.00712764,86.38193396,86.65232776,86.06869916,86.30429236,86.31768006,86.49705089,86.76128771,87.20355669,87.82385781,88.62219109],"differential_data":[33.31647727,30.26649612,24.16653381,18.0665715,9.612562244,2.473717429,1.10434059,1.224806748,0.534083973,0.626450378,0.156615022,-2.048032884,-3.16040158,-2.622290475,-0.762993354,0.417636624,1.144490428,2.54599217,1.289060915,0.028109464,-1.024025657,-0.779057689,1.393474034,0.754970402,0.481896735,0.911576308,1.260952045,1.236855445,-0.678667341,-1.469773924,0.168658764,-0.658587567,-2.558048793,-1.176620285,1.345290543,1.015995372,-0.530078046,-0.429685122,1.425596956,1.100314648,0.064247032,1.196698077,0.473864865,-0.23291194,-0.140552868,-0.4055909,0.184719135,1.389444921,1.811108081,1.803084138,2.268922682,3.738697993,4.871143688,5.324921645,7.565712471,11.19998248,13.58936835,16.11128334,18.48862903,19.00265087,18.38823333,17.64932627,17.00680284,15.40450475,14.57725604,14.13954202,12.93882355,10.31250416,6.091921521,4.059939496,2.47772415,0.967800983,1.542067491,1.718756936,2.766870078,2.738764379,0.758989607,1.530008688,2.778913225,1.959700745,0.96780019,-0.4698522,-0.522053112,0.373471347,0.289137803,0.665411476,1.059758689,1.593855147,2.127951605,2.394999834,33.31647727,30.26649612,24.16653381,18.0665715,9.612562244,2.473717429,1.10434059,1.224806748,0.534083973,0.626450378,0.156615022,-2.048032884,-3.16040158,-2.622290475,-0.762993354,0.417636624,1.144490428,2.54599217,1.289060915,0.028109464,-1.024025657,-0.779057689,1.393474034,0.754970402,0.481896735,0.911576308,1.260952045,1.236855445,-0.678667341,-1.469773924,0.168658764,-0.658587567,-2.558048793,-1.176620285,1.345290543,1.015995372,-0.530078046,-0.429685122,1.425596956,1.100314648,0.064247032,1.196698077,0.473864865,-0.23291194,-0.140552868,-0.4055909,0.184719135,1.389444921,1.811108081,1.803084138,2.268922682,3.738697993,4.871143688,5.324921645,7.565712471,11.19998248,13.58936835,16.11128334,18.48862903,19.00265087,18.38823333,17.64932627,17.00680284,15.40450475,14.57725604,14.13954202,12.93882355,10.31250416,6.091921521,4.059939496,2.47772415,0.967800983,1.542067491,1.718756936,2.766870078,2.738764379,0.758989607,1.530008688,2.778913225,1.959700745,0.96780019,-0.4698522,-0.522053112,0.373471347,0.289137803,0.665411476,1.059758689,1.593855147,2.127951605,2.394999834]}

Slot 8:
Outcome check: Positive
Index Rising data : 18.000000
Index Break data : 0.000000
Index Transition time: 20.000000
{"outcome":{"outcome":"Positive","transition_time":{"x":20,"y":9.872340611,"i":60},"plateau_point":{"x":24.33333333,"y":74.1594163,"i":73},"increase":64.28707569,"suspect_score":1,"arm_width":3.666666667,"window_rate":15.41493037,"rise_width":5.333333333,"shape_flag":0,"climbs_fixed":0,"climb_first_i":-1},"peak_features":{"main_peak":{"x":22.33333333,"y":20.98749948,"i":67},"left_arm":{"x":20.33333333,"y":9.413541521,"i":61},"right_arm":{"x":24,"y":10.37328289,"i":72}},"time_data":[0,0.333333333,0.666666667,1,1.333333333,1.666666667,2,2.333333333,2.666666667,3,3.333333333,3.666666667,4,4.333333333,4.666666667,5,5.333333333,5.666666667,6,6.333333333,6.666666667,7,7.333333333,7.666666667,8,8.333333333,8.666666667,9,9.333333333,9.666666667,10,10.33333333,10.66666667,11,11.33333333,11.66666667,12,12.33333333,12.66666667,13,13.33333333,13.66666667,14,14.33333333,14.66666667,15,15.33333333,15.66666667,16,16.33333333,16.66666667,17,17.33333333,17.66666667,18,18.33333333,18.66666667,19,19.33333333,19.66666667,20,20.33333333,20.66666667,21,21.33333333,21.66666667,22,22.33333333,22.66666667,23,23.33333333,23.66666667,24,24.33333333,24.66666667,25,25.33333333,25.66666667,26,26.33333333,26.66666667,27,27.33333333,27.66666667,28,28.33333333,28.66666667,29,29.33333333,29.66666667],"raw_data":[262.2642,279.2453,291.195,294.3396,300,300,298.7422,301.2579,298.1132,301.2579,300.6289,302.5157,299.3711,297.4843,298.7422,298.7422,299.3711,301.2579,300.6289,301.8868,296.8553,303.7736,300,298.1132,298.7422,298.7422,300.6289,301.8868,300,300.6289,302.5157,298.7422,297.4843,299.3711,301.8868,298.7422,300,299.3711,301.2579,301.2579,297.4843,298.7422,300,298.1132,303.7736,299.3711,296.8553,297.4843,299.3711,299.3711,301.8868,300,302.5157,302.5157,302.5157,298.1132,302.5157,303.1447,305.6604,307.5472,308.8051,312.5786,318.868,320.7547,323.8994,332.0755,339.6227,344.6541,350.3145,356.6038,365.4088,366.6667,371.0692,375.4717,376.1006,380.5032,379.2453,384.9057,382.39,380.5032,382.39,383.6478,382.39,381.761,385.5346,383.6478,387.4214,387.4214,386.7925,387.4214],"processed_data":[-34.73112146,-22.79477123,-13.17267002,-5.864817817,-0.871214631,-0.182385465,-0.138822481,-0.146995379,-0.059876413,0.509157651,0.500990963,-0.02992308,-0.307632248,-1.369460861,-1.570935138,-1.64445053,-0.231397488,-0.223229875,0.255948814,0.721520758,0.490095791,-0.07893365,-0.64796243,-1.116257705,-0.590786492,-1.138036422,-0.479160325,0.615345084,1.04007896,0.642571784,-0.351192062,-0.533611083,-0.647964015,-0.849435649,-1.110808005,-0.438312481,0.315861161,-0.002693209,-0.549947896,-0.274961001,-1.195215267,-0.865776161,-0.582617161,-0.416536405,-0.367532441,-0.893006428,-1.600893888,-1.491985106,-1.987502325,-0.77047822,0.441104113,1.592784271,1.380414822,1.268784824,0.874001903,1.189828584,1.628173564,2.714507396,4.290918788,7.274939467,9.872340611,12.78012164,16.14803496,20.7574706,26.15374941,31.71883336,37.34381764,44.5969418,51.33548396,56.96591279,62.50649588,67.24389437,71.53206208,74.1594163,76.75681876,79.60470039,80.89795609,81.52416543,82.27017067,82.31373365,82.08775561,81.86449746,82.30284072,83.13869196,83.90103651,84.79134313,85.49133724,86.20766783,86.9403349,87.68933845],"differential_data":[35.80905068,32.33767716,25.39493012,18.45218308,8.523648527,1.098588225,0.053085129,0.118419102,0.984229546,0.841301063,-0.808621097,-1.212934816,-2.009306672,-1.894954335,-0.412484503,2.009306474,2.131830983,0.731019454,1.41712595,0.351220465,-1.200681612,-1.707087331,-1.555986082,0.085763907,-0.032668077,0.16743925,2.630072259,2.278858928,0.04084005,-2.086906532,-1.7642743,-0.44515793,-0.47373685,-0.694265985,0.616684753,2.140003749,0.653428908,-1.298713585,-0.408401687,-0.967901056,-0.88622274,0.918897158,0.673859633finish one round maintenance
,0.32262708,-0.714705034,-1.85004217,-0.898468018,-0.579912656,1.08226033,3.642909657,3.544893735,1.408966064,-0.485999169,-0.759619378,-0.118434361,1.131257491,2.287018219,3.994117836,6.840648106,8.372132735,8.257773263,9.413541521,11.96602343,15.00857167,16.44204415,16.78510235,19.31716265,20.98749948,18.55345649,16.75651788,15.41697237,13.5383493,10.37328289,7.837135018,8.167926144,6.211705988,2.879197554,2.058321866,1.18435233,-0.273622587,-0.673854283,0.322627674,1.911291742,2.397293685,2.478976757,2.385451082,2.124487047,2.173496494,2.222505941,2.247010665,35.80905068,32.33767716,25.39493012,18.45218308,8.523648527,1.098588225,0.053085129,0.118419102,0.984229546,0.841301063,-0.808621097,-1.212934816,-2.009306672,-1.894954335,-0.412484503,2.009306474,2.131830983,0.731019454,1.41712595,0.351220465,-1.200681612,-1.707087331,-1.555986082,0.085763907,-0.032668077,0.16743925,2.630072259,2.278858928,0.04084005,-2.086906532,-1.7642743,-0.44515793,-0.47373685,-0.694265985,0.616684753,2.140003749,0.653428908,-1.298713585,-0.408401687,-0.967901056,-0.88622274,0.918897158,0.673859633,0.32262708,-0.714705034,-1.85004217,-0.898468018,-0.579912656,1.08226033,3.642909657,3.544893735,1.408966064,-0.485999169,-0.759619378,-0.118434361,1.131257491,2.287018219,3.994117836,6.840648106,8.372132735,8.257773263,9.413541521,11.96602343,15.00857167,16.44204415,16.78510235,19.31716265,20.98749948,18.55345649,16.75651788,15.41697237,13.5383493,10.37328289,7.837135018,8.167926144,6.211705988,2.879197554,2.058321866,1.18435233,-0.273622587,-0.673854283,0.322627674,1.911291742,2.397293685,2.478976757,2.385451082,2.124487047,2.173496494,2.222505941,2.247010665]}

Slot 9:
Outcome check: Negative
Index Rising data : 0.000000
Index Break data : 0.000000
Index Transition time: 13.666667
{"outcome":{"outcome":"Negative","transition_time":{"x":13.66666667,"y":-2.395358924,"i":41},"plateau_point":{"x":15,"y":0.873161679,"i":45},"increase":3.268520603,"suspect_score":2,"arm_width":1.333333333,"window_rate":0.830511547,"rise_width":5.333333333,"shape_flag":0,"climbs_fixed":0,"climb_first_i":-1},"peak_features":{"main_peak":{"x":14.33333333,"y":2.830265986,"i":43},"left_arm":{"x":13.66666667,"y":0.496809724,"i":41},"right_arm":{"x":15,"y":-0.225821359,"i":45}},"time_data":[0,0.333333333,0.666666667,1,1.333333333,1.666666667,2,2.333333333,2.666666667,3,3.333333333,3.666666667,4,4.333333333,4.666666667,5,5.333333333,5.666666667,6,6.333333333,6.666666667,7,7.333333333,7.666666667,8,8.333333333,8.666666667,9,9.333333333,9.666666667,10,10.33333333,10.66666667,11,11.33333333,11.66666667,12,12.33333333,12.66666667,13,13.33333333,13.66666667,14,14.33333333,14.66666667,15,15.33333333,15.66666667,16,16.33333333,16.66666667,17,17.33333333,17.66666667,18,18.33333333,18.66666667,19,19.33333333,19.66666667,20,20.33333333,20.66666667,21,21.33333333,21.66666667,22,22.33333333,22.66666667,23,23.33333333,23.66666667,24,24.33333333,24.66666667,25,25.33333333,25.66666667,26,26.33333333,26.66666667,27,27.33333333,27.66666667,28,28.33333333,28.66666667,29,29.33333333,29.66666667],"raw_data":[438.1762,442.813,443.5858,443.5858,444.3586,445.9042,442.813,445.1314,442.813,445.1314,445.1314,442.813,446.677,442.0402,444.3586,445.1314,443.5858,443.5858,445.9042,443.5858,444.3586,445.9042,442.813,443.5858,445.9042,442.813,442.0402,442.0402,444.3586,441.2674,444.3586,444.3586,444.3586,443.5858,445.1314,441.2674,443.5858,447.4498,442.813,443.5858,442.0402,442.813,442.0402,443.5858,444.3586,447.4498,444.3586,445.9042,441.2674,442.813,445.9042,442.813,446.677,444.3586,444.3586,445.1314,444.3586,441.2674,445.1314,442.0402,443.5858,445.1314,443.5858,443.5858,442.0402,445.9042,443.5858,445.9042,445.9042,443.5858,445.9042,445.1314,445.1314,445.9042,443.5858,444.3586,445.1314,442.813,441.2674,444.3586,444.3586,447.4498,444.3586,445.1314,445.9042,442.813,445.1314,442.0402,444.3586,444.3586],"processed_data":[-5.053654156,-2.976457261,-1.367625592,-0.227159152,0.444942062,-0.036806049,-0.113757906,0.123769785,-0.374704072,0.003334078,0.194024156,-0.167286794,0.123769785,-0.180666705,-0.451643378,-0.060220297,-0.334545846,0.053529814,0.184001972,0.153888389,0.016722047,0.170613078,-0.023424949,-0.056883841,-0.846415598,-1.050487304,-1.328160802,-1.753035772,-1.890194847,-1.110698089,-0.7694574,-0.113744562,-0.354620335,-0.585454371,-0.508511234,-0.421535079,-0.210772229,-0.287719198,-0.515211626,-0.675797368,-1.575727455,-2.395358924,-1.244520972,-0.689174768,0.642323019,0.873161679,0.491775447,0.237516725,-0.64568669,-0.89659799,-0.364672376,-0.150559595,0.725954262,0.926687265,0.08028686,0.214108554,-0.692515055,-0.986917735,-1.033755216,-1.030408455,-0.582112762,-0.63898326,-0.766112753,-0.552001953,-0.602186987,-0.150551932,0.230830205,0.659049823,0.986907563,0.635633592,1.114031507,0.776142071,0.612215513,0.876508044,0.518544119,-0.210769719,-0.792881557,-1.405099712,-0.762775239,-0.485101081,-0.056879481,1.107344326,1.28130443,1.077229289,0.391407492,-0.394774862,-0.618919432,-0.647353915,-0.48007831,-0.117092618],"differential_data":[6.231590687,5.529042846,4.123947163,2.718851481,0.285529654,-0.838049951,0.240863751,-0.39141925,-0.18065356,0.853092342,-0.255931309,-0.105381557,-0.020069865,-0.863119745,0.180669611,0.175646299,0.170625166,0.777821727,0.150537862,-0.250919887,0.025087035,-0.060220495,-0.341245379,-1.234485973,-1.490405194,-0.722617806,-1.053822703,-0.843051068,0.963506525,1.681106171,1.49543029,0.622255598,-0.707564713,-0.230836348,0.245878938,0.446608506,0.200723821,-0.456659094,-0.582117254,-1.590773743,-2.579342334,0.496809724,2.559276234,2.830265986,2.34350467,-0.225821359,-0.953467431,-1.706193206,-1.701172073,0.421521472,1.119057593,1.635939957,1.61587029,-0.968501103,-1.068868067,-1.159202873,-1.801539433,-0.511860241,-0.065236079,0.67746368,0.587137792,-0.275999986,0.13047196,0.245888648,0.602175031,1.249525789,1.214402632,1.134116037,-0.035124345,0.190685916,0.210762718,-0.752723991,0.15054896,-0.140507091,-1.630916645,-1.967138513,-1.791494989,0.045159476,1.379997947,1.058843637,2.38866811,2.007275866,-0.045172555,-1.334845407,-2.208006227,-1.515490386,-0.378868579,0.208261683,0.795391945,1.088957076,6.231590687,5.529042846,4.123947163,2.718851481,0.285529654,-0.838049951,0.240863751,-0.39141925,-0.18065356,0.853092342,-0.255931309,-0.105381557,-0.020069865,-0.863119745,0.180669611,0.175646299,0.170625166,0.777821727,0.150537862,-0.250919887,0.025087035,-0.060220495,-0.341245379,-1.234485973,-1.490405194,-0.722617806,-1.053822703,-0.843051068,0.963506525,1.681106171,1.49543029,0.622255598,-0.707564713,-0.230836348,0.245878938,0.446608506,0.200723821,-0.456659094,-0.582117254,-1.590773743,-2.579342334,0.496809724,2.559276234,2.830265986,2.34350467,-0.225821359,-0.953467431,-1.706193206,-1.701172073,0.421521472,1.119057593,1.635939957,1.61587029,-0.968501103,-1.068868067,-1.159202873,-1.801539433,-0.511860241,-0.065236079,0.67746368,0.587137792,-0.275999986,0.13047196,0.245888648,0.602175031,1.249525789,1.214402632,1.134116037,-0.035124345,0.190685916,0.210762718,-0.752723991,0.15054896,-0.140507091,-1.630916645,-1.967138513,-1.791494989,0.045159476,1.379997947,1.058843637,2.38866811,2.007275866,-0.045172555,-1.334845407,-2.208006227,-1.515490386,-0.378868579,0.208261683,0.795391945,1.088957076]}

Slot 10:
Outcome check: Negative
Index Rising data : 0.000000
Index Break data : 0.000000
Index Transition time: 23.333333
{"outcome":{"outcome":"Negative","transition_time":{"x":23.33333333,"y":-5.148397272,"i":70},"plateau_point":{"x":24.33333333,"y":-0.913936268,"i":73},"increase":4.234461004,"suspect_score":3,"arm_width":1,"window_rate":1.076521242,"rise_width":7.333333333,"shape_flag":0,"climbs_fixed":0,"climb_first_i":-1},"peak_features":{"main_peak":{"x":23.66666667,"y":4.937818849,"i":71},"left_arm":{"x":23.33333333,"y":0.799337214,"i":70},"right_arm":{"x":24.33333333,"y":1.074370347,"i":73}},"time_data":[0,0.333333333,0.666666667,1,1.333333333,1.666666667,2,2.333333333,2.666666667,3,3.333333333,3.666666667,4,4.333333333,4.666666667,5,5.333333333,5.666666667,6,6.333333333,6.666666667,7,7.333333333,7.666666667,8,8.333333333,8.666666667,9,9.333333333,9.666666667,10,10.33333333,10.66666667,11,11.33333333,11.66666667,12,12.33333333,12.66666667,13,13.33333333,13.66666667,14,14.33333333,14.66666667,15,15.33333333,15.66666667,16,16.33333333,16.66666667,17,17.33333333,17.66666667,18,18.33333333,18.66666667,19,19.33333333,19.66666667,20,20.33333333,20.66666667,21,21.33333333,21.66666667,22,22.33333333,22.66666667,23,23.33333333,23.66666667,24,24.33333333,24.66666667,25,25.33333333,25.66666667,26,26.33333333,26.66666667,27,27.33333333,27.66666667,28,28.33333333,28.66666667,29,29.33333333,29.66666667],"raw_data":[158.8352,170.086,178.0278,183.3223,185.9696,184.6459,189.2786,182.6605,182.6605,185.3077,188.6168,189.9404,184.6459,186.6314,183.3223,181.9987,183.9841,186.6314,184.6459,192.5877,183.3223,182.6605,191.2641,189.9404,181.9987,181.9987,183.9841,188.6168,187.2932,189.2786,187.2932,185.9696,191.9259,180.675,188.6168,185.3077,183.9841,182.6605,185.9696,178.0278,186.6314,185.9696,191.2641,185.9696,188.6168,185.3077,183.3223,185.9696,182.6605,176.7042,189.2786,184.6459,183.9841,180.0132,183.9841,189.9404,189.9404,187.955,185.9696,183.3223,186.6314,190.6022,183.3223,185.3077,183.9841,191.2641,189.2786,184.6459,181.9987,183.3223,181.3369,182.6605,181.9987,183.9841,191.9259,184.6459,183.3223,182.6605,192.5877,183.9841,183.3223,187.2932,180.675,178.6896,188.6168,193.2495,183.3223,183.3223,185.3077,189.9404],"processed_data":[-26.0278927,-16.7304183,-9.342461174,-3.864021308,-0.295098705,0.063028443,-0.704787746,-1.329355876,-0.676138345,-0.220605165,0.257845065,1.435354852,0.756350298,-0.908209202,-2.037015246,-3.185877614,-1.337955623,-0.426888536,-0.289367412,0.326605727,1.400977395,1.352272991,0.661809153,-1.217627191,-0.564407943,-1.077241906,-1.61299272,-0.300825375,1.008477611,2.804828462,1.931005767,1.237677438,0.985556532,0.318011792,-0.55581097,-0.572999434,-2.58135874,-2.269076195,-3.804711544,-2.360757142,-1.243410713,0.383904791,1.441088061,2.157336941,1.01993432,0.604511079,-2.47535547,-2.776179458,-3.26895822,-2.458165024,-2.652985742,-3.469510033,-2.555577596,-1.088700662,-1.085838285,0.859493437,1.481196086,1.509845882,1.380921467,0.186220375,-0.103143865,-0.81079597,-0.30082947,0.836574934,0.999878987,0.555804496,1.039988794,-0.275045222,-1.693216695,-3.999535102,-5.148397272,-3.466643627,-1.856518039,-0.913936268,-1.140271141,-0.005734662,0.535751079,-0.403966466,-0.690464565,0.197684614,-1.438227071,-3.071274464,-2.973865393,-1.114485373,-0.633167349,-0.848043202,-0.330053031,0.275319767,0.968075192,1.748213242],"differential_data":[27.89242318,25.02814728,19.29959549,13.5710437,5.890574626,-0.614533561,-2.088576478,0.0429741,1.663126066,1.400975116,2.483940025,0.74775785,-3.515346081,-4.190048317,-3.416502618,1.048589434,4.138483617,1.572882318,1.130241394,2.53551721,1.538500897,-1.108752362,-3.854850274,-1.839325645,0.210577928,-1.572877166,1.164624796,3.932205497,4.658480756,1.383792233,-2.350726536,-1.418173852,-1.379498469,-2.312051253,-1.336516839,-3.038321656,-2.544115141,-1.835029206,-0.137521422,3.841951246,4.116992901,4.026748162,2.660148224,-0.631730612,-2.329238793,-5.242934685,-5.071035806,-1.190404124,0.477021651,0.923958716,-1.517017513,0.146112219,3.571214057,2.204608967,2.922291149,3.850551556,0.975528667,-0.150411928,-1.98543826,-2.226097999,-1.495524518,-0.296528408,2.471056356,1.951062685,-0.421155657,0.060164712,-1.246274577,-4.099808235,-5.586734821,-5.182770865,0.799337214,4.937818849,3.829061038,1.074370347,1.362302409,2.51403333,-0.597347705,-1.839323465,0.90247662,-1.12164376,-4.903438618,-2.303457483,2.935183637,3.511047066,0.399663256,0.454671478,1.685044455,1.947192333,2.209340212,2.340414151,27.89242318,25.02814728,19.29959549,13.5710437,5.890574626,-0.614533561,-2.088576478,0.0429741,1.663126066,1.400975116,2.483940025,0.74775785,-3.515346081,-4.190048317,-3.416502618,1.048589434,4.138483617,1.572882318,1.130241394,2.53551721,1.538500897,-1.108752362,-3.854850274,-1.839325645,0.210577928,-1.572877166,1.164624796,3.932205497,4.658480756,1.383792233,-2.350726536,-1.418173852,-1.379498469,-2.312051253,-1.336516839,-3.038321656,-2.544115141,-1.835029206,-0.137521422,3.841951246,4.116992901,4.026748162,2.660148224,-0.631730612,-2.329238793,-5.242934685,-5.071035806,-1.190404124,0.477021651,0.923958716,-1.517017513,0.146112219,3.571214057,2.204608967,2.922291149,3.850551556,0.975528667,-0.150411928,-1.98543826,-2.226097999,-1.495524518,-0.296528408,2.471056356,1.951062685,-0.421155657,0.060164712,-1.246274577,-4.099808235,-5.586734821,-5.182770865,0.799337214,4.937818849,3.829061038,1.074370347,1.362302409,2.51403333,-0.597347705,-1.839323465,0.90247662,-1.12164376,-4.903438618,-2.303457483,2.935183637,3.511047066,0.399663256,0.454671478,1.685044455,1.947192333,2.209340212,2.340414151]}

[len] set(90) was=90 APPLIED
[dash] heap free=97964 maxAlloc=86004 intFree=97964 intLargest=86004 clients=0 ap=0

>>> {"Slot":[321,333,336,342,342,343,439,438,437,436,440,436,441,438,443,440,442,437,439,443,438,438,440...(372 B)
data received from Serial port
[stack]
Receive long json data in 1 receiving
 Control=2128/4096{"Slot":[321,333,336,342,342,343,439,438,437,436,440,436,441,438,443,440,442,437,439,443,438,438,440,438,436,438,438,440,439,438,439,442,438,438,438,440,441,439,439,438,441,438,437,434,438,440,441,437,438,439,439,441,439,441,441,437,438,440,438,438,438,437,436,438,441,441,439,441,442,441,437,441,438,437,440,441,438,438,441,440,441,441,438,440,440,439,439,439,440,439]}0
 Sensor=1520/10240 Display=6080/10240 Network=2208/6144 Input=1488/6144 Setting=7016/8192 | unused=24616 B
Json data received

>>> {"Slot":[610,610,608,610,610,613,714,715,716,715,716,715,718,720,716,716,721,716,719,718,716,720,721...(372 B)
data received from Serial port

Receive long json data in 1 receiving
{"Slot":[610,610,608,610,610,613,714,715,716,715,716,715,718,720,716,716,721,716,719,718,716,720,721,720,721,721,725,721,725,722,725,724,724,725,727,725,725,725,730,726,728,727,729,724,732,728,729,730,733,728,730,730,733,731,731,734,734,735,734,731,737,735,735,737,733,736,736,737,737,737,735,736,741,741,741,740,745,743,741,744,740,741,744,742,747,743,744,744,744,743]}1
Json data received

>>> {"Slot":[479,484,485,480,485,484,582,583,586,584,582,582,583,578,585,587,589,585,581,588,586,583,587...(372 B)
data received from Serial port

Receive long json data in 1 receiving
{"Slot":[479,484,485,480,485,484,582,583,586,584,582,582,583,578,585,587,589,585,581,588,586,583,587,581,587,588,588,588,588,588,588,588,590,587,584,593,584,584,589,587,589,589,589,591,593,589,586,586,596,592,589,587,593,592,595,593,590,594,591,590,590,593,593,595,592,594,593,598,592,594,599,602,602,599,604,603,598,603,602,611,603,603,608,612,609,611,613,615,610,614]}2
Json data received

>>> {"Slot":[548,547,547,547,548,544,656,659,656,659,657,658,659,659,658,660,659,660,658,658,661,662,661...(372 B)
data received from Serial port

Receive long json data in 1 receiving
{"Slot":[548,547,547,547,548,544,656,659,656,659,657,658,659,659,658,660,659,660,658,658,661,662,661,661,657,659,661,659,658,658,659,660,659,662,659,659,660,660,664,662,660,660,661,659,661,660,661,661,661,659,660,664,661,667,662,660,665,661,663,663,663,662,667,664,663,665,661,667,667,663,665,662,664,665,664,663,664,666,665,664,663,665,664,662,665,666,668,664,665,665]}3
Json data received

>>> {"Slot":[34,144,190,212,225,225,324,324,326,329,328,331,329,315,330,333,327,324,330,329,330,324,328,...(371 B)
data received from Serial port

Receive long json data in 1 receiving
{"Slot":[34,144,190,212,225,225,324,324,326,329,328,331,329,315,330,333,327,324,330,329,330,324,328,331,325,324,327,334,334,325,316,326,327,320,319,327,325,326,324,325,329,329,330,326,326,325,329,323,328,321,325,327,326,333,323,326,329,325,331,319,330,329,330,329,328,333,330,328,324,329,331,326,324,325,324,327,322,328,328,332,327,322,326,328,331,327,319,326,326,323]}4
Json data received

>>> {"Slot":[523,529,527,532,517,526,649,634,621,644,641,637,646,639,640,629,643,636,639,646,633,645,643...(372 B)
data received from Serial port

Receive long json data in 1 receiving
{"Slot":[523,529,527,532,517,526,649,634,621,644,641,637,646,639,640,629,643,636,639,646,633,645,643,636,629,639,641,643,635,637,633,631,645,642,624,641,644,644,636,625,639,632,629,640,661,626,637,648,628,638,634,634,632,640,644,631,624,639,638,635,633,645,636,648,629,658,649,636,634,639,652,636,647,645,642,641,648,640,633,638,635,630,640,636,643,633,640,630,635,635]}5
Json data received

>>> {"Slot":[639,640,637,641,638,638,740,741,743,742,741,741,742,739,741,739,740,740,740,740,739,740,739...(372 B)
[dash] heap free=97964 maxAlloc=86004 intFree=97964 intLargest=86004 clients=0 ap=0
data received from Serial port

Receive long json data in 1 receiving
{"Slot":[639,640,637,641,638,638,740,741,743,742,741,741,742,739,741,739,740,740,740,740,739,740,739,741,739,738,736,740,738,736,737,738,738,735,736,737,736,736,737,736,736,736,735,734,736,735,735,734,735,736,734,731,733,736,733,733,736,734,731,733,733,732,733,731,730,731,731,733,730,730,731,732,733,732,730,729,728,729,728,731,730,728,728,729,729,729,729,729,728,725]}6
Json data received

>>> {"Slot":[454,456,455,453,455,454,560,552,555,554,550,556,559,557,553,557,551,560,557,556,552,555,556...(372 B)
data received from Serial port

Receive long json data in 1 receiving
{"Slot":[454,456,455,453,455,454,560,552,555,554,550,556,559,557,553,557,551,560,557,556,552,555,556,555,554,555,555,555,552,553,554,549,558,552,553,553,549,551,554,551,552,556,552,554,552,565,562,565,568,565,561,558,553,552,551,553,550,554,559,557,554,554,554,551,553,555,556,555,553,556,555,551,554,558,552,552,553,555,555,557,555,557,554,553,556,557,557,555,553,559]}7
Json data received

>>> {"Slot":[383,381,386,383,383,382,468,463,469,471,467,465,464,466,467,468,468,466,468,469,466,471,469...(372 B)
data received from Serial port

Receive long json data in 1 receiving
{"Slot":[383,381,386,383,383,382,468,463,469,471,467,465,464,466,467,468,468,466,468,469,466,471,469,468,466,467,465,469,469,470,466,470,470,469,468,471,471,470,468,473,468,473,472,472,475,469,472,474,472,475,473,472,476,473,476,473,471,470,470,476,479,477,477,478,476,479,481,479,478,480,478,480,479,482,485,481,481,482,484,482,484,487,483,487,488,488,486,485,487,489]}8
Json data received

>>> {"Slot":[848,838,842,846,837,846,935,937,938,944,938,940,940,939,941,939,943,934,954,944,942,951,940...(372 B)
data received from Serial port

Receive long json data in 1 receiving
{"Slot":[848,838,842,846,837,846,935,937,938,944,938,940,940,939,941,939,943,934,954,944,942,951,940,939,945,936,939,941,945,935,942,944,941,936,939,943,938,944,945,942,937,941,942,941,941,942,938,943,939,943,935,946,937,943,933,946,941,942,944,950,942,939,942,931,940,942,945,937,939,949,943,930,942,941,941,940,944,934,946,937,939,939,942,933,938,940,944,935,939,937]}9
Json data received

>>> getResult
data received from Serial port
[stack] Control=2128/4096 Sensor=1520/10240 Display=6080/10240 Network=2208/6144 Input=1488/6144 Setting=7016/8192 | unused=24616 B
getResult
finish one round maintenance
<AmpStart/>
<AmpStart>
{"calibration":{"slopes":[1.508,1.622,1.504,1.73,1.542,1.743,1.617,1.59,1.294,1.511],"origins":[0,0,0,0,0,0,0,0,0,0]},"led_power":[150,150,150,150,150,150,150,150,150,150],"units":"nM FAM","device_id":"RPL01015","slots":10,"amplification_time":30,"reading_interval":0.333333,"software_version":"v2.4.5AT1"}
Amplification Time[min],Sensor 1 Fluorescence[nM FAM],Sensor 2 Fluorescence[nM FAM],Sensor 3 Fluorescence[nM FAM],Sensor 4 Fluorescence[nM FAM],Sensor 5 Fluorescence[nM FAM],Temperature[C]
0.00,212.86,376.08,318.48,316.76,22.05,300.06,395.18,285.53,295.98,561.22,65.80
0.33,220.82,376.08,321.81,316.18,93.39,303.50,395.79,286.79,294.44,554.60,65.80
0.67,222.81,374.85,322.47,316.18,123.22,302.35,393.94,286.16,298.30,557.25,65.80
1.00,226.79,376.08,319.15,316.18,137.48,305.22,396.41,284.91,295.98,559.89,65.80
1.33,226.79,376.08,322.47,316.76,145.91,296.62,394.56,286.16,295.98,553.94,65.80
1.67,227.45,377.93,321.81,314.45,145.91,301.78,394.56,285.53,295.21,559.89,65.80
2.00,291.11,440.20,386.97,379.19,210.12,372.35,457.64,352.20,361.67,618.80,65.80
2.33,290.45,440.81,387.63,380.92,210.12,363.74,458.26,347.17,357.81,620.12,65.80
2.67,289.79,441.43,389.63,379.19,211.41,356.28,459.49,349.06,362.44,620.78,65.80
3.00,289.12,440.81,388.30,380.92,213.36,369.48,458.87,348.43,363.99,624.75,65.80
3.33,291.78,441.43,386.97,379.77,212.71,367.76,458.26,345.91,360.90,620.78,65.80
3.67,289.12,440.81,386.97,380.35,214.66,365.46,458.26,349.69,359.35,622.10,65.80
4.00,292.44,442.66,387.63,380.92,213.36,370.63,458.87,351.57,358.58,622.10,65.80
4.33,290.45,443.90,384.31,380.92,204.28,366.61,457.02,350.31,360.12,621.44,65.80
4.67,293.77,441.43,388.96,380.35,214.01,367.18,458.26,347.80,360.90,622.77,65.80
5.00,291.78,441.43,390.29,381.50,215.95,360.87,457.02,350.31,361.67,621.44,65.80
5.33,293.10,444.51,391.62,380.92,212.06,368.90,457.64,346.54,361.67,624.09,65.80
5.67,289.79,441.43,388.96,381.50,210.12,364.89,457.64,352.20,360.12,618.13,65.80
6.00,291.11,443.28,386.30,380.35,214.01,366.61,457.64,350.31,361.67,631.37,65.80
6.33,293.77,442.66,390.96,380.35,213.36,370.63,457.64,349.69,362.44,624.75,65.80
6.67,290.45,441.43,389.63,382.08,214.01,363.17,457.02,347.17,360.12,623.43,65.80
7.00,290.45,443.90,387.63,382.66,210.12,370.05,457.64,349.06,363.99,629.38,65.80
7.33,291.78,444.51,390.29,382.08,212.71,368.90,457.02,349.69,362.44,622.10,65.80
7.67,290.45,443.90,386.30,382.08,214.66,364.89,458.26,349.06,361.67,621.44,65.80
8.00,289.12,444.51,390.29,379.77,210.77,360.87,457.02,348.43,360.12,625.41,65.80
8.33,290.45,444.51,390.96,380.92,210.12,366.61,456.40,349.06,360.90,619.46,65.80
8.67,290.45,446.98,390.96,382.08,212.06,367.76,455.16,349.06,359.35,621.44,65.80
9.00,291.78,444.51,390.96,380.92,216.60,368.90,457.64,349.06,362.44,622.77,65.80
9.33,291.11,446.98,390.96,380.35,216.60,364.31,456.40,347.17,362.44,625.41,65.80
9.67,290.45,445.13,390.96,380.35,210.77,365.46,455.16,347.80,363.21,618.80,65.80
10.00,291.11,446.98,390.96,380.92,204.93,363.17,455.78,348.43,360.12,623.43,65.80
10.33,293.10,446.36,390.96,381.50,211.41,362.02,456.40,345.28,363.21,624.75,65.80
10.67,290.45,446.36,392.29,380.92,212.06,370.05,456.40,350.94,363.21,622.77,65.80
11.00,290.45,446.98,390.29,382.66,207.52,368.33,454.55,347.17,362.44,619.46,65.80
11.33,290.45,448.21,388.30,380.92,206.87,358.00,455.16,347.80,361.67,621.44,65.80
11.67,291.78,446.98,394.28,380.92,212.06,367.76,455.78,347.80,363.99,624.09,65.80
12.00,292.44,446.98,388.30,381.50,210.77,369.48,455.16,345.28,363.99,620.78,65.80
12.33,291.11,446.98,388.30,381.50,211.41,369.48,455.16,346.54,363.21,624.75,65.80
12.67,291.11,450.06,391.62,383.82,210.12,364.89,455.78,348.43,361.67,625.41,65.80
13.00,290.45,447.60,390.29,382.66,210.77,358.58,455.16,346.54,365.53,623.43,65.80
13.33,292.44,448.83,391.62,381.50,213.36,366.61,455.16,347.17,361.67,620.12,65.80
13.67,290.45,448.21,391.62,381.50,213.36,362.59,455.16,349.69,365.53,622.77,65.80
14.00,289.79,449.45,391.62,382.08,214.01,360.87,454.55,347.17,364.76,623.43,65.80
14.33,287.80,446.36,392.95,380.92,211.41,367.18,453.93,348.43,364.76,622.77,65.80
14.67,290.45,451.29,394.28,382.08,211.41,379.23,455.16,347.17,367.08,622.77,65.80
15.00,291.78,448.83,391.62,381.50,210.77,359.15,454.55,355.35,362.44,623.43,65.80
15.33,292.44,449.45,389.63,382.08,213.36,365.46,454.55,353.46,364.76,620.78,65.80
15.67,289.79,450.06,389.63,382.08,209.47,371.77,453.93,355.35,366.31,624.09,65.80
16.00,290.45,451.91,396.28,382.08,212.71,360.30,454.55,357.23,364.76,621.44,65.80
16.33,291.11,448.83,393.62,380.92,208.17,366.04,455.16,355.35,367.08,624.09,65.80
16.67,291.11,450.06,391.62,381.50,210.77,363.74,453.93,352.83,365.53,618.80,65.80
17.00,292.44,450.06,390.29,383.82,212.06,363.74,452.07,350.94,364.76,626.08,65.80
17.33,291.11,451.91,394.28,382.08,211.41,362.59,453.31,347.80,367.85,620.12,65.80
17.67,292.44,450.68,393.62,385.55,215.95,367.18,455.16,347.17,365.53,624.09,65.80
18.00,292.44,450.68,395.61,382.66,209.47,369.48,453.31,346.54,367.85,617.47,65.80
18.33,289.79,452.53,394.28,381.50,211.41,362.02,453.31,347.80,365.53,626.08,65.80
18.67,290.45,452.53,392.29,384.39,213.36,358.00,455.16,345.91,363.99,622.77,65.80
19.00,291.78,453.14,394.95,382.08,210.77,366.61,453.93,348.43,363.21,623.43,65.80
19.33,290.45,452.53,392.95,383.24,214.66,366.04,452.07,351.57,363.21,624.75,65.80
19.67,290.45,450.68,392.29,383.24,206.87,364.31,453.31,350.31,367.85,628.72,65.80
20.00,290.45,454.38,392.29,383.24,214.01,363.17,453.31,348.43,370.17,623.43,65.80
20.33,289.79,453.14,394.28,382.66,213.36,370.05,452.69,348.43,368.62,621.44,65.80
20.67,289.12,453.14,394.28,385.55,214.01,364.89,453.31,348.43,368.62,623.43,65.80
21.00,290.45,454.38,395.61,383.82,213.36,371.77,452.07,346.54,369.40,616.15,65.80
21.33,292.44,451.91,393.62,383.24,212.71,360.87,451.45,347.80,367.85,622.10,65.80
21.67,292.44,453.76,394.95,384.39,215.95,377.51,452.07,349.06,370.17,623.43,65.80
22.00,291.11,453.76,394.28,382.08,214.01,372.35,452.07,349.69,371.72,625.41,65.80
22.33,292.44,454.38,397.61,385.55,212.71,364.89,453.31,349.06,370.17,620.12,65.80
22.67,293.10,454.38,393.62,385.55,210.12,363.74,451.45,347.80,369.40,621.44,65.80
23.00,292.44,454.38,394.95,383.24,213.36,366.61,451.45,349.69,370.94,628.06,65.80
23.33,289.79,453.14,398.27,384.39,214.66,374.07,452.07,349.06,369.40,624.09,65.80
23.67,292.44,453.76,400.27,382.66,211.41,364.89,452.69,346.54,370.94,615.49,65.80
24.00,290.45,456.84,400.27,383.82,210.12,371.20,453.31,348.43,370.17,623.43,65.80
24.33,289.79,456.84,398.27,384.39,210.77,370.05,452.69,350.94,372.49,622.77,65.80
24.67,291.78,456.84,401.60,383.82,210.12,368.33,451.45,347.17,374.81,622.77,65.80
25.00,292.44,456.23,400.93,383.24,212.06,367.76,450.83,347.17,371.72,622.10,65.80
25.33,290.45,459.31,397.61,383.82,208.82,371.77,450.22,347.80,371.72,624.75,65.80
25.67,290.45,458.08,400.93,384.97,212.71,367.18,450.83,349.06,372.49,618.13,65.80
26.00,292.44,456.84,400.27,384.39,212.71,363.17,450.22,349.06,374.03,626.08,65.80
26.33,291.78,458.69,406.25,383.82,215.30,366.04,452.07,350.31,372.49,620.12,65.80
26.67,292.44,456.23,400.93,383.24,212.06,364.31,451.45,349.06,374.03,621.44,65.80
27.00,292.44,456.84,400.93,384.39,208.82,361.45,450.22,350.31,376.35,621.44,65.80
27.33,290.45,458.69,404.26,383.82,211.41,367.18,450.22,348.43,373.26,623.43,65.80
27.67,291.78,457.46,406.91,382.66,212.71,364.89,450.83,347.80,376.35,617.47,65.80
28.00,291.78,460.54,404.92,384.39,214.66,368.90,450.83,349.69,377.13,620.78,65.80
28.33,291.11,458.08,406.25,384.97,212.06,363.17,450.83,350.31,377.13,622.10,65.80
28.67,291.11,458.69,407.58,386.13,206.87,367.18,450.83,350.31,375.58,624.75,65.80
29.00,291.11,458.69,408.91,383.82,211.41,361.45,450.83,349.06,374.81,618.80,65.80
29.33,291.78,458.69,405.59,384.39,211.41,364.31,450.22,347.80,376.35,621.44,65.80
29.67,291.11,458.08,408.24,384.39,209.47,364.31,448.36,351.57,377.90,620.12,65.80
load algo para from flash
Slot 1:
Outcome check: Negative
Index Rising data : 14.333333
Index Break data : 0.000000
Index Transition time: 20.333333
{"outcome":{"outcome":"Negative","transition_time":{"x":20.33333333,"y":-0.754991011,"i":61},"plateau_point":{"x":22,"y":2.089863038,"i":66},"increase":2.844854049,"suspect_score":3,"arm_width":1.666666667,"window_rate":0.421272872,"rise_width":4.333333333,"shape_flag":0,"climbs_fixed":0,"climb_first_i":-1},"peak_features":{"main_peak":{"x":21.66666667,"y":2.226226014,"i":65},"left_arm":{"x":20.33333333,"y":0.572699411,"i":61},"right_arm":{"x":22,"y":0.645904145,"i":66}},"time_data":[0,0.333333333,0.666666667,1,1.333333333,1.666666667,2,2.333333333,2.666666667,3,3.333333333,3.666666667,4,4.333333333,4.666666667,5,5.333333333,5.666666667,6,6.333333333,6.666666667,7,7.333333333,7.666666667,8,8.333333333,8.666666667,9,9.333333333,9.666666667,10,10.33333333,10.66666667,11,11.33333333,11.66666667,12,12.33333333,12.66666667,13,13.33333333,13.66666667,14,14.33333333,14.66666667,15,15.33333333,15.66666667,16,16.33333333,16.66666667,17,17.33333333,17.66666667,18,18.33333333,18.66666667,19,19.33333333,19.66666667,20,20.33333333,20.66666667,21,21.33333333,21.66666667,22,22.33333333,22.66666667,23,23.33333333,23.66666667,24,24.33333333,24.66666667,25,25.33333333,25.66666667,26,26.33333333,26.66666667,27,27.33333333,27.66666667,28,28.33333333,28.66666667,29,29.33333333,29.66666667],"raw_data":[212.8647,220.8223,222.8117,226.7905,226.7905,227.4536,291.114,290.4509,289.7878,289.1247,291.7772,289.1247,292.4403,290.4509,293.7666,291.7772,293.1035,289.7878,291.114,293.7666,290.4509,290.4509,291.7772,290.4509,289.1247,290.4509,290.4509,291.7772,291.114,290.4509,291.114,293.1035,290.4509,290.4509,290.4509,291.7772,292.4403,291.114,291.114,290.4509,292.4403,290.4509,289.7878,287.7984,290.4509,291.7772,292.4403,289.7878,290.4509,291.114,291.114,292.4403,291.114,292.4403,292.4403,289.7878,290.4509,291.7772,290.4509,290.4509,290.4509,289.7878,289.1247,290.4509,292.4403,292.4403,291.114,292.4403,293.1035,292.4403,289.7878,292.4403,290.4509,289.7878,291.7772,292.4403,290.4509,290.4509,292.4403,291.7772,292.4403,292.4403,290.4509,291.7772,291.7772,291.114,291.114,291.114,291.7772,291.114],"processed_data":[-75.73575578,-74.56422281,-70.61386083,-63.88466985,-54.37664986,-39.34857878,-23.42198062,-8.824509328,1.469794798,5.385419177,-0.513851149,0.157889626,0.706193668,1.567403025,1.544437161,1.507117465,1.429606912,1.495630306,0.800922212,0.915749818,0.855468089,0.795188342,0.160766205,-0.516718084,-0.189458277,-0.060279087,-0.077503551,0.11770075,0.777959782,0.887045724,0.887046385,0.536822959,0.476542948,0.677491291,0.631559826,0.620070685,0.809535303,1.039188005,1.042059432,0.838239397,0.111955255,-0.37319114,-0.709060074,-0.401895498,-0.401896159,0.04880276,0.447830134,0.637292375,0.493755126,0.312899767,0.525331968,1.412376635,1.452562737,1.116693142,0.976031415,0.620068174,0.456442168,0.132058016,0.074644279,-0.00286535,-0.574135652,-0.754991011,-0.192336045,0.143533286,0.605712362,1.329129834,2.089863038,1.759732597,1.573137424,1.469794203,1.013352167,0.361704905,0.327254787,0.496629063,0.554046367,0.430605537,0.789443375,1.010488667,1.179855941,1.208562942,1.48414843,1.466927268,1.119575269,0.981780345,0.680355848,0.714803588,0.681789593,0.693271085,0.749248065,0.849720533],"differential_data":[3.514598916,7.682842423,16.01932944,24.35581645,36.80413661,46.43200386,45.78610418,37.33766313,21.31489276,-2.97546892,-7.841294326,1.830067226,2.114270099,1.257365239,-0.09042834,-0.172245372,-0.01723074,-0.94302705,-0.869820731,0.081818816,-0.180842214,-1.042052826,-1.96785964,-0.525336724,0.684658496,0.167932089,0.266969755,1.283195,1.154017461,0.163629903,-0.525334148,-0.615755155,0.211002498,0.232525318,-0.08613091,0.266963216,0.628675981,0.348786193,-0.301422912,-1.395156266,-1.817145806,-1.231522994,-0.043056538,0.460745873,0.676047387,1.274589439,0.882734423,0.068887488,-0.486588912,0.047365263,1.649215302,1.390846153,-0.44352524,-0.714796983,-0.744937451,-0.77938387,-0.732015238,-0.572696834,-0.202385048,-0.973169897,-1.128188492,0.572699411,1.347786445,1.197072611,1.778394823,2.226226014,0.645904145,-0.775088422,-0.434907591,-0.839677885,-1.662133948,-1.029146071,0.202386237,0.34018737,-0.099035288,0.353095513,0.869824694,0.585618849,0.297111412,0.456438733,0.38754649,-0.546859741,-0.727720384,-0.658829132,-0.400465135,0.002150617,-0.032298754,0.101187708,0.234674171,0.301417403,3.514598916,7.682842423,16.01932944,24.35581645,36.80413661,46.43200386,45.78610418,37.33766313,21.31489276,-2.97546892,-7.841294326,1.830067226,2.114270099,1.257365239,-0.09042834,-0.172245372,-0.01723074,-0.94302705,-0.869820731,0.081818816,-0.180842214,-1.042052826,-1.96785964,-0.525336724,0.684658496,0.167932089,0.266969755,1.283195,1.154017461,0.163629903,-0.525334148,-0.615755155,0.211002498,0.232525318,-0.08613091,0.266963216,0.628675981,0.348786193,-0.301422912,-1.395156266,-1.817145806,-1.231522994,-0.043056538,0.460745873,0.676047387,1.274589439,0.882734423,0.068887488,-0.486588912,0.047365263,1.649215302,1.390846153,-0.44352524,-0.714796983,-0.744937451,-0.77938387,-0.732015238,-0.572696834,-0.202385048,-0.973169897,-1.128188492,0.572699411,1.347786445,1.197072611,1.778394823,2.226226014,0.645904145,-0.775088422,-0.434907591,-0.839677885,-1.662133948,-1.029146071,0.202386237,0.34018737,-0.099035288,0.353095513,0.869824694,0.585618849,0.297111412,0.456438733,0.38754649,-0.546859741,-0.727720384,-0.658829132,-0.400465135,0.002150617,-0.032298754,0.101187708,0.234674171,0.301417403]}

Slot 2:
Outcome check: Negative
Index Rising data : 0.000000
Index Break data : 0.000000
Index Transition time: 23.000000
[dash] heap free=83504 maxAlloc=69620 intFree=83504 intLargest=69620 clients=0 ap=0
{"outcome":{"outcome":"Negative","transition_time":{"x":23,"y":12.7628664,"i":69},"plateau_point":{"x":25,"y":16.41663311,"i":75},"increase":3.653766715,"suspect_score":3,"arm_width":1.333333333,"window_rate":1.142301122,"rise_width":7.333333333,"shape_flag":0,"climbs_fixed":0,"climb_first_i":-1},"peak_features":{"main_peak":{"x":24.33333333,"y":3.042577372,"i":73},"left_arm":{"x":23.66666667,"y":1.493268298,"i":71},"right_arm":{"x":25,"y":0.668562257,"i":75}},"time_data":[0,0.333333333,0.666666667,1,1.333333333,1.666666667,2,2.333333333,2.666666667,3,3.333333333,3.666666667,4,4.333333333,4.666666667,5,5.333333333,5.666666667,6,6.333333333,6.666666667,7,7.333333333,7.666666667,8,8.333333333,8.666666667,9,9.333333333,9.666666667,10,10.33333333,10.66666667,11,11.33333333,11.66666667,12,12.33333333,12.66666667,13,13.33333333,13.66666667,14,14.33333333,14.66666667,15,15.33333333,15.66666667,16,16.33333333,16.66666667,17,17.33333333,17.66666667,18,18.33333333,18.66666667,19,19.33333333,19.66666667,20,20.33333333,20.66666667,21,21.33333333,21.66666667,22,22.33333333,22.66666667,23,23.33333333,23.66666667,24,24.33333333,24.66666667,25,25.33333333,25.66666667,26,26.33333333,26.66666667,27,27.33333333,27.66666667,28,28.33333333,28.66666667,29,29.33333333,29.66666667],"raw_data":[376.0789,376.0789,374.8459,376.0789,376.0789,377.9285,440.1973,440.8138,441.4303,440.8138,441.4303,440.8138,442.6634,443.8964,441.4303,441.4303,444.5129,441.4303,443.2799,442.6634,441.4303,443.8964,444.5129,443.8964,444.5129,444.5129,446.979,444.5129,446.979,445.1295,446.979,446.3625,446.3625,446.979,448.2121,446.979,446.979,446.979,450.0616,447.5956,448.8286,448.2121,449.4451,446.3625,451.2947,448.8286,449.4451,450.0616,451.9112,448.8286,450.0616,450.0616,451.9112,450.6782,450.6782,452.5277,452.5277,453.1443,452.5277,450.6782,454.3773,453.1443,453.1443,454.3773,451.9112,453.7608,453.7608,454.3773,454.3773,454.3773,453.1443,453.7608,456.8434,456.8434,456.8434,456.2269,459.3095,458.0764,456.8434,458.693,456.2269,456.8434,458.693,457.4599,460.5425,458.0764,458.693,458.693,458.693,458.0764],"processed_data":[-64.99000984,-68.43319277,-68.09183429,-63.9659344,-56.05549311,-40.69580356,-24.01766307,-8.970237567,1.710816354,5.447317412,0.408379361,0.763348468,0.693956912,1.321153253,1.363853554,1.531992859,1.4759466,1.177029696,1.414567163,1.577371969,1.550682828,2.257946857,2.313990209,3.216086648,3.637778146,3.968722917,4.168896299,4.641298236,4.897518538,5.006947307,4.870831114,5.498032079,5.607457545,6.02113917,5.706206747,6.250663724,6.46684787,6.712390586,6.795129685,7.537096824,7.224833171,7.416997208,7.272875105,7.686556069,7.681216814,8.455204027,8.727436545,9.178484103,8.620674298,9.143782843,9.269224357,9.149127646,9.298589269,10.02720635,10.46491588,11.07609935,10.8572459,11.31896827,11.53515374,11.39904495,11.85543427,11.89012787,12.15435368,12.33316991,12.05026298,12.37053175,12.71749085,12.79489228,12.82425204,12.7628664,13.14986218,13.73969642,14.14537438,15.09017707,16.1737593,16.41663311,16.61946747,16.73956735,16.50470209,16.47534087,15.81611495,16.38192934,16.8329769,17.07851777,17.67902113,17.81780332,17.82554206,17.66380447,17.33259055,16.8319003],"differential_data":[-10.32954878,-4.652736674,6.700887546,18.05451177,34.90519627,48.05674506,47.58834898,38.59271914,21.62633247,-1.953655491,-7.025953417,0.428366327,0.836707177,1.004844963,0.316259409,0.168139569,-0.532444743,-0.092069155,0.600513409,0.204173497,1.020862332,1.144961072,1.437209687,1.985681905,1.128954404,0.79667723,1.008862978,1.092933358,0.548473606,-0.040031136,0.736627158,1.104939647,0.784660637,0.148123803,0.344286832,1.140961684,0.692590292,0.492422723,1.237059358,0.644555228,-0.180149425,0.072062901,0.404338292,0.612512564,1.152971937,1.569329596,1.084920115,-0.160143369,-0.052051891,0.972825088,0.008017206,0.044047368,1.317118063,1.74948992,1.573339487,0.588495032,0.364303391,1.016861755,0.120115008,0.480420794,0.736624383,0.44837912,0.664563068,-0.156136054,0.056042758,1.00084181,0.636540797,0.160141784,-0.048038829,0.48841521,1.465245036,1.493268298,2.025720968,3.042577372,1.989684068,0.668562257,0.484401356,-0.172148073,-0.396339714,-1.032880709,-0.140117298,1.525292929,1.044882638,1.269066352,1.108928334,0.219781395,-0.23099827,-0.739427264,-1.247856259,-1.502070756,-10.32954878,-4.652736674,6.700887546,18.05451177,34.90519627,48.05674506,47.58834898,38.59271914,21.62633247,-1.953655491,-7.025953417,0.428366327,0.836707177,1.004844963,0.316259409,0.168139569,-0.532444743,-0.092069155,0.600513409,0.204173497,1.020862332,1.144961072,1.437209687,1.985681905,1.128954404,0.79667723,1.008862978,1.092933358,0.548473606,-0.040031136,0.736627158,1.104939647,0.784660637,0.148123803,0.344286832,1.140961684,0.692590292,0.492422723,1.237059358,0.644555228,-0.180149425,0.072062901,0.404338292,0.612512564,1.152971937,1.569329596,1.084920115,-0.160143369,-0.052051891,0.972825088,0.008017206,0.044047368,1.317118063,1.74948992,1.573339487,0.588495032,0.364303391,1.016861755,0.120115008,0.480420794,0.736624383,0.44837912,0.664563068,-0.156136054,0.056042758,1.00084181,0.636540797,0.160141784,-0.048038829,0.48841521,1.465245036,1.493268298,2.025720968,3.042577372,1.989684068,0.668562257,0.484401356,-0.172148073,-0.396339714,-1.032880709,-0.140117298,1.525292929,1.044882638,1.269066352,1.108928334,0.219781395,-0.23099827,-0.739427264,-1.247856259,-1.502070756]}

Slot 3:
Outcome check: Negative
Index Rising data : 27.000000
Index Break data : 0.000000
Index Transition time: 22.333333
{"outcome":{"outcome":"Negative","transition_time":{"x":22.33333333,"y":7.008698567,"i":67},"plateau_point":{"x":24.33333333,"y":12.59266471,"i":73},"increase":5.583966144,"suspect_score":3,"arm_width":2,"window_rate":2.081746859,"rise_width":7.333333333,"shape_flag":0,"climbs_fixed":0,"climb_first_i":-1},"peak_features":{"main_peak":{"x":23.66666667,"y":4.080038095,"i":71},"left_arm":{"x":22.33333333,"y":1.334108625,"i":67},"right_arm":{"x":24.33333333,"y":-0.276316457,"i":73}},"time_data":[0,0.333333333,0.666666667,1,1.333333333,1.666666667,2,2.333333333,2.666666667,3,3.333333333,3.666666667,4,4.333333333,4.666666667,5,5.333333333,5.666666667,6,6.333333333,6.666666667,7,7.333333333,7.666666667,8,8.333333333,8.666666667,9,9.333333333,9.666666667,10,10.33333333,10.66666667,11,11.33333333,11.66666667,12,12.33333333,12.66666667,13,13.33333333,13.66666667,14,14.33333333,14.66666667,15,15.33333333,15.66666667,16,16.33333333,16.66666667,17,17.33333333,17.66666667,18,18.33333333,18.66666667,19,19.33333333,19.66666667,20,20.33333333,20.66666667,21,21.33333333,21.66666667,22,22.33333333,22.66666667,23,23.33333333,23.66666667,24,24.33333333,24.66666667,25,25.33333333,25.66666667,26,26.33333333,26.66666667,27,27.33333333,27.66666667,28,28.33333333,28.66666667,29,29.33333333,29.66666667],"raw_data":[318.484,321.8085,322.4734,319.1489,322.4734,321.8085,386.9681,387.633,389.6277,388.2979,386.9681,386.9681,387.633,384.3085,388.9627,390.2925,391.6223,388.9627,386.3032,390.9574,389.6277,387.633,390.2925,386.3032,390.2925,390.9574,390.9574,390.9574,390.9574,390.9574,390.9574,390.9574,392.2872,390.2925,388.2979,394.2819,388.2979,388.2979,391.6223,390.2925,391.6223,391.6223,391.6223,392.9521,394.2819,391.6223,389.6277,389.6277,396.2766,393.617,391.6223,390.2925,394.2819,393.617,395.6117,394.2819,392.2872,394.9468,392.9521,392.2872,392.2872,394.2819,394.2819,395.6117,393.617,394.9468,394.2819,397.6064,393.617,394.9468,398.2713,400.2659,400.2659,398.2713,401.5957,400.9308,397.6064,400.9308,400.2659,406.25,400.9308,400.9308,404.2553,406.9149,404.9202,406.25,407.5798,408.9095,405.5851,408.2447],"processed_data":[-67.36207849,-70.55760082,-69.91775102,-65.44252909,-57.13193502,-41.76166419,-24.44276871,-8.488200927,2.239326246,6.519397686,-0.1899817,-0.909565187,-1.25784381,-0.276334688,0.984367866,1.168576063,1.675158084,2.380348635,1.462165866,1.416115897,0.811669684,0.987249729,1.280839136,1.087988387,1.778784153,2.550176183,2.895575585,3.612280643,3.169014671,3.370500044,3.655457468,2.964660909,3.407923314,3.390652347,2.725757285,2.455190155,2.106910342,2.412013859,2.708482354,2.429282713,3.523047905,4.357763645,4.754971062,5.037046755,4.003732789,4.038276177,4.354894729,4.504565483,4.182194962,4.789519471,5.103251536,5.313370345,5.201115332,5.739366804,6.562568169,6.861912187,6.220047327,5.629993257,5.10901698,5.137799944,5.71634215,5.733615231,6.456069616,6.608617213,7.293655726,7.253360897,7.020212017,7.008698567,7.909617767,9.012017584,9.803558614,10.695842,12.52358401,12.59266471,12.33937304,11.62842959,12.57539427,13.45040088,13.35253853,13.862004,15.19755389,15.60627819,16.22512025,16.53310021,18.60836713,19.22432494,19.73954349,19.95541703,19.87194556,19.48912908],"differential_data":[-9.586566994,-3.833508796,7.6726076,19.178724,35.52129735,49.03374947,49.91019489,40.02314243,22.51139792,-3.643961919,-11.14344431,-1.601793165,0.949845748,3.363317514,2.167366127,1.036185327,1.817658858,-0.319488327,-1.446349107,-0.975744272,-0.643299251,0.703754177,0.151107986,0.746917526,2.193281694,1.675187148,1.593156691,0.410158628,-0.362670898,0.729664196,-0.608758703,-0.37130123,0.638987157,-1.023249044,-1.403193288,-0.928270414,-0.064764444,0.902358018,0.025903281,1.221848327,2.892721399,1.847884736,1.018924664,-1.126857411,-1.498155866,0.52674291,0.699433958,-0.259049651,0.427430983,1.381584861,0.785776312,0.146795694,0.638994688,2.042179256,1.683818074,-0.513781263,-1.847878394,-1.666545521,-0.738289969,0.910987755,0.893722931,1.109591199,1.312502972,1.256379165,0.967115526,-0.410165564,-0.366993495,1.334108625,3.004978527,2.840911271,2.525736623,4.080038095,2.845234066,-0.276316457,-1.446352674,0.354031848,2.732956923,1.165716394,0.61740469,2.767523035,2.616411283,1.541349535,1.390233027,3.57487032,4.036837095,1.696764542,1.096638132,0.198603107,-0.699431917,-1.14844943,-9.586566994,-3.833508796,7.6726076,19.178724,35.52129735,49.03374947,49.91019489,40.02314243,22.51139792,-3.643961919,-11.14344431,-1.601793165,0.949845748,3.363317514,2.167366127,1.036185327,1.817658858,-0.319488327,-1.446349107,-0.975744272,-0.643299251,0.703754177,0.151107986,0.746917526,2.193281694,1.675187148,1.593156691,0.410158628,-0.362670898,0.729664196,-0.608758703,-0.37130123,0.638987157,-1.023249044,-1.403193288,-0.928270414,-0.064764444,0.902358018,0.025903281,1.221848327,2.892721399,1.847884736,1.018924664,-1.126857411,-1.498155866,0.52674291,0.699433958,-0.259049651,0.427430983,1.381584861,0.785776312,0.146795694,0.638994688,2.042179256,1.683818074,-0.513781263,-1.847878394,-1.666545521,-0.738289969,0.910987755,0.893722931,1.109591199,1.312502972,1.256379165,0.967115526,-0.410165564,-0.366993495,1.334108625,3.004978527,2.840911271,2.525736623,4.080038095,2.845234066,-0.276316457,-1.446352674,0.354031848,2.732956923,1.165716394,0.61740469,2.767523035,2.616411283,1.541349535,1.390233027,3.57487032,4.036837095,1.696764542,1.096638132,0.198603107,-0.699431917,-1.14844943]}

Slot 4:
Outcome check: Negative
Index Rising data : 0.000000
Index Break data : 0.000000
Index Transition time: 16.333333
{"outcome":{"outcome":"Negative","transition_time":{"x":16.33333333,"y":1.498922505,"i":49},"plateau_point":{"x":17.66666667,"y":3.325608291,"i":53},"increase":1.826685786,"suspect_score":2,"arm_width":1.333333333,"window_rate":0.511722251,"rise_width":7.666666667,"shape_flag":0,"climbs_fixed":0,"climb_first_i":-1},"peak_features":{"main_peak":{"x":16.66666667,"y":1.779141909,"i":50},"left_arm":{"x":16.33333333,"y":0.664363118,"i":49},"right_arm":{"x":17.66666667,"y":0.548005736,"i":53}},"time_data":[0,0.333333333,0.666666667,1,1.333333333,1.666666667,2,2.333333333,2.666666667,3,3.333333333,3.666666667,4,4.333333333,4.666666667,5,5.333333333,5.666666667,6,6.333333333,6.666666667,7,7.333333333,7.666666667,8,8.333333333,8.666666667,9,9.333333333,9.666666667,10,10.33333333,10.66666667,11,11.33333333,11.66666667,12,12.33333333,12.66666667,13,13.33333333,13.66666667,14,14.33333333,14.66666667,15,15.33333333,15.66666667,16,16.33333333,16.66666667,17,17.33333333,17.66666667,18,18.33333333,18.66666667,19,19.33333333,19.66666667,20,20.33333333,20.66666667,21,21.33333333,21.66666667,22,22.33333333,22.66666667,23,23.33333333,23.66666667,24,24.33333333,24.66666667,25,25.33333333,25.66666667,26,26.33333333,26.66666667,27,27.33333333,27.66666667,28,28.33333333,28.66666667,29,29.33333333,29.66666667],"raw_data":[316.763,316.185,316.185,316.185,316.763,314.4509,379.1907,380.9249,379.1907,380.9249,379.7688,380.3468,380.9249,380.9249,380.3468,381.5029,380.9249,381.5029,380.3468,380.3468,382.0809,382.659,382.0809,382.0809,379.7688,380.9249,382.0809,380.9249,380.3468,380.3468,380.9249,381.5029,380.9249,382.659,380.9249,380.9249,381.5029,381.5029,383.815,382.659,381.5029,381.5029,382.0809,380.9249,382.0809,381.5029,382.0809,382.0809,382.0809,380.9249,381.5029,383.815,382.0809,385.5491,382.659,381.5029,384.3931,382.0809,383.237,383.237,383.237,382.659,385.5491,383.815,383.237,384.3931,382.0809,385.5491,385.5491,383.237,384.3931,382.659,383.815,384.3931,383.815,383.237,383.815,384.9711,384.3931,383.815,383.237,384.3931,383.815,382.659,384.3931,384.9711,386.1272,383.815,384.3931,384.3931],"processed_data":[-63.09634251,-66.86407637,-66.84956213,-63.0527998,-55.47378936,-40.71263777,-24.297451,-9.311088133,1.581483387,5.907984085,0.23023716,0.132643002,0.50799336,0.485473104,0.888354941,0.923387932,0.678152902,0.633109353,0.878337645,1.033478047,1.61652153,1.666568376,1.626536051,1.523941238,1.16110573,0.868334353,0.675650592,0.553035455,0.795761439,0.470458456,0.645622749,1.051002139,1.2486925,1.31875901,1.05351145,1.23367772,1.671581846,1.819218095,2.147020612,2.29715917,1.991877436,1.72913496,1.238682338,1.321258545,1.511434051,1.714121104,1.676586465,1.518940979,1.601517186,1.498922505,2.044425931,2.685017111,2.800123339,3.325608291,3.165460496,2.820141813,2.822644122,2.54488779,2.682514802,3.07787967,3.170465114,3.545811509,3.821065531,3.560825364,3.550816127,3.901139429,3.680936211,4.18139807,4.168886523,3.913650975,3.96619947,3.473244539,3.368147549,3.47074223,3.528295344,3.918655594,3.953687924,3.82607015,3.953687924,4.083808007,3.665922355,3.310594435,3.305589816,3.871111717,4.206421163,4.339043555,4.406605906,4.416615143,4.369071267,4.263974276],"differential_data":[-11.30320157,-5.629829427,5.716914863,17.06365915,33.51024305,46.76450754,47.10232445,38.81840158,22.82860833,-2.02686934,-8.663011625,0.4166343,0.529245154,0.570542373,0.656872242,-0.315303059,-0.435417869,0.300277115,0.600553042,1.107275827,0.949635493,0.015021782,-0.213940707,-0.698145482,-0.983410327,-0.728182706,-0.472948347,0.180166269,-0.123865499,-0.225208035,0.870815525,0.904604627,0.401635306,-0.292771575,-0.127621936,0.927105594,0.878310563,0.713158149,0.716911613,-0.232714764,-0.852036315,-1.129792647,-0.611814623,0.40912757,0.589293839,0.24772862,-0.292770188,-0.112603918,-0.030027712,0.664363118,1.779141909,1.133546111,0.960886769,0.548005736,-0.758199717,-0.51422456,-0.412881034,-0.210193981,0.79948782,0.731925469,0.701897757,0.975900625,0.022520784,-0.405374106,0.510471096,0.195180125,0.420387962,0.731925469,-0.401620642,-0.304030579,-0.660609654,-0.897077882,-0.003753464,0.240221692,0.671870046,0.63808887,-0.138878166,0,0.386606786,-0.431648353,-1.159820358,-0.540498808,0.840775923,1.35124702,0.701897757,0.300277115,0.116357382,-0.056301959,-0.228961301,-0.315290971,-11.30320157,-5.629829427,5.716914863,17.06365915,33.51024305,46.76450754,47.10232445,38.81840158,22.82860833,-2.02686934,-8.663011625,0.4166343,0.529245154,0.570542373,0.656872242,-0.315303059,-0.435417869,0.300277115,0.600553042,1.107275827,0.949635493,0.015021782,-0.213940707,-0.698145482,-0.983410327,-0.728182706,-0.472948347,0.180166269,-0.123865499,-0.225208035,0.870815525,0.904604627,0.401635306,-0.292771575,-0.127621936,0.927105594,0.878310563,0.713158149,0.716911613,-0.232714764,-0.852036315,-1.129792647,-0.611814623,0.40912757,0.589293839,0.24772862,-0.292770188,-0.112603918,-0.030027712,0.664363118,1.779141909,1.133546111,0.960886769,0.548005736,-0.758199717,-0.51422456,-0.412881034,-0.210193981,0.79948782,0.731925469,0.701897757,0.975900625,0.022520784,-0.405374106,0.510471096,0.195180125,0.420387962,0.731925469,-0.401620642,-0.304030579,-0.660609654,-0.897077882,-0.003753464,0.240221692,0.671870046,0.63808887,-0.138878166,0,0.386606786,-0.431648353,-1.159820358,-0.540498808,0.840775923,1.35124702,0.701897757,0.300277115,0.116357382,-0.056301959,-0.228961301,-0.315290971]}

Slot 5:
Outcome check: Negative
Index Rising data : 0.000000
Index Break data : 0.000000
Index Transition time: 7.666667
{"outcome":{"outcome":"Negative","transition_time":{"x":7.666666667,"y":-0.743950187,"i":23},"plateau_point":{"x":8.666666667,"y":1.636723242,"i":26},"increase":2.380673429,"suspect_score":2,"arm_width":1,"window_rate":0.979782121,"rise_width":6,"shape_flag":0,"climbs_fixed":0,"climb_first_i":-1},"peak_features":{"main_peak":{"x":8.333333333,"y":3.486788861,"i":25},"left_arm":{"x":7.666666667,"y":-1.069617333,"i":23},"right_arm":{"x":8.666666667,"y":-0.042111583,"i":26}},"time_data":[0,0.333333333,0.666666667,1,1.333333333,1.666666667,2,2.333333333,2.666666667,3,3.333333333,3.666666667,4,4.333333333,4.666666667,5,5.333333333,5.666666667,6,6.333333333,6.666666667,7,7.333333333,7.666666667,8,8.333333333,8.666666667,9,9.333333333,9.666666667,10,10.33333333,10.66666667,11,11.33333333,11.66666667,12,12.33333333,12.66666667,13,13.33333333,13.66666667,14,14.33333333,14.66666667,15,15.33333333,15.66666667,16,16.33333333,16.66666667,17,17.33333333,17.66666667,18,18.33333333,18.66666667,19,19.33333333,19.66666667,20,20.33333333,20.66666667,21,21.33333333,21.66666667,22,22.33333333,22.66666667,23,23.33333333,23.66666667,24,24.33333333,24.66666667,25,25.33333333,25.66666667,26,26.33333333,26.66666667,27,27.33333333,27.66666667,28,28.33333333,28.66666667,29,29.33333333,29.66666667],"raw_data":[22.04929,93.38522,123.2166,137.4838,145.9144,145.9144,210.1167,210.1167,211.4138,213.3593,212.7108,214.6563,213.3593,204.2802,214.0078,215.9533,212.0623,210.1167,214.0078,213.3593,214.0078,210.1167,212.7108,214.6563,210.7652,210.1167,212.0623,216.6018,216.6018,210.7652,204.9287,211.4138,212.0623,207.5227,206.8742,212.0623,210.7652,211.4138,210.1167,210.7652,213.3593,213.3593,214.0078,211.4138,211.4138,210.7652,213.3593,209.4682,212.7108,208.1712,210.7652,212.0623,211.4138,215.9533,209.4682,211.4138,213.3593,210.7652,214.6563,206.8742,214.0078,213.3593,214.0078,213.3593,212.7108,215.9533,214.0078,212.7108,210.1167,213.3593,214.6563,211.4138,210.1167,210.7652,210.1167,212.0623,208.8197,212.7108,212.7108,215.3048,212.0623,208.8197,211.4138,212.7108,214.6563,212.0623,206.8742,211.4138,211.4138,209.4682],"processed_data":[-171.426884,-136.7375777,-105.8172001,-78.66575121,-55.28323107,-40.67073426,-24.30080757,-9.663045049,1.322295152,6.937085701,0.409888065,-0.261079268,-0.255462382,-0.221771438,-0.575500951,-0.536195763,0.238644885,1.768675239,0.370592126,-0.151584444,0.755203181,0.974177175,0.025275557,-0.743950187,-0.687802666,0.82819198,1.636723242,0.800117592,0.488494609,0.123531986,-1.22401699,-3.455896287,-3.851737282,-3.001095792,-2.043774229,-2.518224213,-2.344166479,-1.268932854,-0.763601526,-0.460402782,0.244255429,0.595180165,0.474461213,0.463232197,-0.51374262,-0.519359308,-1.097683068,-1.327889843,-1.496332672,-1.965167223,-1.22962846,-0.463208087,-0.550236624,0.412700108,-0.176852998,0.373394392,-0.505323072,-1.103299624,-0.393027962,-0.311612018,-0.008411028,0.359358618,0.864690475,2.276812269,1.967996573,1.507584147,0.898379239,0.993830759,0.853460006,0.061773391,-0.067367752,-0.494091216,-0.477246173,-1.751803047,-2.156068084,-1.821990174,-0.786062794,0.216179191,0.381813941,0.061771608,-0.04771529,-0.370567091,0.089846458,-0.662537282,-0.53339746,-0.339685613,-0.608353031,-1.154952818,-1.979484974,-3.0819495],"differential_data":[104.067919,98.41452586,87.10773968,75.80095351,56.99252544,46.47363525,46.51153381,38.43465409,24.90019612,-1.36861063,-10.79724745,-0.998025671,0.058961744,-0.480057853,-0.471636487,1.221218753,3.457306503,0.197920861,-2.880389523,0.576916583,1.688642428,-1.094891437,-2.577191043,-1.069617333,2.358213251,3.486788861,-0.042111583,-1.722342949,-1.014878409,-2.568767399,-5.369142408,-3.941580438,0.682200741,2.71194458,0.72430737,-0.450588375,1.873937037,2.37084743,1.212795109,1.511785433,1.58337442,0.345308675,-0.197921951,-1.48230575,-1.473887258,-0.875910672,-1.212795803,-0.597974406,-0.95591607,0.400056319,2.252938704,1.019087754,1.313862293,0.560075438,-0.058958574,-0.49270511,-2.215041024,0.168442664,1.187531409,0.576925402,1.006455954,1.309652254,2.876180475,1.654959146,-1.153842183,-1.604426,-0.770630081,-0.067378849,-1.398086052,-1.381241637,-0.83379691,-0.614817632,-1.886567747,-2.518232866,-0.10528069,2.055007935,3.057254048,1.751815102,-0.231611376,-0.644293847,-0.648508047,0.206342623,-0.437955287,-0.934865877,0.484277502,-0.112433357,-1.222900807,-2.056697915,-2.890495023,-3.307393577,104.067919,98.41452586,87.10773968,75.80095351,56.99252544,46.47363525,46.51153381,38.43465409,24.90019612,-1.36861063,-10.79724745,-0.998025671,0.058961744,-0.480057853,-0.471636487,1.221218753,3.457306503,0.197920861,-2.880389523,0.576916583,1.688642428,-1.094891437,-2.577191043,-1.069617333,2.358213251,3.486788861,-0.042111583,-1.722342949,-1.014878409,-2.568767399,-5.369142408,-3.941580438,0.682200741,2.71194458,0.72430737,-0.450588375,1.873937037,2.37084743,1.212795109,1.511785433,1.58337442,0.345308675,-0.197921951,-1.48230575,-1.473887258,-0.875910672,-1.212795803,-0.597974406,-0.95591607,0.400056319,2.252938704,1.019087754,1.313862293,0.560075438,-0.058958574,-0.49270511,-2.215041024,0.168442664,1.187531409,0.576925402,1.006455954,1.309652254,2.876180475,1.654959146,-1.153842183,-1.604426,-0.770630081,-0.067378849,-1.398086052,-1.381241637,-0.83379691,-0.614817632,-1.886567747,-2.518232866,-0.10528069,2.055007935,3.057254048,1.751815102,-0.231611376,-0.644293847,-0.648508047,0.206342623,-0.437955287,-0.934865877,0.484277502,-0.112433357,-1.222900807,-2.056697915,-2.890495023,-3.307393577]}

Slot 6:
Outcome check: Negative
Index Rising data : 0.000000
Index Break data : 0.000000
Index Transition time: 13.333333
{"outcome":{"outcome":"Negative","transition_time":{"x":13.33333333,"y":-5.193334274,"i":40},"plateau_point":{"x":14.66666667,"y":1.177232883,"i":44},"increase":6.370567157,"suspect_score":2,"arm_width":1,"window_rate":1.275976866,"rise_width":4.666666667,"shape_flag":0,"climbs_fixed":0,"climb_first_i":-1},"peak_features":{"main_peak":{"x":13.66666667,"y":6.687228512,"i":41},"left_arm":{"x":13.33333333,"y":0.644507668,"i":40},"right_arm":{"x":14.33333333,"y":2.868622223,"i":43}},"time_data":[0,0.333333333,0.666666667,1,1.333333333,1.666666667,2,2.333333333,2.666666667,3,3.333333333,3.666666667,4,4.333333333,4.666666667,5,5.333333333,5.666666667,6,6.333333333,6.666666667,7,7.333333333,7.666666667,8,8.333333333,8.666666667,9,9.333333333,9.666666667,10,10.33333333,10.66666667,11,11.33333333,11.66666667,12,12.33333333,12.66666667,13,13.33333333,13.66666667,14,14.33333333,14.66666667,15,15.33333333,15.66666667,16,16.33333333,16.66666667,17,17.33333333,17.66666667,18,18.33333333,18.66666667,19,19.33333333,19.66666667,20,20.33333333,20.66666667,21,21.33333333,21.66666667,22,22.33333333,22.66666667,23,23.33333333,23.66666667,24,24.33333333,24.66666667,25,25.33333333,25.66666667,26,26.33333333,26.66666667,27,27.33333333,27.66666667,28,28.33333333,28.66666667,29,29.33333333,29.66666667],"raw_data":[300.0574,303.4997,302.3523,305.2209,296.615,301.7785,372.3465,363.7407,356.2823,369.4779,367.7567,365.4619,370.6254,366.6093,367.183,360.872,368.9042,364.8881,366.6093,370.6254,363.167,370.0516,368.9042,364.8881,360.872,366.6093,367.7567,368.9042,364.3144,365.4619,363.167,362.0195,370.0516,368.3304,358.0034,367.7567,369.4779,369.4779,364.8881,358.5771,366.6093,362.5932,360.872,367.183,379.2312,359.1509,365.4619,371.7728,360.2983,366.0356,363.7407,363.7407,362.5932,367.183,369.4779,362.0195,358.0034,366.6093,366.0356,364.3144,363.167,370.0516,364.8881,371.7728,360.872,377.51,372.3465,364.8881,363.7407,366.6093,374.0677,364.8881,371.1991,370.0516,368.3304,367.7567,371.7728,367.183,363.167,366.0356,364.3144,361.4458,367.183,364.8881,368.9042,363.167,367.183,361.4458,364.3144,364.3144],"processed_data":[-66.10488078,-67.66958008,-66.20546715,-61.712542,-54.19080462,-41.39006604,-25.64868838,-10.67227146,0.605992437,4.475525959,-1.035694205,1.671490558,1.68639093,0.096848261,-0.325376436,-1.020803212,-0.787339908,-0.598576798,0.024824795,1.549790023,1.43802699,0.889136508,-0.340275224,-1.294000931,-0.335313277,-1.102762198,-0.514134659,0.22351312,-0.692949964,-1.818041517,-1.023276457,-1.967062946,-1.795691552,-1.457917185,-0.014916622,1.060507506,-0.685500636,-0.392431218,0.049655799,-2.895957121,-5.193334274,-2.466285342,-0.735181932,0.091877859,1.177232883,1.51501227,1.100245488,-0.899096336,-2.5432767,-1.510079652,-3.007723325,-2.520925811,-0.437142773,-1.942229036,-2.11608213,-2.143403949,-2.227853222,-3.626148439,-2.809025884,-1.539878284,0.700376833,-1.135041076,0.15645715,2.582981655,3.727943718,2.85618228,2.031610134,1.944681935,1.835402584,-0.104333919,1.301414325,3.022583008,3.067291656,3.052389698,2.806507589,2.940627986,1.477759291,0.849394563,-0.764978846,-1.780796332,-3.077260864,-1.835438386,-1.36354349,-0.722755597,-0.553867357,-0.715304684,-0.968637746,-1.537395474,-2.42157787,-3.621184933],"differential_data":[-4.6940979,-0.15087956,8.93555712,18.0219938,30.48371394,42.81317436,46.07669186,39.38202122,22.72169614,-2.462529963,-4.206053102,4.083127703,-2.361963445,-3.01765105,-1.676477209,-0.692945208,0.633339622,1.218247054,3.222550231,2.119803292,-0.990980272,-2.66745332,-3.274706159,0.00744292,0.2868581,-0.268232073,1.989412977,-0.268222957,-3.062331955,-0.49548974,-0.223532144,-1.158622643,0.763718642,2.671162395,3.777637036,-1.005876021,-2.179408086,1.102734652,-3.755288855,-7.864485109,0.644507668,6.687228512,3.837244802,2.868622223,2.134701617,-0.115481092,-3.62116291,-5.465283282,-0.916474974,-0.696669938,-1.516269238,3.855870829,0.868045163,-2.518409035,-0.30176237,-0.167656638,-2.224116734,-0.871758994,3.129405232,5.264104075,0.607255812,-0.815879525,5.577034096,5.357229852,0.409800938,-2.544500376,-1.367250517,-0.294311325,-3.073523782,-0.800982389,4.69037539,2.648815997,0.044710035,-0.3911761,-0.167642569,-1.993122448,-3.136850134,-3.364107206,-3.945286342,-3.468423026,-0.081963081,2.570576061,1.669024183,1.2145142,0.011176369,-0.622155583,-1.233136184,-2.179410186,-3.125684188,-3.598821189,-4.6940979,-0.15087956,8.93555712,18.0219938,30.48371394,42.81317436,46.07669186,39.38202122,22.72169614,-2.462529963,-4.206053102,4.083127703,-2.361963445,-3.01765105,-1.676477209,-0.692945208,0.633339622,1.218247054,3.222550231,2.119803292,-0.990980272,-2.66745332,-3.274706159,0.00744292,0.2868581,-0.268232073,1.989412977,-0.268222957,-3.062331955,-0.49548974,-0.223532144,-1.158622643,0.763718642,2.671162395,3.777637036,-1.005876021,-2.179408086,1.102734652,-3.755288855,-7.864485109,0.644507668,6.687228512,3.837244802,2.868622223,2.134701617,-0.115481092,-3.62116291,-5.465283282,-0.916474974,-0.696669938,-1.516269238,3.855870829,0.868045163,-2.518409035,-0.30176237,-0.167656638,-2.224116734,-0.871758994,3.129405232,5.264104075,0.607255812,-0.815879525,5.577034096,5.357229852,0.409800938,-2.544500376,-1.367250517,-0.294311325,-3.073523782,-0.800982389,4.69037539,2.648815997,0.044710035,-0.3911761,-0.167642569,-1.993122448,-3.136850134,-3.364107206,-3.945286342,-3.468423026,-0.081963081,2.570576061,1.669024183,1.2145142,0.011176369,-0.622155583,-1.233136184,-2.179410186,-3.125684188,-3.598821189]}

Slot 7:
Outcome check: Negative
Index Rising data : 0.000000
Index Break data : 0.000000
Index Transition time: 17.333333
{"outcome":{"outcome":"Negative","transition_time":{"x":17.33333333,"y":-5.132176255,"i":52},"plateau_point":{"x":18.33333333,"y":-4.323668773,"i":55},"increase":0.808507482,"suspect_score":3,"arm_width":1,"window_rate":0,"rise_width":3.333333333,"shape_flag":0,"climbs_fixed":0,"climb_first_i":-1},"peak_features":{"main_peak":{"x":18,"y":1.048115916,"i":54},"left_arm":{"x":17.33333333,"y":-0.425677411,"i":52},"right_arm":{"x":18.33333333,"y":-0.365427983,"i":55}},"time_data":[0,0.333333333,0.666666667,1,1.333333333,1.666666667,2,2.333333333,2.666666667,3,3.333333333,3.666666667,4,4.333333333,4.666666667,5,5.333333333,5.666666667,6,6.333333333,6.666666667,7,7.333333333,7.666666667,8,8.333333333,8.666666667,9,9.333333333,9.666666667,10,10.33333333,10.66666667,11,11.33333333,11.66666667,12,12.33333333,12.66666667,13,13.33333333,13.66666667,14,14.33333333,14.66666667,15,15.33333333,15.66666667,16,16.33333333,16.66666667,17,17.33333333,17.66666667,18,18.33333333,18.66666667,19,19.33333333,19.66666667,20,20.33333333,20.66666667,21,21.33333333,21.66666667,22,22.33333333,22.66666667,23,23.33333333,23.66666667,24,24.33333333,24.66666667,25,25.33333333,25.66666667,26,26.33333333,26.66666667,27,27.33333333,27.66666667,28,28.33333333,28.66666667,29,29.33333333,29.66666667],"raw_data":[395.1763,395.7947,393.9394,396.4131,394.5578,394.5578,457.6376,458.256,459.4929,458.8745,458.256,458.256,458.8745,457.0192,458.256,457.0192,457.6376,457.6376,457.6376,457.6376,457.0192,457.6376,457.0192,458.256,457.0192,456.4008,455.1639,457.6376,456.4008,455.1639,455.7823,456.4008,456.4008,454.5455,455.1639,455.7823,455.1639,455.1639,455.7823,455.1639,455.1639,455.1639,454.5455,453.927,455.1639,454.5455,454.5455,453.927,454.5455,455.1639,453.927,452.0717,453.3086,455.1639,453.3086,453.3086,455.1639,453.927,452.0717,453.3086,453.3086,452.6902,453.3086,452.0717,451.4533,452.0717,452.0717,453.3086,451.4533,451.4533,452.0717,452.6902,453.3086,452.6902,451.4533,450.8349,450.2165,450.8349,450.2165,452.0717,451.4533,450.2165,450.2165,450.8349,450.8349,450.8349,450.8349,450.8349,450.2165,448.3612],"processed_data":[-62.56523216,-66.3863764,-66.40056652,-62.60780251,-55.00808438,-40.21129142,-23.72252625,-9.008732651,1.965040595,6.085224366,0.174002115,-0.03749527,-0.489938843,-0.682696454,-0.824590113,-0.982543021,-1.017342307,-0.931673917,-1.025376753,-1.065535112,-1.052148992,-0.993252841,-0.955769857,-1.410889993,-1.53939423,-1.70537762,-2.005221544,-2.471054011,-2.489792068,-2.278294947,-2.380021529,-2.918135606,-2.867269144,-2.875300156,-3.185858788,-3.303658622,-3.258149118,-3.052007502,-3.10555198,-3.193898519,-3.432163519,-3.616889458,-3.841771774,-3.847121069,-4.018458907,-4.152314818,-3.959560114,-3.7480622,-4.173733534,-4.615472835,-4.663664847,-4.738627776,-5.132176255,-5.022412717,-4.446821072,-4.323668773,-4.690439728,-5.022411,-5.108077673,-5.276739608,-5.60335445,-5.71044367,-5.809499105,-6.350286971,-6.342256092,-6.347613314,-6.518953001,-6.476120854,-6.481471867,-6.419898359,-6.176270984,-6.077211058,-5.836267116,-6.195009834,-6.725097656,-7.541641037,-7.937861587,-7.80400462,-7.592503403,-7.549663857,-7.536279059,-7.672815364,-7.753136705,-8.010150067,-7.828106901,-7.480076645,-7.706832238,-8.139727598,-8.778762725,-9.623937618],"differential_data":[-11.46343273,-5.753001543,5.667860829,17.0887232,33.59476663,46.9283372,46.80383816,38.53135027,22.64093553,-2.68655772,-9.184079455,-0.995911437,-0.967801775,-0.501976905,-0.44976985,-0.289128291,0.076303655,-0.012051669,-0.200791792,-0.040158358,0.108423406,0.144568703,-0.626455728,-0.87543656,-0.441731441,-0.698740972,-1.148514587,-0.726855786,0.289138596,0.164655809,-0.959760988,-0.730871423,0.064253175,-0.477884466,-0.642537699,-0.108435495,0.37747668,0.228895708,-0.212836526,-0.489917309,-0.634486409,-0.614412382,-0.345347417,-0.2650307,-0.457790622,0.088348191,0.606378927,-0.32126013,-1.301115953,-0.734896969,-0.184732412,-0.702767112,-0.425677411,1.028032774,1.048115916,-0.365427983,-1.04811334,-0.626456917,-0.381492912,-0.742915166,-0.650556094,-0.309216982,-0.959764951,-0.799135481,0.004010485,-0.265045364,-0.19276131,0.056221702,0.084333742,0.457801323,0.514030952,0.510005802,-0.176698165,-1.33324581,-2.019946804,-1.819145896,-0.393545374,0.518037276,0.381511143,0.084336516,-0.18472726,-0.325286469,-0.506002055,-0.112455294,0.795110133,0.181911994,-0.989476429,-1.60789573,-2.22631503,-2.53552468,-11.46343273,-5.753001543,5.667860829,17.0887232,33.59476663,46.9283372,46.80383816,38.53135027,22.64093553,-2.68655772,-9.184079455,-0.995911437,-0.967801775,-0.501976905,-0.44976985,-0.289128291,0.076303655,-0.012051669,-0.200791792,-0.040158358,0.108423406,0.144568703,-0.626455728,-0.87543656,-0.441731441,-0.698740972,-1.148514587,-0.726855786,0.289138596,0.164655809,-0.959760988,-0.730871423,0.064253175,-0.477884466,-0.642537699,-0.108435495,0.37747668,0.228895708,-0.212836526,-0.489917309,-0.634486409,-0.614412382,-0.345347417,-0.2650307,-0.457790622,0.088348191,0.606378927,-0.32126013,-1.301115953,-0.734896969,-0.184732412,-0.702767112,-0.425677411,1.028032774,1.048115916,-0.365427983,-1.04811334,-0.626456917,-0.381492912,-0.742915166,-0.650556094,-0.309216982,-0.959764951,-0.799135481,0.004010485,-0.265045364,-0.19276131,0.056221702,0.084333742,0.457801323,0.514030952,0.510005802,-0.176698165,-1.33324581,-2.019946804,-1.819145896,-0.393545374,0.518037276,0.381511143,0.084336516,-0.18472726,-0.325286469,-0.506002055,-0.112455294,0.795110133,0.181911994,-0.989476429,-1.60789573,-2.22631503,-2.53552468]}

Slot 8:
Outcome check: Negative
Index Rising data : 0.000000
Index Break data : 0.000000
Index Transition time: 13.666667
{"outcome":{"outcome":"Negative","transition_time":{"x":13.66666667,"y":-1.837797355,"i":41},"plateau_point":{"x":16,"y":7.100633497,"i":48},"increase":8.938430852,"suspect_score":2,"arm_width":1.666666667,"window_rate":2.405452745,"rise_width":3,"shape_flag":0,"climbs_fixed":0,"climb_first_i":-1},"peak_features":{"main_peak":{"x":15,"y":6.277051059,"i":45},"left_arm":{"x":14,"y":2.52389031,"i":42},"right_arm":{"x":15.66666667,"y":2.838352946,"i":47}},"time_data":[0,0.333333333,0.666666667,1,1.333333333,1.666666667,2,2.333333333,2.666666667,3,3.333333333,3.666666667,4,4.333333333,4.666666667,5,5.333333333,5.666666667,6,6.333333333,6.666666667,7,7.333333333,7.666666667,8,8.333333333,8.666666667,9,9.333333333,9.666666667,10,10.33333333,10.66666667,11,11.33333333,11.66666667,12,12.33333333,12.66666667,13,13.33333333,13.66666667,14,14.33333333,14.66666667,15,15.33333333,15.66666667,16,16.33333333,16.66666667,17,17.33333333,17.66666667,18,18.33333333,18.66666667,19,19.33333333,19.66666667,20,20.33333333,20.66666667,21,21.33333333,21.66666667,22,22.33333333,22.66666667,23,23.33333333,23.66666667,24,24.33333333,24.66666667,25,25.33333333,25.66666667,26,26.33333333,26.66666667,27,27.33333333,27.66666667,28,28.33333333,28.66666667,29,29.33333333,29.66666667],"raw_data":[285.5346,286.7925,286.1635,284.9057,286.1635,285.5346,352.2013,347.1698,349.0566,348.4277,345.912,349.6855,351.5724,350.3145,347.7988,350.3145,346.5409,352.2013,350.3145,349.6855,347.1698,349.0566,349.6855,349.0566,348.4277,349.0566,349.0566,349.0566,347.1698,347.7988,348.4277,345.2831,350.9434,347.1698,347.7988,347.7988,345.2831,346.5409,348.4277,346.5409,347.1698,349.6855,347.1698,348.4277,347.1698,355.3459,353.4591,355.3459,357.2327,355.3459,352.8302,350.9434,347.7988,347.1698,346.5409,347.7988,345.912,348.4277,351.5724,350.3145,348.4277,348.4277,348.4277,346.5409,347.7988,349.0566,349.6855,349.0566,347.7988,349.6855,349.0566,346.5409,348.4277,350.9434,347.1698,347.1698,347.7988,349.0566,349.0566,350.3145,349.0566,350.3145,348.4277,347.7988,349.6855,350.3145,350.3145,349.0566,347.7988,351.5724],"processed_data":[-62.994377,-66.24575917,-65.86377291,-61.84841824,-54.19969514,-39.52464803,-23.11799139,-8.8948968,0.999189501,4.805449118,-0.677954207,0.010875884,0.51729052,0.272251674,0.577188203,0.206905877,0.353923979,0.432881409,0.503668186,0.225959282,0.370257357,-0.525489708,-0.430197712,-0.261393493,0.198730997,-0.198774858,-0.590836166,-0.476482969,-1.315054757,-1.35044088,-1.426671808,-1.36677254,-0.887589492,-1.197970568,-1.731611904,-1.682603184,-2.521177482,-2.474892753,-2.134565609,-1.810574486,-1.113577574,-1.837797355,-1.323220389,-0.155203815,1.023697494,2.812474899,5.2083982,6.580606832,7.100633497,5.48066401,4.048555052,1.609067578,-0.351234733,-1.824185062,-2.706323136,-2.368714832,-1.200700108,-0.359400365,0.23413905,0.574472799,0.424728592,-0.623491295,-1.513798305,-1.394004128,-0.865818833,-0.775973894,-0.411139946,0.250462916,-0.138878232,-0.819535689,-0.620780251,-0.473754883,-0.563602464,-1.072731712,-1.042781681,-0.912099467,-0.922993978,-0.890325109,0.182394185,0.61529541,0.372983858,0.008154138,-0.106195359,-0.024515259,0.367543803,0.002705363,0.156535399,0.40838195,0.758245017,1.2061246],"differential_data":[-9.754146507,-4.304093874,6.596011392,17.49611666,33.48565531,46.62255562,45.94462685,36.17577134,20.55051888,-2.515715562,-7.191859852,1.792867091,0.392063686,0.089846524,-0.098018696,-0.334896335,0.338963298,0.224616311,-0.31038319,-0.200116244,-1.127173486,-1.200682603,0.396144322,0.943393063,0.093927953,-1.184350744,-0.416562167,-1.086327887,-1.310936866,-0.167425577,-0.02449749,0.808623475,0.253202959,-1.266033618,-0.726948924,-1.184348366,-1.188434353,0.579917809,0.9964774,1.531482052,-0.040834303,-0.314464222,2.52389031,3.520376825,4.451518071,6.277051059,5.6521979,2.838352946,-1.649914234,-4.578117668,-5.807394647,-6.599684678,-5.14987896,-3.532632605,-0.816794656,2.258434543,3.0139717,2.152258737,1.400809746,0.285884312,-1.796946142,-2.907790345,-1.155769249,0.971969208,0.927045351,0.68201833,1.539655215,0.408392572,-1.604997907,-0.722853029,0.518671209,0.085766681,-0.898465243,-0.718768826,0.240948367,0.179681555,0.032661537,1.658082244,2.258430778,0.28588451,-0.910711908,-0.718768826,-0.049004096,0.710608742,0.040830934,-0.316512606,0.60851488,0.902564428,1.196613976,1.34363875,-9.754146507,-4.304093874,6.596011392,17.49611666,33.48565531,46.62255562,45.94462685,36.17577134,20.55051888,-2.515715562,-7.191859852,1.792867091,0.392063686,0.089846524,-0.098018696,-0.334896335,0.338963298,0.224616311,-0.31038319,-0.200116244,-1.127173486,-1.200682603,0.396144322,0.943393063,0.093927953,-1.184350744,-0.416562167,-1.086327887,-1.310936866,-0.167425577,-0.02449749,0.808623475,0.253202959,-1.266033618,-0.726948924,-1.184348366,-1.188434353,0.579917809,0.9964774,1.531482052,-0.040834303,-0.314464222,2.52389031,3.520376825,4.451518071,6.277051059,5.6521979,2.838352946,-1.649914234,-4.578117668,-5.807394647,-6.599684678,-5.14987896,-3.532632605,-0.816794656,2.258434543,3.0139717,2.152258737,1.400809746,0.285884312,-1.796946142,-2.907790345,-1.155769249,0.971969208,0.927045351,0.68201833,1.539655215,0.408392572,-1.604997907,-0.722853029,0.518671209,0.085766681,-0.898465243,-0.718768826,0.240948367,0.179681555,0.032661537,1.658082244,2.258430778,0.28588451,-0.910711908,-0.718768826,-0.049004096,0.710608742,0.040830934,-0.316512606,0.60851488,0.902564428,1.196613976,1.34363875]}

Slot 9:
Outcome check: Negative
Index Rising data : 0.000000
Index Break data : 0.000000
Index Transition time: 19.000000
{"outcome":{"outcome":"Negative","transition_time":{"x":19,"y":3.894118272,"i":57},"plateau_point":{"x":20.33333333,"y":8.28668094,"i":61},"increase":4.392562668,"suspect_score":3,"arm_width":1.333333333,"window_rate":1.609156621,"rise_width":5.333333333,"shape_flag":0,"climbs_fixed":0,"climb_first_i":-1},"peak_features":{"main_peak":{"x":19.66666667,"y":4.466162347,"i":59},"left_arm":{"x":19,"y":1.580720381,"i":57},"right_arm":{"x":20.33333333,"y":1.585738541,"i":61}},"time_data":[0,0.333333333,0.666666667,1,1.333333333,1.666666667,2,2.333333333,2.666666667,3,3.333333333,3.666666667,4,4.333333333,4.666666667,5,5.333333333,5.666666667,6,6.333333333,6.666666667,7,7.333333333,7.666666667,8,8.333333333,8.666666667,9,9.333333333,9.666666667,10,10.33333333,10.66666667,11,11.33333333,11.66666667,12,12.33333333,12.66666667,13,13.33333333,13.66666667,14,14.33333333,14.66666667,15,15.33333333,15.66666667,16,16.33333333,16.66666667,17,17.33333333,17.66666667,18,18.33333333,18.66666667,19,19.33333333,19.66666667,20,20.33333333,20.66666667,21,21.33333333,21.66666667,22,22.33333333,22.66666667,23,23.33333333,23.66666667,24,24.33333333,24.66666667,25,25.33333333,25.66666667,26,26.33333333,26.66666667,27,27.33333333,27.66666667,28,28.33333333,28.66666667,29,29.33333333,29.66666667],"raw_data":[295.9814,294.4359,298.2998,295.9814,295.9814,295.2086,361.6692,357.8052,362.442,363.9876,360.8964,359.3508,358.578,360.1236,360.8964,361.6692,361.6692,360.1236,361.6692,362.442,360.1236,363.9876,362.442,361.6692,360.1236,360.8964,359.3508,362.442,362.442,363.2148,360.1236,363.2148,363.2148,362.442,361.6692,363.9876,363.9876,363.2148,361.6692,365.5332,361.6692,365.5332,364.7604,364.7604,367.0788,362.442,364.7604,366.306,364.7604,367.0788,365.5332,364.7604,367.8516,365.5332,367.8516,365.5332,363.9876,363.2148,363.2148,367.8516,370.17,368.6244,368.6244,369.3972,367.8516,370.17,371.7156,370.17,369.3972,370.9428,369.3972,370.9428,370.17,372.4884,374.8068,371.7156,371.7156,372.4884,374.034,372.4884,374.034,376.3524,373.2612,376.3524,377.1252,377.1252,375.5796,374.8068,376.3524,377.898],"processed_data":[-64.23986835,-67.81347508,-67.59502021,-63.58450372,-55.78192561,-40.97164679,-24.41504091,-8.487381708,2.783418465,6.5370058,0.147207285,-0.020069998,-0.889892314,-0.812949044,-0.250912357,0.244209983,0.87650276,0.518541212,0.692507921,1.006987865,1.498772163,1.652663062,1.421824402,0.69919933,0.414836273,-0.234181854,0.434914197,0.632301099,1.127430045,1.55230409,2.017324208,1.545610436,1.622554234,1.970481311,2.69644852,2.121026109,2.629534437,2.552586015,2.743276753,2.729890898,2.900509657,3.994472487,4.322332209,3.967716101,4.556518158,4.01455411,4.365825306,4.666914903,4.486261145,5.446402414,5.205530736,5.486547693,5.964945607,5.787637289,5.603638092,4.506333785,3.429102117,3.894118272,4.482915705,5.864582409,7.46035727,8.28668094,8.517516297,8.437225738,8.698170055,9.11300461,9.578020765,9.618166044,9.865728601,9.343839967,9.10631373,10.12667292,10.93961483,11.32768586,11.7492113,12.07037354,12.15735497,11.74586586,12.24433641,12.90673353,13.38513144,13.94716535,14.71996198,15.56970373,15.51952213,15.28534134,15.48573319,15.72627032,16.00695274,16.32778043],"differential_data":[-10.7208202,-5.032727784,6.343457051,17.71964189,33.91928539,47.05032705,48.72639763,40.79768907,22.53658126,-3.954316771,-9.835613697,-1.555649398,-1.18931857,0.958469936,1.585738541,1.691122674,0.411496844,-0.275992257,0.732669979,1.209396362,0.968512795,-0.115421642,-1.430195598,-1.510482194,-1.400071776,0.030116886,1.29972443,1.038773772,1.380004486,1.334841245,-0.010040481,-0.592154961,0.637306312,1.610841429,0.225817197,-0.100371125,0.647339858,0.170613475,0.265957325,0.235849356,1.896872384,2.132733828,-0.040134579,0.351278924,0.070257013,-0.286039278,0.978541188,0.180653758,1.169231266,1.078904387,0.060217919,1.139122307,0.451634395,-0.541961274,-1.921955257,-3.261803961,-0.918323269,1.580720381,2.955696205,4.466162347,3.633147797,1.585738541,0.225817197,0.270980637,1.013668308,1.319776064,0.757742151,0.431561755,-0.411489115,-1.139122307,1.174249426,2.749951647,1.801519419,1.214394706,1.114031507,0.612215513,-0.486761514,0.130472158,1.741301499,1.71119254,1.560647742,2.002245816,2.433807571,1.199340226,-0.426543595,-0.050683415,0.66139348,0.781829319,0.902265157,0.962483077,-10.7208202,-5.032727784,6.343457051,17.71964189,33.91928539,47.05032705,48.72639763,40.79768907,22.53658126,-3.954316771,-9.835613697,-1.555649398,-1.18931857,0.958469936,1.585738541,1.691122674,0.411496844,-0.275992257,0.732669979,1.209396362,0.968512795,-0.115421642,-1.430195598,-1.510482194,-1.400071776,0.030116886,1.29972443,1.038773772,1.380004486,1.334841245,-0.010040481,-0.592154961,0.637306312,1.610841429,0.225817197,-0.100371125,0.647339858,0.170613475,0.265957325,0.235849356,1.896872384,2.132733828,-0.040134579,0.351278924,0.070257013,-0.286039278,0.978541188,0.180653758,1.169231266,1.078904387,0.060217919,1.139122307,0.451634395,-0.541961274,-1.921955257,-3.261803961,-0.918323269,1.580720381,2.955696205,4.466162347,3.633147797,1.585738541,0.225817197,0.270980637,1.013668308,1.319776064,0.757742151,0.431561755,-0.411489115,-1.139122307,1.174249426,2.749951647,1.801519419,1.214394706,1.114031507,0.612215513,-0.486761514,0.130472158,1.741301499,1.71119254,1.560647742,2.002245816,2.433807571,1.199340226,-0.426543595,-0.050683415,0.66139348,0.781829319,0.902265157,0.962483077]}

Slot 10:
Outcome check: Negative
Index Rising data : 8.333333
Index Break data : 0.000000
Index Transition time: 21.666667
{"outcome":{"outcome":"Negative","transition_time":{"x":21.66666667,"y":0.085947012,"i":65},"plateau_point":{"x":22.33333333,"y":3.360631373,"i":67},"increase":3.274684361,"suspect_score":3,"arm_width":0.666666667,"window_rate":0.752776241,"rise_width":4,"shape_flag":0,"climbs_fixed":0,"climb_first_i":-1},"peak_features":{"main_peak":{"x":22,"y":4.912026542,"i":66},"left_arm":{"x":21.66666667,"y":1.199012261,"i":65},"right_arm":{"x":22.33333333,"y":1.400964514,"i":67}},"time_data":[0,0.333333333,0.666666667,1,1.333333333,1.666666667,2,2.333333333,2.666666667,3,3.333333333,3.666666667,4,4.333333333,4.666666667,5,5.333333333,5.666666667,6,6.333333333,6.666666667,7,7.333333333,7.666666667,8,8.333333333,8.666666667,9,9.333333333,9.666666667,10,10.33333333,10.66666667,11,11.33333333,11.66666667,12,12.33333333,12.66666667,13,13.33333333,13.66666667,14,14.33333333,14.66666667,15,15.33333333,15.66666667,16,16.33333333,16.66666667,17,17.33333333,17.66666667,18,18.33333333,18.66666667,19,19.33333333,19.66666667,20,20.33333333,20.66666667,21,21.33333333,21.66666667,22,22.33333333,22.66666667,23,23.33333333,23.66666667,24,24.33333333,24.66666667,25,25.33333333,25.66666667,26,26.33333333,26.66666667,27,27.33333333,27.66666667,28,28.33333333,28.66666667,29,29.33333333,29.66666667],"raw_data":[561.2177,554.5996,557.2468,559.8941,553.9378,559.8941,618.7955,620.1191,620.7809,624.7518,620.7809,622.1046,622.1046,621.4427,622.7664,621.4427,624.09,618.1337,631.3699,624.7518,623.4282,629.3845,622.1046,621.4427,625.4136,619.4573,621.4427,622.7664,625.4136,618.7955,623.4282,624.7518,622.7664,619.4573,621.4427,624.09,620.7809,624.7518,625.4136,623.4282,620.1191,622.7664,623.4282,622.7664,622.7664,623.4282,620.7809,624.09,621.4427,624.09,618.7955,626.0754,620.1191,624.09,617.4719,626.0754,622.7664,623.4282,624.7518,628.7227,623.4282,621.4427,623.4282,616.1483,622.1046,623.4282,625.4136,620.1191,621.4427,628.0609,624.09,615.4864,623.4282,622.7664,622.7664,622.1046,624.7518,618.1337,626.0754,620.1191,621.4427,621.4427,623.4282,617.4719,620.7809,622.1046,624.7518,618.7955,621.4427,620.1191],"processed_data":[-61.90735344,-66.21114317,-66.62857005,-63.1596341,-55.80433529,-40.79463784,-24.42119622,-9.445876877,2.217509216,5.993571756,0.893885229,0.982689267,0.550074722,0.790727095,-0.011474609,0.744879388,1.856499742,2.226080824,3.71301798,4.707172608,4.21726534,4.624098212,2.303450151,1.882293305,0.7764055,0.538608039,0.879543288,0.638876382,0.733423803,2.034136884,1.610110328,0.810780447,0.776393081,0.92250966,0.220588981,0.678992069,1.988298424,2.475355008,2.071391052,1.721861472,1.756230342,0.985542066,1.160300515,1.223335035,1.790595777,1.186090643,1.532755534,0.776393081,1.174624224,0.839427337,1.638757483,0.340921509,0.661801557,0.595912917,1.123064049,0.478441115,2.409443645,3.334836753,4.125571775,3.787498045,2.816269912,1.2376635,-0.289381944,-0.484194537,0.234922203,0.085947012,1.03426371,3.360631373,1.968240053,1.234793527,0.779247466,1.137365564,0.329439238,0.372427011,0.567254401,2.074244908,1.145992923,0.954042377,0.492783584,0.902473483,0.220598758,0.146111559,-1.200440774,0.06302263,-0.114605792,0.005723565,-0.102284221,-0.271888634,-0.503089674,-0.79588734],"differential_data":[-12.91136919,-7.081824919,4.577263612,16.23635214,33.54749439,47.07470862,47.02314144,39.95805815,23.15917295,-1.985435981,-7.516323734,-0.51571576,-0.287943258,-0.842323997,-0.06877156,2.801961527,2.221802154,2.784777356,3.721637676,0.75637104,-0.124611594,-2.870722783,-4.112707361,-2.290566977,-2.015527899,0.154706682,0.150402515,-0.219179228,2.092890752,1.315029788,-1.835034655,-1.250575871,0.16759382,-0.83370615,-0.365276386,2.651564165,2.694544408,0.124638941,-1.130240304,-0.472741065,-1.104479109,-0.893894741,0.356689453,0.945442893,-0.055866588,-0.386760365,-0.614546342,-0.537196964,0.094551384,0.696199888,-0.747758742,-1.465433889,0.382487111,0.691893739,-0.176207703,1.929569393,4.284593458,2.574192196,0.678991937,-1.963952795,-3.824751817,-4.658477783,-2.582787055,0.78645622,0.855212323,1.199012261,4.912026542,1.400964514,-3.188756769,-1.783488881,-0.146141944,-0.674712342,-1.147407829,0.356722745,2.552726845,0.868107783,-1.680303797,-0.979814009,-0.077353341,-0.408277239,-1.134542886,-2.131559298,-0.124633393,1.628752473,-0.085948597,0.018482357,-0.416418298,-0.601208179,-0.78599806,-0.878393,-12.91136919,-7.081824919,4.577263612,16.23635214,33.54749439,47.07470862,47.02314144,39.95805815,23.15917295,-1.985435981,-7.516323734,-0.51571576,-0.287943258,-0.842323997,-0.06877156,2.801961527,2.221802154,2.784777356,3.721637676,0.75637104,-0.124611594,-2.870722783,-4.112707361,-2.290566977,-2.015527899,0.154706682,0.150402515,-0.219179228,2.092890752,1.315029788,-1.835034655,-1.250575871,0.16759382,-0.83370615,-0.365276386,2.651564165,2.694544408,0.124638941,-1.130240304,-0.472741065,-1.104479109,-0.893894741,0.356689453,0.945442893,-0.055866588,-0.386760365,-0.614546342,-0.537196964,0.094551384,0.696199888,-0.747758742,-1.465433889,0.382487111,0.691893739,-0.176207703,1.929569393,4.284593458,2.574192196,0.678991937,-1.963952795,-3.824751817,-4.658477783,-2.582787055,0.78645622,0.855212323,1.199012261,4.912026542,1.400964514,-3.188756769,-1.783488881,-0.146141944,-0.674712342,-1.147407829,0.356722745,2.552726845,0.868107783,-1.680303797,-0.979814009,-0.077353341,-0.408277239,-1.134542886,-2.131559298,-0.124633393,1.628752473,-0.085948597,0.018482357,-0.416418298,-0.601208179,-0.78599806,-0.878393]}

[len] set(90) was=90 APPLIED

>>> {"Slot":[420,447,456,461,464,468,466,466,469,463,465,470,465,469,466,470,468,468,470,467,464,468,467...(372 B)
data received from Serial port

Receive long json data in 1 receiving
{"Slot":[420,447,456,461,464,468,466,466,469,463,465,470,465,469,466,470,468,468,470,467,464,468,467,469,470,462,468,470,467,468,472,463,465,466,468,465,466,469,469,468,469,467,471,466,463,471,467,466,467,469,467,466,469,469,470,469,472,471,473,474,478,482,486,490,502,512,528,533,548,560,576,582,593,603,607,607,612,614,621,621,619,623,619,621,626,624,629,626,623,626]}0
Json data received

>>> {"Slot":[426,444,456,459,466,468,473,469,468,469,472,477,468,471,471,470,470,473,473,470,464,469,473...(372 B)
data received from Serial port
[stack]
Receive long json data in 1 receiving
{"Slot":[426,444,456,459,466,468,473,469,468,469,472,477,468,471,471,470,470,473,473,470,464,469,473,473,469,474,468,471,467,469,474,469,469,472,472,468,471,472,472,469,467,467,470,469,473,470,471,473,470,476,472,466,474,472,475,474,472,473,474,473,477,477,481,483,492,494,507,512,522,541,551,561,578,592,603,610,616,621,621,627,632,633,634,636,636,639,641,638,645,640]}1
 Control=2128/4096 Sensor=1520/10240 Display=6080/10240 Network=2208/6144 Input=1488/6144 Setting=7016/8192 | unused=24616 B
Json data received

>>> {"Slot":[482,502,510,524,521,523,532,527,526,528,525,529,530,524,529,529,526,523,528,524,524,528,530...(372 B)
data received from Serial port

Receive long json data in 1 receiving[dash] heap free=97964 maxAlloc=86004 intFree=97964 intLargest=86004 clients=0 ap=0

{"Slot":[482,502,510,524,521,523,532,527,526,528,525,529,530,524,529,529,526,523,528,524,524,528,530,524,526,528,526,525,528,523,525,527,524,529,527,530,528,525,530,525,519,530,528,529,530,530,529,525,527,527,522,527,526,524,527,525,527,526,527,527,527,530,535,529,532,532,536,538,545,548,558,562,576,583,595,609,627,637,649,654,657,665,666,673,676,678,679,677,679,678]}2
Json data received

>>> {"Slot":[660,685,695,702,705,707,711,708,711,710,711,708,713,708,712,712,711,705,709,715,712,704,716...(372 B)
data received from Serial port

Receive long json data in 1 receiving
{"Slot":[660,685,695,702,705,707,711,708,711,710,711,708,713,708,712,712,711,705,709,715,712,704,716,709,703,710,711,711,703,711,711,708,711,711,705,707,706,712,705,708,706,707,708,710,712,705,712,710,712,707,708,709,709,709,709,702,711,709,705,710,713,711,709,711,708,708,710,715,711,715,720,722,728,734,747,755,760,773,792,815,824,835,846,856,865,868,877,876,881,880]}3
Json data received

>>> {"Slot":[357,378,390,399,398,396,399,400,398,401,401,402,400,401,400,403,402,398,406,401,401,401,404...(372 B)
data received from Serial port

Receive long json data in 1 receiving
{"Slot":[357,378,390,399,398,396,399,400,398,401,401,402,400,401,400,403,402,398,406,401,401,401,404,399,404,399,401,399,398,402,402,401,399,401,402,398,402,403,404,405,403,398,402,400,400,403,400,401,405,400,402,404,403,402,402,403,401,404,400,403,401,396,400,403,398,407,401,402,401,402,402,405,403,402,409,410,417,416,415,426,433,440,446,467,477,490,503,517,523,529]}4
Json data received

>>> {"Slot":[525,548,559,568,567,569,576,577,573,574,574,574,575,574,575,577,576,570,572,577,580,572,579...(372 B)
data received from Serial port

Receive long json data in 1 receiving
{"Slot":[525,548,559,568,567,569,576,577,573,574,574,574,575,574,575,577,576,570,572,577,580,572,579,580,573,576,581,577,575,578,573,574,574,572,575,575,577,573,571,572,579,577,573,573,576,578,576,576,575,576,577,575,572,570,578,572,574,579,572,579,573,575,568,575,574,578,575,574,581,573,581,574,574,578,574,575,579,579,581,585,579,585,595,607,612,619,640,651,666,683]}5
Json data received

>>> {"Slot":[436,460,472,479,483,487,485,488,482,485,482,482,484,488,486,487,487,489,483,484,489,488,485...(372 B)
data received from Serial port

Receive long json data in 1 receiving
{"Slot":[436,460,472,479,483,487,485,488,482,485,482,482,484,488,486,487,487,489,483,484,489,488,485,488,487,482,479,484,486,481,485,483,485,489,487,485,485,483,486,486,482,488,480,488,482,490,483,485,485,487,484,482,485,488,485,486,482,490,481,480,485,486,486,481,484,481,485,485,488,490,485,489,491,499,502,510,515,520,528,535,539,547,553,551,557,561,556,562,559,569]}6
Json data received

>>> {"Slot":[429,451,461,471,470,478,477,480,481,478,476,475,477,480,474,474,479,478,476,472,480,479,476...(372 B)
data received from Serial port
finish one round maintenance

Receive long json data in 1 receiving
{"Slot":[429,451,461,471,470,478,477,480,481,478,476,475,477,480,474,474,479,478,476,472,480,479,476,477,478,476,474,473,479,481,477,474,476,479,477,478,476,475,476,480,478,477,473,475,476,479,473,478,477,479,482,478,483,482,484,483,490,492,502,502,513,524,539,557,563,582,593,607,614,620,624,631,635,643,636,638,639,639,644,639,642,641,641,647,649,642,648,650,640,650]}7
Json data received

>>> {"Slot":[583,591,601,607,607,607,606,611,611,611,612,610,610,608,614,610,613,613,611,615,612,614,615...(372 B)
data received from Serial port

Receive long json data in 1 receiving
{"Slot":[583,591,601,607,607,607,606,611,611,611,612,610,610,608,614,610,613,613,611,615,612,614,615,616,613,611,613,616,613,619,614,616,614,619,614,615,614,614,615,618,616,615,616,616,617,620,616,620,617,616,618,620,621,619,622,620,620,619,620,621,620,618,621,621,620,626,624,624,624,626,622,624,626,624,625,624,623,626,623,622,624,627,623,626,627,628,627,626,624,627]}8[dash] heap free=97964 maxAlloc=86004 intFree=97964 intLargest=86004 clients=0 ap=0

Json data received

>>> {"Slot":[211,249,278,292,296,299,298,301,297,303,298,305,299,297,304,303,295,301,302,299,298,300,303...(372 B)
data received from Serial port

Receive long json data in 1 receiving
{"Slot":[211,249,278,292,296,299,298,301,297,303,298,305,299,297,304,303,295,301,302,299,298,300,303,301,300,296,302,304,302,300,303,303,300,300,301,304,303,300,297,302,300,299,299,308,307,297,305,305,300,304,303,301,303,300,300,306,299,305,298,301,304,297,299,306,309,302,296,300,300,305,303,296,298,304,303,302,299,298,299,305,302,297,301,304,305,305,307,297,304,304]}9
Json data received

>>> getResult
data received from Serial port
getResult
<AmpStart/>
<AmpStart>
{"calibration":{"slopes":[1.508,1.622,1.504,1.73,1.542,1.743,1.617,1.59,1.294,1.511],"origins":[0,0,0,0,0,0,0,0,0,0]},"led_power":[150,150,150,150,150,150,150,150,150,150],"units":"nM FAM","device_id":"RPL01015","slots":10,"amplification_time":30,"reading_interval":0.333333,"software_version":"v2.4.5AT1"}
Amplification Time[min],Sensor 1 Fluorescence[nM FAM],Sensor 2 Fluorescence[nM FAM],Sensor 3 Fluorescence[nM FAM],Sensor 4 Fluorescence[nM FAM],Sensor 5 Fluorescence[nM FAM],Temperature[C]
0.00,278.51,262.64,320.48,381.50,231.52,301.20,269.64,269.81,450.54,139.64,65.80
0.33,296.42,273.74,333.78,395.95,245.14,314.40,284.48,283.65,456.72,164.79,65.80
0.67,302.39,281.13,339.10,401.73,252.92,320.71,291.90,289.94,464.45,183.98,65.80
1.00,305.70,282.98,348.40,405.78,258.75,325.87,296.23,296.23,469.09,193.25,65.80
1.33,307.69,287.30,346.41,407.51,258.11,325.30,298.70,295.60,469.09,195.90,65.80
1.67,310.34,288.53,347.74,408.67,256.81,326.45,301.18,300.63,469.09,197.88,65.80
2.00,309.02,291.62,353.72,410.98,258.75,330.46,299.94,300.00,468.32,197.22,65.80
2.33,309.02,289.15,350.40,409.25,259.40,331.04,301.79,301.89,472.18,199.21,65.80
2.67,311.01,288.53,349.73,410.98,258.11,328.74,298.08,302.52,472.18,196.56,65.80
3.00,307.03,289.15,351.06,410.40,260.05,329.32,299.94,300.63,472.18,200.53,65.80
3.33,308.36,291.00,349.07,410.98,260.05,329.32,298.08,299.37,472.95,197.22,65.80
3.67,311.67,294.08,351.73,409.25,260.70,329.32,298.08,298.74,471.41,201.85,65.80
4.00,308.36,288.53,352.39,412.14,259.40,329.89,299.32,300.00,471.41,197.88,65.80
4.33,311.01,290.38,348.40,409.25,260.05,329.32,301.79,301.89,469.86,196.56,65.80
4.67,309.02,290.38,351.73,411.56,259.40,329.89,300.56,298.11,474.50,201.19,65.80
5.00,311.67,289.77,351.73,411.56,261.35,331.04,301.18,298.11,471.41,200.53,65.80
5.33,310.34,289.77,349.73,410.98,260.70,330.46,301.18,301.26,473.72,195.23,65.80
5.67,310.34,291.62,347.74,407.51,258.11,327.02,302.41,300.63,473.72,199.21,65.80
6.00,311.67,291.62,351.06,409.83,263.29,328.17,298.70,299.37,472.18,199.87,65.80
6.33,309.68,289.77,348.40,413.29,260.05,331.04,299.32,296.86,475.27,197.88,65.80
6.67,307.69,286.07,348.40,411.56,260.05,332.76,302.41,301.89,472.95,197.22,65.80
7.00,310.34,289.15,351.06,406.94,260.05,328.17,301.79,301.26,474.50,198.54,65.80
7.33,309.68,291.62,352.39,413.87,262.00,332.19,299.94,299.37,475.27,200.53,65.80
7.67,311.01,291.62,348.40,409.83,258.75,332.76,301.79,300.00,476.04,199.21,65.80
8.00,311.67,289.15,349.73,406.36,262.00,328.74,301.18,300.63,473.72,198.54,65.80
8.33,306.37,292.23,351.06,410.40,258.75,330.46,298.08,299.37,472.18,195.90,65.80
8.67,310.34,288.53,349.73,410.98,260.05,333.33,296.23,298.11,473.72,199.87,65.80
9.00,311.67,290.38,349.07,410.98,258.75,331.04,299.32,297.48,476.04,201.19,65.80
9.33,309.68,287.92,351.06,406.36,258.11,329.89,300.56,301.26,473.72,199.87,65.80
9.67,310.34,289.15,347.74,410.98,260.70,331.61,297.46,302.52,478.36,198.54,65.80
10.00,313.00,292.23,349.07,410.98,260.70,328.74,299.94,300.00,[stack] Control=2128/4096474.50, Sensor=1520/10240 Display=6080/10240200.53, Network=2208/6144 Input=1488/6144 Setting=7016/8192 | unused=24616 B
65.80
10.33,307.03,289.15,350.40,409.25,260.05,329.32,298.70,298.11,476.04,200.53,65.80
10.67,308.36,289.15,348.40,410.98,258.75,329.32,299.94,299.37,474.50,198.54,65.80
11.00,309.02,291.00,351.73,410.98,260.05,328.17,302.41,301.26,478.36,198.54,65.80
11.33,310.34,291.00,350.40,407.51,260.70,329.89,301.18,300.00,474.50,199.21,65.80
11.67,308.36,288.53,352.39,408.67,258.11,329.89,299.94,300.63,475.27,201.19,65.80
12.00,309.02,290.38,351.06,408.09,260.70,331.04,299.94,299.37,474.50,200.53,65.80
12.33,311.01,291.00,349.07,411.56,261.35,328.74,298.70,298.74,474.50,198.54,65.80
12.67,311.01,291.00,352.39,407.51,262.00,327.60,300.56,299.37,475.27,196.56,65.80
13.00,310.34,289.15,349.07,409.25,262.65,328.17,300.56,301.89,477.59,199.87,65.80
13.33,311.01,287.92,345.08,408.09,261.35,332.19,298.08,300.63,476.04,198.54,65.80
13.67,309.68,287.92,352.39,408.67,258.11,331.04,301.79,300.00,475.27,197.88,65.80
14.00,312.33,289.77,351.06,409.25,260.70,328.74,296.85,297.48,476.04,197.88,65.80
14.33,309.02,289.15,351.73,410.40,259.40,328.74,301.79,298.74,476.04,203.84,65.80
14.67,307.03,291.62,352.39,411.56,259.40,330.46,298.08,299.37,476.82,203.18,65.80
15.00,312.33,289.77,352.39,407.51,261.35,331.61,303.03,301.26,479.13,196.56,65.80
15.33,309.68,290.38,351.73,411.56,259.40,330.46,298.70,297.48,476.04,201.85,65.80
15.67,309.02,291.62,349.07,410.40,260.05,330.46,299.94,300.63,479.13,201.85,65.80
16.00,309.68,289.77,350.40,411.56,262.65,329.89,299.94,300.00,476.82,198.54,65.80
16.33,311.01,293.46,350.40,408.67,259.40,330.46,301.18,301.26,476.04,201.19,65.80
16.67,309.68,291.00,347.07,409.25,260.70,331.04,299.32,303.14,477.59,200.53,65.80
17.00,309.02,287.30,350.40,409.83,262.00,329.89,298.08,300.63,479.13,199.21,65.80
17.33,311.01,292.23,349.73,409.83,261.35,328.17,299.94,303.77,479.91,200.53,65.80
17.67,311.01,291.00,348.40,409.83,260.70,327.02,301.79,303.14,478.36,198.54,65.80
18.00,311.67,292.85,350.40,409.83,260.70,331.61,299.94,304.40,480.68,198.54,65.80
18.33,311.01,292.23,349.07,405.78,261.35,328.17,300.56,303.77,479.13,202.51,65.80
18.67,313.00,291.00,350.40,410.98,260.05,329.32,298.08,308.18,479.13,197.88,65.80
19.00,312.33,291.62,349.73,409.83,262.00,332.19,303.03,309.43,478.36,201.85,65.80
19.33,313.66,292.23,350.40,407.51,259.40,328.17,297.46,315.72,479.13,197.22,65.80
19.67,314.32,291.62,350.40,410.40,261.35,332.19,296.85,315.72,479.91,199.21,65.80
20.00,316.98,294.08,350.40,412.14,260.05,328.74,299.94,322.64,479.13,201.19,65.80
20.33,319.63,294.08,352.39,410.98,256.81,329.89,300.56,329.56,477.59,196.56,65.80
20.67,322.28,296.55,355.72,409.83,259.40,325.87,300.56,338.99,479.91,197.88,65.80
21.00,324.93,297.78,351.73,410.98,261.35,329.89,297.46,350.31,479.91,202.51,65.80
21.33,332.89,303.33,353.72,409.25,258.11,329.32,299.32,354.09,479.13,204.50,65.80
21.67,339.52,304.56,353.72,409.25,263.94,331.61,297.46,366.04,483.77,199.87,65.80
22.00,350.13,312.58,356.38,410.40,260.05,329.89,299.94,372.96,482.23,195.90,65.80
22.33,353.45,315.66,357.71,413.29,260.70,329.32,299.94,381.76,482.23,198.54,65.80
22.67,363.40,321.82,362.37,410.98,260.05,333.33,301.79,386.16,482.23,198.54,65.80
23.00,371.35,333.54,364.36,413.29,260.70,328.74,303.03,389.94,483.77,201.85,65.80
23.33,381.96,339.70,371.01,416.18,260.70,333.33,299.94,392.45,480.68,200.53,65.80
23.67,385.94,345.87,373.67,417.34,262.65,329.32,302.41,396.86,482.23,195.90,65.80
24.00,393.24,356.35,382.98,420.81,261.35,329.32,303.65,399.37,483.77,197.22,65.80
24.33,399.87,364.98,387.63,424.28,260.70,331.61,308.60,404.40,482.23,201.19,65.80
24.67,402.52,371.76,395.61,431.79,265.24,329.32,310.45,400.00,483.00,200.53,65.80
25.00,402.52,376.08,404.92,436.42,265.89,329.89,315.40,401.26,482.23,199.87,65.80
25.33,405.84,379.78,416.89,439.31,270.43,332.19,318.49,401.89,481.45,197.88,65.80
25.67,407.16,382.86,423.54,446.82,269.78,332.19,321.58,401.89,483.77,197.22,65.80
26.00,411.80,382.86,431.52,457.80,269.13,333.33,326.53,405.03,481.45,197.88,65.80
26.33,411.80,386.56,434.84,471.10,276.26,335.63,330.86,401.89,480.68,201.85,65.80
26.67,410.48,389.64,436.84,476.30,280.80,332.19,333.33,403.77,482.23,199.87,65.80
27.00,413.13,390.26,442.15,482.66,285.34,335.63,338.28,403.14,484.54,196.56,65.80
27.33,410.48,390.88,442.82,489.02,289.23,341.37,341.99,403.14,481.45,199.21,65.80
27.67,411.80,392.11,447.47,494.80,302.85,348.25,340.75,406.92,483.77,201.19,65.80
28.00,415.12,392.11,449.47,500.00,309.34,351.12,344.47,408.18,484.54,201.85,65.80
28.33,413.79,393.96,450.80,501.73,317.77,355.13,346.94,403.77,485.32,201.85,65.80
28.67,417.11,395.19,451.46,506.94,326.20,367.18,343.85,407.55,484.54,203.18,65.80
29.00,415.12,393.34,450.13,506.36,335.28,373.49,347.56,408.81,483.77,196.56,65.80
29.33,413.13,397.66,451.46,509.25,339.17,382.10,345.70,402.52,482.23,201.19,65.80
29.67,415.12,394.57,450.80,508.67,343.06,391.85,351.89,408.81,484.54,201.19,65.80
load algo para from flash
Slot 1:
Outcome check: Positive
Index Rising data : 9.333333
Index Break data : 0.000000
Index Transition time: 20.333333
{"outcome":{"outcome":"Positive","transition_time":{"x":20.33333333,"y":9.717281721,"i":61},"plateau_point":{"x":24.66666667,"y":91.98559874,"i":74},"increase":82.26831702,"suspect_score":1,"arm_width":3.666666667,"window_rate":19.8285937,"rise_width":4.333333333,"shape_flag":0,"climbs_fixed":0,"climb_first_i":-1},"peak_features":{"main_peak":{"x":22.33333333,"y":24.97933029,"i":67},"left_arm":{"x":20.66666667,"y":12.34972174,"i":62},"right_arm":{"x":24.33333333,"y":11.46698216,"i":73}},"time_data":[0,0.333333333,0.666666667,1,1.333333333,1.666666667,2,2.333333333,2.666666667,3,3.333333333,3.666666667,4,4.333333333,4.666666667,5,5.333333333,5.666666667,6,6.333333333,6.666666667,7,7.333333333,7.666666667,8,8.333333333,8.666666667,9,9.333333333,9.666666667,10,10.33333333,10.66666667,11,11.33333333,11.66666667,12,12.33333333,12.66666667,13,13.33333333,13.66666667,14,14.33333333,14.66666667,15,15.33333333,15.66666667,16,16.33333333,16.66666667,17,17.33333333,17.66666667,18,18.33333333,18.66666667,19,19.33333333,19.66666667,20,20.33333333,20.66666667,21,21.33333333,21.66666667,22,22.33333333,22.66666667,23,23.33333333,23.66666667,24,24.33333333,24.66666667,25,25.33333333,25.66666667,26,26.33333333,26.66666667,27,27.33333333,27.66666667,28,28.33333333,28.66666667,29,29.33333333,29.66666667],"raw_data":[278.5146,296.4191,302.3873,305.7029,307.6923,310.3448,309.0186,309.0186,311.008,307.0292,308.3554,311.6711,308.3554,311.008,309.0186,311.6711,310.3448,310.3448,311.6711,309.6817,307.6923,310.3448,309.6817,311.008,311.6711,306.3661,310.3448,311.6711,309.6817,310.3448,312.9973,307.0292,308.3554,309.0186,310.3448,308.3554,309.0186,311.008,311.008,310.3448,311.008,309.6817,312.3342,309.0186,307.0292,312.3342,309.6817,309.0186,309.6817,311.008,309.6817,309.0186,311.008,311.008,311.6711,311.008,312.9973,312.3342,313.6605,314.3236,316.9761,319.6286,322.2812,324.9337,332.8912,339.5226,350.1326,353.4483,363.3952,371.3528,381.9629,385.9417,393.2361,399.8674,402.5199,402.5199,405.8355,407.1618,411.8037,411.8037,410.4774,413.13,410.4774,411.8037,415.1194,413.7931,417.1087,415.1194,413.13,415.1194],"processed_data":[-26.0515355,-17.09928728,-9.820651113,-4.215627008,-0.284214961,0.32437147,0.574122838,0.103333444,0.163621118,-0.281335476,0.140660406,0.057409774,0.353088247,1.159752388,1.06788774,1.1769717,1.868808763,1.257350377,1.133911265,0.436332405,0.335861536,0.884164125,0.49662391,0.568392403,0.970291072,0.686092096,0.488010819,1.13104433,1.343475474,1.627673789,0.591355493,0.241128368,0.051662164,-0.542572418,-0.660271847,0.427723806,0.640155611,1.036314861,1.007608785,1.788440523,1.980777757,0.961677188,0.852591246,0.832499715,0.54829704,0.347347375,0.289934034,0.935844917,0.869815447,0.307157574,0.71192833,1.122438109,1.162626588,1.538685984,2.144406141,2.684096167,2.836238316,3.401766426,4.343353271,5.879169679,7.219782974,9.717281721,12.78318357,17.95042954,23.60856503,30.44943105,37.94481074,46.58272377,54.5976976,62.546645,70.35492908,78.4818604,84.34094397,89.0316565,91.98559874,95.08594424,97.33369545,98.76904112,100.7613005,102.1277492,102.3028621,102.7564309,102.5411286,103.5602212,104.8606414,105.2567958,105.5760167,105.7158205,105.6762073,105.457177],"differential_data":[26.85674466,24.34632658,19.3254904,14.30465423,6.809997717,1.287506698,-0.331557039,-0.615752579,-0.57700338,-0.034441069,0.508117874,0.318641762,1.653513921,1.072199239,0.025828968,1.201381535,0.120568015,-1.102346247,-1.231526957,-1.197074593,0.671747579,0.241143561,-0.473657583,0.710500742,0.17654954,-0.723420378,0.667428351,1.283196982,0.744944189,-1.128179971,-2.079818131,-0.809539993,-1.175551179,-1.067901017,1.455444336,1.950641186,0.912886582,0.551179762,1.128188492,1.459753458,-1.240145002,-1.692279766,-0.19376621,-0.45644131,-0.727728509,-0.387544508,0.882746313,0.869822118,-0.943031014,-0.236830674,1.222920802,0.676047387,0.624371813,1.472669329,1.718115274,1.037748262,1.076505389,2.260672433,3.716104879,4.314644553,5.757168064,8.345100898,12.34972174,16.23807218,18.74850226,21.50436857,24.19993908,24.97933029,23.94588183,23.63584722,23.90282311,20.97902234,15.82469415,11.46698216,9.081431599,8.022145061,5.524645322,5.141407558,5.038062158,2.312342458,0.943022493,0.35739968,1.205685504,3.479269251,2.544861831,1.073062907,0.688537122,0.150285914,-0.387965294,-0.657090898,26.85674466,24.34632658,19.3254904,14.30465423,6.809997717,1.287506698,-0.331557039,-0.615752579,-0.57700338,-0.034441069,0.508117874,0.318641762,1.653513921,1.072199239,0.025828968,1.201381535,0.120568015,-1.102346247,-1.231526957,-1.197074593,0.671747579,0.241143561,-0.473657583,0.710500742,0.17654954,-0.723420378,0.667428351,1.283196982,0.744944189,-1.128179971,-2.079818131,-0.809539993,-1.175551179,-1.067901017,1.455444336,1.950641186,0.912886582,0.551179762,1.128188492,1.459753458,-1.240145002,-1.692279766,-0.19376621,-0.45644131,-0.727728509,-0.387544508,0.882746313,0.869822118,-0.943031014,-0.236830674,1.222920802,0.676047387,0.624371813,1.472669329,1.718115274,1.037748262,1.076505389,2.260672433,3.716104879,4.314644553,5.757168064,8.345100898,12.34972174,16.23807218,18.74850226,21.50436857,24.19993908,24.97933029,23.94588183,23.63584722,23.90282311,20.97902234,15.82469415,11.46698216,9.081431599,8.022145061,5.524645322,5.141407558,5.038062158,2.312342458,0.943022493,0.35739968,1.205685504,3.479269251,2.544861831,1.073062907,0.688537122,0.150285914,-0.387965294,-0.657090898]}

Slot 2:
Outcome check: Positive
Index Rising data : 19.666667
Index Break data : 0.000000
Index Transition time: 21.333333
{"outcome":{"outcome":"Positive","transition_time":{"x":21.33333333,"y":11.78864807,"i":64},"plateau_point":{"x":25.33333333,"y":89.25433297,"i":76},"increase":77.4656849,"suspect_score":1,"arm_width":3.666666667,"window_rate":19.36642122,"rise_width":4.333333333,"shape_flag":0,"climbs_fixed":0,"climb_first_i":-1},"peak_features":{"main_peak":{"x":23.66666667,"y":26.11414446,"i":71},"left_arm":{"x":21.33333333,"y":10.25669821,"i":64},"right_arm":{"x":25,"y":12.90293072,"i":75}},"time_data":[0,0.333333333,0.666666667,1,1.333333333,1.666666667,2,2.333333333,2.666666667,3,3.333333333,3.666666667,4,4.333333333,4.666666667,5,5.333333333,5.666666667,6,6.333333333,6.666666667,7,7.333333333,7.666666667,8,8.333333333,8.666666667,9,9.333333333,9.666666667,10,10.33333333,10.66666667,11,11.33333333,11.66666667,12,12.33333333,12.66666667,13,13.33333333,13.66666667,14,14.33333333,14.66666667,15,15.33333333,15.66666667,16,16.33333333,16.66666667,17,17.33333333,17.66666667,18,18.33333333,18.66666667,19,19.33333333,19.66666667,20,20.33333333,20.66666667,21,21.33333333,21.66666667,22,22.33333333,22.66666667,23,23.33333333,23.66666667,24,24.33333333,24.66666667,25,25.33333333,25.66666667,26,26.33333333,26.66666667,27,27.33333333,27.66666667,28,28.33333333,28.66666667,29,29.33333333,29.66666667],"raw_data":[262.6387,273.7361,281.1344,282.984,287.2996,288.5327,291.6153,289.1492,288.5327,289.1492,290.9988,294.0814,288.5327,290.3822,290.3822,289.7657,289.7657,291.6153,291.6153,289.7657,286.0666,289.1492,291.6153,291.6153,289.1492,292.2318,288.5327,290.3822,287.9162,289.1492,292.2318,289.1492,289.1492,290.9988,290.9988,288.5327,290.3822,290.9988,290.9988,289.1492,287.9162,287.9162,289.7657,289.1492,291.6153,289.7657,290.3822,291.6153,289.7657,293.4649,290.9988,287.2996,292.2318,290.9988,292.8483,292.2318,290.9988,291.6153,292.2318,291.6153,294.0814,294.0814,296.5475,297.7805,303.3292,304.5623,312.5771,315.6597,321.8249,333.5388,339.7041,345.8693,356.3502,364.9815,371.7633,376.0789,379.778,382.8607,382.8607,386.5598,389.6424,390.2589,390.8755,392.1085,392.1085,393.9581,395.1911,393.3416,397.6572,394.5746],"processed_data":[-25.97776619,-17.95737083,-11.3888719,-6.272269417,-2.607563366,-1.321138456,-0.888770033,-0.704613227,-0.08808747,0.032015582,0.010664374,0.59248821,0.696572044,0.176126323,-0.341649836,-0.322966076,0.805992622,0.189474527,-0.509783592,-0.80870327,-0.712620855,-1.123636353,-0.403025706,0.189479679,0.931438099,0.197482947,-0.856744279,-0.77934536,-0.568499412,-0.990191175,-0.491101418,-0.130792527,0.08272285,-0.250893201,-0.512448265,0.154785024,0.306912377,-0.07474574,-0.576500963,-0.728628183,-1.555995528,-1.566674435,-1.310458493,-0.752656218,0.072039451,0.088049951,0.448358049,1.179648263,0.539106625,0.675223214,0.341609806,0.333600329,0.803329534,0.728596873,1.374480276,1.985667836,1.302420876,1.481239088,1.417187843,2.103104364,2.829052814,4.291625712,5.815587692,8.623298017,11.78864807,15.46109683,20.49470064,26.82006757,33.23884219,40.89866817,48.82805749,57.84103129,66.23748713,73.499647,80.65237916,85.92084282,89.25433297,92.01667488,94.37333963,96.42041082,98.24596204,99.65249264,100.9869563,101.9557761,102.2413506,103.4210184,104.0842491,104.6353853,105.074427,105.4013742],"differential_data":[24.06118608,21.88334143,17.52765212,13.17196281,7.42669644,2.578189998,0.924787843,1.201023845,1.104943214,0.148127766,0.840708943,1.028861504,-0.624542831,-1.557332819,-0.748638599,1.721463686,0.768660905,-1.973664321,-1.497266695,-0.304255894,-0.472399625,0.464392724,1.969674048,2.001695707,0.012004902,-2.682273567,-1.46524246,0.4323673,-0.316268723,0.116096992,1.289097972,0.860736401,-0.18015101,-0.892756673,0.608517337,1.229040963,-0.344296146,-1.325120009,-0.980823665,-1.469241848,-1.257069377,0.368305553,1.221027325,2.073746917,1.261059253,0.564477896,1.637397469,0.136122865,-0.756637573,-0.296245228,-0.512434328,0.692579591,0.592494816,0.856726114,1.885606444,-0.1080891,-0.756643122,0.172150451,0.932797915,2.117797455,3.282782022,4.479802317,6.497508458,8.959590565,10.25669821,13.05907886,17.03845611,19.11621232,21.1179009,23.38382295,25.41354469,26.11414446,23.48792356,21.62233803,18.63179373,12.90293072,9.143748098,7.678509997,6.605603899,5.808933605,4.848122733,4.111491414,3.454925141,1.881591401,2.197863492,2.76434778,1.821550364,1.485266866,1.148983368,0.980841619,24.06118608,21.88334143,17.52765212,13.17196281,7.42669644,2.578189998,0.924787843,1.201023845,1.104943214,0.148127766,0.840708943,1.028861504,-0.624542831,-1.557332819,-0.748638599,1.721463686,0.768660905,-1.973664321,-1.497266695,-0.304255894,-0.472399625,0.464392724,1.969674048,2.001695707,0.012004902,-2.682273567,-1.46524246,0.4323673,-0.316268723,0.116096992,1.289097972,0.860736401,-0.18015101,-0.892756673,0.608517337,1.229040963,-0.344296146,-1.325120009,-0.980823665,-1.469241848,-1.257069377,0.368305553,1.221027325,2.073746917,1.261059253,0.564477896,1.637397469,0.136122865,-0.756637573,-0.296245228,-0.512434328,0.692579591,0.592494816,0.856726114,1.885606444,-0.1080891,-0.756643122,0.172150451,0.932797915,2.117797455,3.282782022,4.479802317,6.497508458,8.959590565,10.25669821,13.05907886,17.03845611,19.11621232,21.1179009,23.38382295,25.41354469,26.11414446,23.48792356,21.62233803,18.63179373,12.90293072,9.143748098,7.678509997,6.605603899,5.808933605,4.848122733,4.111491414,3.454925141,1.881591401,2.197863492,2.76434778,1.821550364,1.485266866,1.148983368,0.980841619]}

Slot 3:
Outcome check: Slight Positive
Index Rising data : 21.000000
Index Break data : 0.000000
Index Transition time: 22.666667
{"outcome":{"outcome":"Slight Positive","transition_time":{"x":22.66666667,"y":10.10870097,"i":68},"plateau_point":{"x":26.66666667,"y":87.06940635,"i":80},"increase":76.96070538,"suspect_score":1,"arm_width":3.333333333,"window_rate":19.24017635,"rise_width":4.333333333,"shape_flag":0,"climbs_fixed":0,"climb_first_i":-1},"peak_features":{"main_peak":{"x":25,"y":27.58444135,"i":75},"left_arm":{"x":23,"y":12.99996314,"i":69},"right_arm":{"x":26.33333333,"y":12.15373963,"i":79}},"time_data":[0,0.333333333,0.666666667,1,1.333333333,1.666666667,2,2.333333333,2.666666667,3,3.333333333,3.666666667,4,4.333333333,4.666666667,5,5.333333333,5.666666667,6,6.333333333,6.666666667,7,7.333333333,7.666666667,8,8.333333333,8.666666667,9,9.333333333,9.666666667,10,10.33333333,10.66666667,11,11.33333333,11.66666667,12,12.33333333,12.66666667,13,13.33333333,13.66666667,14,14.33333333,14.66666667,15,15.33333333,15.66666667,16,16.33333333,16.66666667,17,17.33333333,17.66666667,18,18.33333333,18.66666667,19,19.33333333,19.66666667,20,20.33333333,20.66666667,21,21.33333333,21.66666667,22,22.33333333,22.66666667,23,23.33333333,23.66666667,24,24.33333333,24.66666667,25,25.33333333,25.66666667,26,26.33333333,26.66666667,27,27.33333333,27.66666667,28,28.33333333,28.66666667,29,29.33333333,29.66666667],"raw_data":[320.4787,333.7766,339.0957,348.4042,346.4095,347.7393,353.7234,350.3989,349.734,351.0638,349.0691,351.7287,352.3936,348.4042,351.7287,351.7287,349.734,347.7393,351.0638,348.4042,348.4042,351.0638,352.3936,348.4042,349.734,351.0638,349.734,349.0691,351.0638,347.7393,349.0691,350.3989,348.4042,351.7287,350.3989,352.3936,351.0638,349.0691,352.3936,349.0691,345.0798,352.3936,351.0638,351.7287,352.3936,352.3936,351.7287,349.0691,350.3989,350.3989,347.0745,350.3989,349.734,348.4042,350.3989,349.0691,350.3989,349.734,350.3989,350.3989,350.3989,352.3936,355.7181,351.7287,353.7234,353.7234,356.383,357.7127,362.367,364.3617,371.0106,373.6702,382.9787,387.633,395.6117,404.9202,416.8883,423.5372,431.5159,434.8404,436.8351,442.1542,442.8191,447.4734,449.4681,450.7979,451.4627,450.133,451.4627,450.7979],"processed_data":[-28.45973622,-19.51994046,-12.20352054,-6.510476447,-2.440808185,-1.206003957,-0.250396332,-0.736831599,-0.336746678,-0.0863337,-0.952710304,-0.569894766,-0.164054309,0.017283122,-0.371288217,-0.828941973,-1.145559732,-1.470808417,-2.30840285,-1.775911273,-1.292355492,-1.082233908,-1.090867608,-0.592912946,-0.935434317,-1.119649912,-1.427632782,-1.375824635,-1.577310009,-2.161609468,-1.885293011,-1.78167183,-1.344164299,-0.227370621,-0.348260657,0.025923163,0.567049101,-0.990128026,-1.476566067,-1.986029158,-1.755762802,-1.157070011,-0.636091224,0.875034481,1.387372434,0.385711802,0.394347616,-0.653362852,-1.407487085,-1.721220471,-2.043588878,-1.78741574,-2.037834927,-1.790302095,-1.387337292,-1.588819496,-1.286594407,-1.154188941,-1.358548383,-0.212969231,0.342545018,1.177257455,1.594613476,2.19618311,2.561726888,3.321601108,4.40673194,7.437612955,10.10870097,14.23622138,18.77534307,24.10600789,29.83675738,37.42978513,45.55818104,55.01060598,63.9478086,72.13952267,78.96691326,83.6643435,87.06940635,90.2758686,92.94696005,95.85982814,97.93222455,99.15263413,100.0123898,100.3310193,100.1085226,99.34489987],"differential_data":[26.81938726,24.38432352,19.51419602,14.64406853,7.956708735,3.285617779,0.703758537,-0.129525519,0.975746848,-0.923945439,-0.725341599,1.182983993,0.880766831,-0.310850862,-1.269337642,-1.161407273,-0.962799667,-1.744264677,-0.457654284,1.524071037,1.040516048,0.302231826,0.733981442,0.233149937,-0.790105448,-0.738297698,-0.384262085,-0.224515841,-1.178677249,-0.461974503,0.569906458,0.811693068,2.331451812,1.493855464,0.379940677,1.372964636,-1.524076784,-3.065422752,-1.493851699,-0.418795103,1.243438721,1.679507367,3.048156738,3.035195487,-0.733984018,-1.489537227,-1.558611981,-2.702752051,-1.601786428,-0.954152689,-0.099292904,0.008630926,-0.004329533,0.975746452,0.302223899,0.151114328,0.651945832,-0.107930964,1.411829564,2.551640102,2.085340029,1.878102686,1.528388482,1.450670118,1.688126998,2.767507578,6.17401777,8.552953547,10.19791264,12.99996314,14.80467977,16.59212147,19.98566585,23.58213549,26.37123128,27.58444135,25.69337503,22.528657,17.28723125,12.15373963,9.917287653,8.816330551,8.375939307,7.477896752,4.939208984,3.120247819,1.767577709,0.144199302,-1.479179105,-2.290868308,26.81938726,24.38432352,19.51419602,14.64406853,7.956708735,3.285617779,0.703758537,-0.129525519,0.975746848,-0.923945439,-0.725341599,1.182983993,0.880766831,-0.310850862,-1.269337642,-1.161407273,-0.962799667,-1.744264677,-0.457654284,1.524071037,1.040516048,0.302231826,0.733981442,0.233149937,-0.790105448,-0.738297698,-0.384262085,-0.224515841,-1.178677249,-0.461974503,0.569906458,0.811693068,2.331451812,1.493855464,0.379940677,1.372964636,-1.524076784,-3.065422752,-1.493851699,-0.418795103,1.243438721,1.679507367,3.048156738,3.035195487,-0.733984018,-1.489537227,-1.558611981,-2.702752051,-1.601786428,-0.954152689,-0.099292904,0.008630926,-0.004329533,0.975746452,0.302223899,0.151114328,0.651945832,-0.107930964,1.411829564,2.551640102,2.085340029,1.878102686,1.528388482,1.450670118,1.688126998,2.767507578,6.17401777,8.552953547,10.19791264,12.99996314,14.80467977,16.59212147,19.98566585,23.58213549,26.37123128,27.58444135,25.69337503,22.528657,17.28723125,12.15373963,9.917287653,8.816330551,8.375939307,7.477896752,4.939208984,3.120247819,1.767577709,0.144199302,-1.479179105,-2.290868308]}

Slot 4:
Outcome check: Slight Positive
Index Rising data : 12.666667
Index Break data : 0.000000
Index Transition time: 23.666667
{"outcome":{"outcome":"Slight Positive","transition_time":{"x":23.66666667,"y":6.923915847,"i":71},"plateau_point":{"x":28.33333333,"y":92.37294832,"i":85},"increase":85.44903247,"suspect_score":2,"arm_width":3.666666667,"window_rate":19.39231295,"rise_width":5,"shape_flag":0,"climbs_fixed":0,"climb_first_i":-1},"peak_features":{"main_peak":{"x":26.33333333,"y":27.08504952,"i":79},"left_arm":{"x":24.33333333,"y":12.05240146,"i":73},"right_arm":{"x":28,"y":12.66045489,"i":84}},"time_data":[0,0.333333333,0.666666667,1,1.333333333,1.666666667,2,2.333333333,2.666666667,3,3.333333333,3.666666667,4,4.333333333,4.666666667,5,5.333333333,5.666666667,6,6.333333333,6.666666667,7,7.333333333,7.666666667,8,8.333333333,8.666666667,9,9.333333333,9.666666667,10,10.33333333,10.66666667,11,11.33333333,11.66666667,12,12.33333333,12.66666667,13,13.33333333,13.66666667,14,14.33333333,14.66666667,15,15.33333333,15.66666667,16,16.33333333,16.66666667,17,17.33333333,17.66666667,18,18.33333333,18.66666667,19,19.33333333,19.66666667,20,20.33333333,20.66666667,21,21.33333333,21.66666667,22,22.33333333,22.66666667,23,23.33333333,23.66666667,24,24.33333333,24.66666667,25,25.33333333,25.66666667,26,26.33333333,26.66666667,27,27.33333333,27.66666667,28,28.33333333,28.66666667,29,29.33333333,29.66666667],"raw_data":[381.5029,395.9538,401.7341,405.7803,407.5144,408.6705,410.9827,409.2485,410.9827,410.4046,410.9827,409.2485,412.1387,409.2485,411.5607,411.5607,410.9827,407.5144,409.8266,413.2948,411.5607,406.9364,413.8728,409.8266,406.3584,410.4046,410.9827,410.9827,406.3584,410.9827,410.9827,409.2485,410.9827,410.9827,407.5144,408.6705,408.0925,411.5607,407.5144,409.2485,408.0925,408.6705,409.2485,410.4046,411.5607,407.5144,411.5607,410.4046,411.5607,408.6705,409.2485,409.8266,409.8266,409.8266,409.8266,405.7803,410.9827,409.8266,407.5144,410.4046,412.1387,410.9827,409.8266,410.9827,409.2485,409.2485,410.4046,413.2948,410.9827,413.2948,416.185,417.341,420.8092,424.2775,431.7919,436.4162,439.3064,446.8208,457.8035,471.0983,476.3006,482.659,489.0173,494.7977,500,501.7341,506.9364,506.3584,509.2485,508.6705],"processed_data":[-25.70374922,-17.62879019,-11.00767339,-5.840398813,-2.126966468,-1.301203344,-0.62807633,-0.097577512,-0.162636365,0.117625579,-0.19516916,-0.009997611,-0.004997088,0.548017361,0.275264988,-0.235202806,-0.482932879,0.340333617,-0.580522942,-0.172647848,0.588058274,0.402886725,-0.537986987,-1.243638208,-0.563004663,-0.74817489,-1.616480311,-0.78320722,-0.487935384,-0.908328762,-0.457910315,-0.310273274,-0.035019119,-1.308705251,-1.256156624,-1.461345194,-1.744112089,-1.784150227,-1.526410256,-1.826692127,-1.939297499,-1.561445492,-1.148559174,-0.910835299,-0.54549299,-0.047526174,-0.050027823,-0.352815967,-0.537988836,-0.355318276,-0.990907611,-0.65309044,-1.418796424,-1.286169407,-1.23111596,-1.699055857,-1.959298666,-1.563933798,-0.788215274,-0.067544912,-0.120091426,0.26276335,0.247746191,-0.678116307,-0.693132805,-0.460418041,-0.120101334,0.598066718,1.819201581,3.192968459,4.534205317,6.923915847,11.0151959,14.90129188,19.05013021,24.07978325,31.00619203,39.07114876,47.51145995,56.64741311,65.56815962,73.25527043,78.9130031,83.93264506,88.58444769,92.37294832,95.16853195,97.0620313,98.05344636,98.14277714],"differential_data":[24.2248771,22.04411375,17.68258707,13.32106038,6.808793204,2.248335207,1.805438748,0.698159949,0.322804637,-0.048799193,-0.191434786,0.285258107,0.837022459,0.420393114,-1.174830251,-1.1372968,0.863304634,-0.146385094,-0.769472197,1.752871823,0.863301859,-1.68906789,-2.469787399,-0.037526515,0.743194976,-1.580213472,-0.052548495,1.692817391,-0.187682313,0.045037604,0.897083233,0.634336794,-1.497647967,-1.831706258,-0.228959913,-0.731933197,-0.48420755,0.32655275,-0.06381285,-0.619330864,0.397869952,1.186107487,0.97591529,0.904599276,1.294963688,0.743197751,-0.457934689,-0.73194152,-0.003753464,-0.679378163,-0.446658246,-0.641833219,-0.949618451,0.281520695,-0.619329675,-1.092274059,0.20268309,1.756625089,2.244583328,1.002185772,0.495462393,0.551756425,-1.411319485,-1.411318494,0.3265474,0.859547206,1.587727138,2.908954373,3.892352612,4.072505604,5.596421081,9.721485881,11.96606406,12.05240146,13.76773705,17.93409273,22.48704826,24.75790187,26.36439653,27.08504952,24.91178597,20.01726522,16.01606196,14.50716687,12.66045489,9.876126396,7.033624466,4.327371612,1.621118759,0.267992332,24.2248771,22.04411375,17.68258707,13.32106038,6.808793204,2.248335207,1.805438748,0.698159949,0.322804637,-0.048799193,-0.191434786,0.285258107,0.837022459,0.420393114,-1.174830251,-1.1372968,0.863304634,-0.146385094,-0.769472197,1.752871823,0.863301859,-1.68906789,-2.469787399,-0.037526515,0.743194976,-1.580213472,-0.052548495,1.692817391,-0.187682313,0.045037604,0.897083233,0.634336794,-1.497647967,-1.831706258,-0.228959913,-0.731933197,-0.48420755,0.32655275,-0.06381285,-0.619330864,0.397869952,1.186107487,0.97591529,0.904599276,1.294963688,0.743197751,-0.457934689,-0.73194152,-0.003753464,-0.679378163,-0.446658246,-0.641833219,-0.949618451,0.281520695,-0.619329675,-1.092274059,0.20268309,1.756625089,2.244583328,1.002185772,0.495462393,0.551756425,-1.411319485,-1.411318494,0.3265474,0.859547206,1.587727138,2.908954373,3.892352612,4.072505604,5.596421081,9.721485881,11.96606406,12.05240146,13.76773705,17.93409273,22.48704826,24.75790187,26.36439653,27.08504952,24.91178597,20.01726522,16.01606196,14.50716687,12.66045489,9.876126396,7.033624466,4.327371612,1.621118759,0.267992332]}

Slot 5:
Outcome check: Slight Positive
Index Rising data : 10.666667
Index Break data : 0.000000
Index Transition time: 26.333333
{"outcome":{"outcome":"Slight Positive","transition_time":{"x":26.33333333,"y":15.55858794,"i":79},"plateau_point":{"x":29.66666667,"y":85.07026663,"i":89},"increase":69.51167869,"suspect_score":2,"arm_width":-1,"window_rate":18.63633569,"rise_width":3.666666667,"shape_flag":0,"climbs_fixed":0,"climb_first_i":-1},"peak_features":{"main_peak":{"x":28,"y":27.19103588,"i":84},"left_arm":{"x":26.33333333,"y":10.23295692,"i":79},"right_arm":{"x":-1,"y":-1,"i":-1}},"time_data":[0,0.333333333,0.666666667,1,1.333333333,1.666666667,2,2.333333333,2.666666667,3,3.333333333,3.666666667,4,4.333333333,4.666666667,5,5.333333333,5.666666667,6,6.333333333,6.666666667,7,7.333333333,7.666666667,8,8.333333333,8.666666667,9,9.333333333,9.666666667,10,10.33333333,10.66666667,11,11.33333333,11.66666667,12,12.33333333,12.66666667,13,13.33333333,13.66666667,14,14.33333333,14.66666667,15,15.33333333,15.66666667,16,16.33333333,16.66666667,17,17.33333333,17.66666667,18,18.33333333,18.66666667,19,19.33333333,19.66666667,20,20.33333333,20.66666667,21,21.33333333,21.66666667,22,22.33333333,22.66666667,23,23.33333333,23.66666667,24,24.33333333,24.66666667,25,25.33333333,25.66666667,26,26.33333333,26.66666667,27,27.33333333,27.66666667,28,28.33333333,28.66666667,29,29.33333333,29.66666667],"raw_data":[231.5175,245.1362,252.9183,258.7549,258.1064,256.8094,258.7549,259.4034,258.1064,260.0519,260.0519,260.7004,259.4034,260.0519,259.4034,261.3489,260.7004,258.1064,263.2944,260.0519,260.0519,260.0519,261.9974,258.7549,261.9974,258.7549,260.0519,258.7549,258.1064,260.7004,260.7004,260.0519,258.7549,260.0519,260.7004,258.1064,260.7004,261.3489,261.9974,262.6459,261.3489,258.1064,260.7004,259.4034,259.4034,261.3489,259.4034,260.0519,262.6459,259.4034,260.7004,261.9974,261.3489,260.7004,260.7004,261.3489,260.0519,261.9974,259.4034,261.3489,260.0519,256.8094,259.4034,261.3489,258.1064,263.9429,260.0519,260.7004,260.0519,260.7004,260.7004,262.6459,261.3489,260.7004,265.24,265.8885,270.428,269.7795,269.131,276.2646,280.8042,285.3437,289.2348,302.8535,309.3385,317.7691,326.1998,335.2789,339.1699,343.061],"processed_data":[-24.6770173,-16.12849352,-9.265812148,-4.08897318,-0.597976619,-0.55306016,-0.772039901,-0.974177109,-0.233024036,0.277920017,0.407059442,0.353720925,0.628847329,0.797294452,0.320036256,0.656922576,1.066803507,1.148217404,0.999421619,1.142593978,0.999416995,1.400875868,0.704644273,1.03311144,0.873093774,0.182473583,-0.325665362,-0.06457612,-0.120723179,0.238624077,0.188090931,0.729918112,0.482866295,-0.022467411,-6.60553639e-6,0.384606564,1.165061786,1.897795574,1.937095081,2.181340866,1.515986191,0.684998483,0.34249693,0.084215305,0.070177219,0.906782406,0.825364943,1.002234785,1.204367369,1.339121501,1.72092811,1.586175696,1.51599055,1.645131561,1.631091494,1.221211355,1.313852814,1.614239185,1.030301313,0.241425882,0.255466874,-0.673781094,-0.019659794,0.21335037,1.00503725,1.619852702,1.406492291,1.055570924,1.4205387,1.086460791,1.305440135,1.617061202,2.080280387,3.385717351,5.230174143,6.355937479,8.27058338,10.52492388,12.95613131,15.55858794,19.77810259,26.05824921,33.39396899,40.79987801,49.74985719,58.92723526,66.34100642,73.16943536,79.4125221,85.07026663],"differential_data":[25.64557134,23.11680773,18.05928051,13.00175329,5.30386953,-0.261094923,-0.631675423,0.808523797,1.878145689,0.960125217,0.113701362,0.332681829,0.66536029,-0.463216608,-0.210557814,1.120150876,0.736942242,-0.101072832,-0.008435138,-6.93581321e-6,0.387422834,-0.442159083,-0.551646641,0.252674251,-1.275956786,-1.798138705,-0.370574555,0.307413275,0.454800296,0.463221166,0.736941053,0.442163046,-1.128578285,-0.724309352,0.610610962,1.747602587,2.269783515,1.158049943,0.425317938,-0.631663335,-2.244513574,-1.760233891,-0.901174768,-0.408479567,1.233850653,1.132781586,0.143178568,0.56850364,0.505330073,0.77484111,0.370581292,-0.307406339,0.088433798,0.172651415,-0.635880309,-0.47585802,0.589541745,-0.425327251,-2.059219955,-1.162251658,-1.372810463,-0.412690002,1.330697196,1.537045566,2.109753497,0.602182562,-0.846422666,0.021069613,0.046334799,-0.172647848,0.795900617,1.162260378,2.652984223,4.724840635,4.455330192,4.560613855,6.253479598,7.028321898,7.550496089,10.23295692,15.7494919,20.42379959,22.11244321,24.5338323,27.19103588,24.88672384,21.36330016,19.60727353,17.8512469,16.97323359,25.64557134,23.11680773,18.05928051,13.00175329,5.30386953,-0.261094923,-0.631675423,0.808523797,1.878145689,0.960125217,0.113701362,0.332681829,0.66536029,-0.463216608,-0.210557814,1.120150876,0.736942242,-0.101072832,-0.008435138,-6.93581321e-6,0.387422834,-0.442159083,-0.551646641,0.252674251,-1.275956786,-1.798138705,-0.370574555,0.307413275,0.454800296,0.463221166,0.736941053,0.442163046,-1.128578285,-0.724309352,0.610610962,1.747602587,2.269783515,1.158049943,0.425317938,-0.631663335,-2.244513574,-1.760233891,-0.901174768,-0.408479567,1.233850653,1.132781586,0.143178568,0.56850364,0.505330073,0.77484111,0.370581292,-0.307406339,0.088433798,0.172651415,-0.635880309,-0.47585802,0.589541745,-0.425327251,-2.059219955,-1.162251658,-1.372810463,-0.412690002,1.330697196,1.537045566,2.109753497,0.602182562,-0.846422666,0.021069613,0.046334799,-0.172647848,0.795900617,1.162260378,2.652984223,4.724840635,4.455330192,4.560613855,6.253479598,7.028321898,7.550496089,10.23295692,15.7494919,20.42379959,22.11244321,24.5338323,27.19103588,24.88672384,21.36330016,19.60727353,17.8512469,16.97323359]}

Slot 6:
Outcome check: Slight Positive
Index Rising data : 5.666667
Index Break data : 0.000000
Index Transition time: 27.000000
{"outcome":{"outcome":"Slight Positive","transition_time":{"x":27,"y":7.907965326,"i":81},"plateau_point":{"x":29.66666667,"y":62.02523193,"i":89},"increase":54.11726661,"suspect_score":4,"arm_width":-1,"window_rate":14.88477054,"rise_width":2.666666667,"shape_flag":0,"climbs_fixed":0,"climb_first_i":-1},"peak_features":{"main_peak":{"x":29.66666667,"y":28.54535217,"i":89},"left_arm":{"x":27.33333333,"y":11.60113347,"i":82},"right_arm":{"x":-1,"y":-1,"i":-1}},"time_data":[0,0.333333333,0.666666667,1,1.333333333,1.666666667,2,2.333333333,2.666666667,3,3.333333333,3.666666667,4,4.333333333,4.666666667,5,5.333333333,5.666666667,6,6.333333333,6.666666667,7,7.333333333,7.666666667,8,8.333333333,8.666666667,9,9.333333333,9.666666667,10,10.33333333,10.66666667,11,11.33333333,11.66666667,12,12.33333333,12.66666667,13,13.33333333,13.66666667,14,14.33333333,14.66666667,15,15.33333333,15.66666667,16,16.33333333,16.66666667,17,17.33333333,17.66666667,18,18.33333333,18.66666667,19,19.33333333,19.66666667,20,20.33333333,20.66666667,21,21.33333333,21.66666667,22,22.33333333,22.66666667,23,23.33333333,23.66666667,24,24.33333333,24.66666667,25,25.33333333,25.66666667,26,26.33333333,26.66666667,27,27.33333333,27.66666667,28,28.33333333,28.66666667,29,29.33333333,29.66666667],"raw_data":[301.2048,314.4005,320.7114,325.8749,325.3012,326.4486,330.4647,331.0384,328.7435,329.3173,329.3173,329.3173,329.891,329.3173,329.891,331.0384,330.4647,327.0224,328.1698,331.0384,332.7596,328.1698,332.1859,332.7596,328.7435,330.4647,333.3333,331.0384,329.891,331.6122,328.7435,329.3173,329.3173,328.1698,329.891,329.891,331.0384,328.7435,327.5961,328.1698,332.1859,331.0384,328.7435,328.7435,330.4647,331.6122,330.4647,330.4647,329.891,330.4647,331.0384,329.891,328.1698,327.0224,331.6122,328.1698,329.3173,332.1859,328.1698,332.1859,328.7435,329.891,325.8749,329.891,329.3173,331.6122,329.891,329.3173,333.3333,328.7435,333.3333,329.3173,329.3173,331.6122,329.3173,329.891,332.1859,332.1859,333.3333,335.6282,332.1859,335.6282,341.3654,348.2502,351.1187,355.1348,367.183,373.494,382.0998,391.8531],"processed_data":[-25.59799324,-17.68408185,-11.17343495,-6.06605255,-2.361934645,-1.30390263,-0.586130382,-0.250836129,0.178831687,0.111775188,-0.461949204,-0.588609572,-0.114233768,0.427202761,0.394914767,-0.146517799,-0.608478497,-0.067041967,-0.340241535,-0.240893475,0.911520822,1.64419701,1.256748348,1.144984918,1.348636776,1.664057744,1.425627077,1.3014422,1.3784362,0.71033098,-0.305476994,-0.489265079,-0.712791146,-0.558802221,0.067076051,-0.01737124,-0.563774472,-0.496715595,-0.337760496,-0.171355805,-0.260769006,0.084457464,0.511640805,0.499222528,0.243412034,0.54890607,0.909040575,1.040673062,0.931388294,0.710345115,-0.047170532,-0.149002934,-0.479326653,-1.085337585,-0.665599476,-0.521548581,0.37753428,0.606030485,0.610998509,0.345242455,-0.317892496,-1.159852527,-0.75253679,-0.844429578,-0.501682694,0.442103134,0.899095544,1.144971575,1.395818801,0.938826127,1.2467979,1.010852764,0.178833404,0.481841116,0.188774208,0.948768252,2.066412591,2.486149776,3.052425104,3.49202976,5.06418494,7.907965326,10.87344611,15.64205431,22.04738931,28.45769101,35.72634408,43.74381859,52.51011454,62.02523193],"differential_data":[23.74173418,21.63683743,17.42704394,13.21725046,7.14322488,2.663706396,1.579599752,1.147443103,0.543916975,-0.961171336,-1.050577139,0.521573153,1.5237185,0.763722804,-0.860580841,-1.505089896,0.119213748,0.402355442,-0.260777263,1.877643536,2.827635728,0.51784129,-0.748818137,0.137832642,0.778609239,0.115485451,-0.543923316,-0.070786315,-0.88666683,-2.525869791,-1.799394087,-0.610971228,-0.104305713,1.169800796,0.812146472,-0.946275785,-0.719016533,0.339020964,0.488039686,0.115487235,0.383719903,1.158614716,0.622147597,-0.402343156,0.074525313,0.998442811,0.737650487,0.033521578,-0.49549192,-1.467838238,-1.289022074,-0.648234182,-1.404501977,-0.279409235,0.845683507,1.564700634,1.691368598,0.350196343,-0.391182045,-1.393336507,-2.257642473,-0.651966442,0.473134425,0.376281144,1.929799068,2.101167357,1.054302661,0.745084886,-0.309218171,-0.223531351,0.108039955,-1.601946744,-0.793517472,0.014911206,0.700390704,2.816457575,2.306072285,1.479018769,1.508819976,3.017639755,6.623903349,8.71389176,11.60113347,16.76091479,19.22345506,20.51843216,22.92919137,25.17565569,27.42212001,28.54535217,23.74173418,21.63683743,17.42704394,13.21725046,7.14322488,2.663706396,1.579599752,1.147443103,0.543916975,-0.961171336,-1.050577139,0.521573153,1.5237185,0.763722804,-0.860580841,-1.505089896,0.119213748,0.402355442,-0.260777263,1.877643536,2.827635728,0.51784129,-0.748818137,0.137832642,0.778609239,0.115485451,-0.543923316,-0.070786315,-0.88666683,-2.525869791,-1.799394087,-0.610971228,-0.104305713,1.169800796,0.812146472,-0.946275785,-0.719016533,0.339020964,0.488039686,0.115487235,0.383719903,1.158614716,0.622147597,-0.402343156,0.074525313,0.998442811,0.737650487,0.033521578,-0.49549192,-1.467838238,-1.289022074,-0.648234182,-1.404501977,-0.279409235,0.845683507,1.564700634,1.691368598,0.350196343,-0.391182045,-1.393336507,-2.257642473,-0.651966442,0.473134425,0.376281144,1.929799068,2.101167357,1.054302661,0.745084886,-0.309218171,-0.223531351,0.108039955,-1.601946744,-0.793517472,0.014911206,0.700390704,2.816457575,2.306072285,1.479018769,1.508819976,3.017639755,6.623903349,8.71389176,11.60113347,16.76091479,19.22345506,20.51843216,22.92919137,25.17565569,27.42212001,28.54535217]}

Slot 7:
Outcome check: Slight Positive
Index Rising data : 22.333333
Index Break data : 0.000000
Index Transition time: 23.666667
{"outcome":{"outcome":"Slight Positive","transition_time":{"x":23.66666667,"y":3.445499965,"i":71},"plateau_point":{"x":28,"y":45.04623624,"i":84},"increase":41.60073628,"suspect_score":3,"arm_width":4,"window_rate":9.958449062,"rise_width":4,"shape_flag":0,"climbs_fixed":0,"climb_first_i":-1},"peak_features":{"main_peak":{"x":26,"y":12.45692701,"i":78},"left_arm":{"x":23.66666667,"y":4.176397547,"i":71},"right_arm":{"x":27.66666667,"y":5.569872571,"i":83}},"time_data":[0,0.333333333,0.666666667,1,1.333333333,1.666666667,2,2.333333333,2.666666667,3,3.333333333,3.666666667,4,4.333333333,4.666666667,5,5.333333333,5.666666667,6,6.333333333,6.666666667,7,7.333333333,7.666666667,8,8.333333333,8.666666667,9,9.333333333,9.666666667,10,10.33333333,10.66666667,11,11.33333333,11.66666667,12,12.33333333,12.66666667,13,13.33333333,13.66666667,14,14.33333333,14.66666667,15,15.33333333,15.66666667,16,16.33333333,16.66666667,17,17.33333333,17.66666667,18,18.33333333,18.66666667,19,19.33333333,19.66666667,20,20.33333333,20.66666667,21,21.33333333,21.66666667,22,22.33333333,22.66666667,23,23.33333333,23.66666667,24,24.33333333,24.66666667,25,25.33333333,25.66666667,26,26.33333333,26.66666667,27,27.33333333,27.66666667,28,28.33333333,28.66666667,29,29.33333333,29.66666667],"raw_data":[269.6351,284.4774,291.8986,296.2276,298.7013,301.175,299.9382,301.7935,298.0829,299.9382,298.0829,298.0829,299.3197,301.7935,300.5566,301.175,301.175,302.4119,298.7013,299.3197,302.4119,301.7935,299.9382,301.7935,301.175,298.0829,296.2276,299.3197,300.5566,297.4644,299.9382,298.7013,299.9382,302.4119,301.175,299.9382,299.9382,298.7013,300.5566,300.5566,298.0829,301.7935,296.846,301.7935,298.0829,303.0303,298.7013,299.9382,299.9382,301.175,299.3197,298.0829,299.9382,301.7935,299.9382,300.5566,298.0829,303.0303,297.4644,296.846,299.9382,300.5566,300.5566,297.4644,299.3197,297.4644,299.9382,299.9382,301.7935,303.0303,299.9382,302.4119,303.6487,308.5962,310.4514,315.3989,318.491,321.5832,326.5306,330.8596,333.3333,338.2808,341.9913,340.7545,344.4651,346.9388,343.8466,347.5572,345.7019,351.8862],"processed_data":[-26.95604988,-17.29356162,-9.502423743,-3.582636238,0.465800892,1.137776825,1.49384113,1.185967383,0.396204432,-0.567582168,-0.538133365,-0.476561047,0.38281065,0.725487779,1.922184403,2.211316129,1.603595948,1.204692362,1.493829768,1.274302033,1.368008172,1.823132668,2.412114792,1.41888322,0.101712974,-0.131206562,-0.631842939,-0.974521653,-0.872791241,-0.463183118,0.192725111,0.471152037,0.910210812,1.667854474,1.306435457,1.210058171,0.998555369,0.120440595,0.59965601,0.235556863,0.51130815,0.10973738,0.35068687,0.527378231,0.851313603,0.530053605,1.236831335,0.910212001,0.837928805,-0.048214867,0.54076686,0.465806705,0.795098507,0.339979296,1.239510408,1.477777258,0.519342464,-0.246330889,-0.307906378,-0.029480509,-0.010744037,-0.26239846,0.125792136,-0.045545438,-0.72287093,-0.763021758,0.230213644,1.11903956,1.534000413,1.922190613,2.428174964,3.445499965,5.212439995,8.058283422,11.74476419,15.27864768,19.3211917,22.91932949,26.95116752,31.2239475,34.9800345,38.23013068,41.33298786,43.23646103,45.04623624,45.34073352,46.64104205,47.92394803,49.18945146,50.43755234],"differential_data":[28.98746477,26.1804392,20.56638808,14.95233695,7.080619594,1.542060357,0.072285838,-1.646455046,-2.630324327,-1.401506696,0.136531681,1.381416024,1.803073239,2.309060629,2.228742525,-0.477882683,-1.509935652,-0.16464927,0.104414506,-0.188732395,0.823245953,1.56615993,-0.606374171,-3.465602726,-2.325134674,-1.10033387,-1.264972637,-0.361422452,0.767007803,1.598274528,1.401502733,1.076228551,1.795053655,0.594336968,-0.686694455,-0.461820132,-1.634426365,-0.598349039,0.172674402,-0.13252179,-0.188729224,-0.24093192,0.626461277,0.7509401,0.004013062,0.578276597,0.570237593,-0.598353795,-1.437640302,-0.445742917,0.771032358,0.38149747,-0.188741114,0.666617852,1.706696944,-1.080251917,-2.58616222,-1.240873262,0.32527557,0.445743511,-0.349376926,0.204804259,0.325279533,-1.272994599,-1.076214481,1.429626861,2.823091978,1.955680154,1.204726578,1.341261827,2.284964029,4.176397547,6.919175185,9.798486288,10.83054639,11.36464126,11.46102271,11.44496373,12.45692701,12.04330048,10.50927477,9.529430043,7.509495525,5.569872571,3.156408731,2.392208704,3.874821769,3.82261412,3.77040647,3.744302646,28.98746477,26.1804392,20.56638808,14.95233695,7.080619594,1.542060357,0.072285838,-1.646455046,-2.630324327,-1.401506696,0.136531681,1.381416024,1.803073239,2.309060629,2.228742525,-0.477882683,-1.509935652,-0.16464927,0.104414506,-0.188732395,0.823245953,1.56615993,-0.606374171,-3.465602726,-2.325134674,-1.10033387,-1.264972637,-0.361422452,0.767007803,1.598274528,1.401502733,1.076228551,1.795053655,0.594336968,-0.686694455,-0.461820132,-1.634426365,-0.598349039,0.172674402,-0.13252179,-0.188729224,-0.24093192,0.626461277,0.7509401,0.004013062,0.578276597,0.570237593,-0.598353795,-1.437640302,-0.445742917,0.771032358,0.38149747,-0.188741114,0.666617852,1.706696944,-1.080251917,-2.58616222,-1.240873262,0.32527557,0.445743511,-0.349376926,0.204804259,0.325279533,-1.272994599,-1.076214481,1.429626861,2.823091978,1.955680154,1.204726578,1.341261827,2.284964029,4.176397547,6.919175185,9.798486288,10.83054639,11.36464126,11.46102271,11.44496373,12.45692701,12.04330048,10.50927477,9.529430043,7.509495525,5.569872571,3.156408731,2.392208704,3.874821769,3.82261412,3.77040647,3.744302646]}

Slot 8:
Outcome check: Positive
Index Rising data : 18.333333
Index Break data : 0.000000
Index Transition time: 19.000000
{"outcome":{"outcome":"Positive","transition_time":{"x":19,"y":9.504760082,"i":57},"plateau_point":{"x":23.33333333,"y":93.71342488,"i":70},"increase":84.2086648,"suspect_score":1,"arm_width":3.666666667,"window_rate":20.24694362,"rise_width":4.333333333,"shape_flag":0,"climbs_fixed":0,"climb_first_i":-1},"peak_features":{"main_peak":{"x":21,"y":27.43608153,"i":63},"left_arm":{"x":19.33333333,"y":11.33301376,"i":58},"right_arm":{"x":23,"y":12.25598917,"i":69}},"time_data":[0,0.333333333,0.666666667,1,1.333333333,1.666666667,2,2.333333333,2.666666667,3,3.333333333,3.666666667,4,4.333333333,4.666666667,5,5.333333333,5.666666667,6,6.333333333,6.666666667,7,7.333333333,7.666666667,8,8.333333333,8.666666667,9,9.333333333,9.666666667,10,10.33333333,10.66666667,11,11.33333333,11.66666667,12,12.33333333,12.66666667,13,13.33333333,13.66666667,14,14.33333333,14.66666667,15,15.33333333,15.66666667,16,16.33333333,16.66666667,17,17.33333333,17.66666667,18,18.33333333,18.66666667,19,19.33333333,19.66666667,20,20.33333333,20.66666667,21,21.33333333,21.66666667,22,22.33333333,22.66666667,23,23.33333333,23.66666667,24,24.33333333,24.66666667,25,25.33333333,25.66666667,26,26.33333333,26.66666667,27,27.33333333,27.66666667,28,28.33333333,28.66666667,29,29.33333333,29.66666667],"raw_data":[269.8113,283.6478,289.9371,296.2264,295.5975,300.6289,300,301.8868,302.5157,300.6289,299.3711,298.7422,300,301.8868,298.1132,298.1132,301.2579,300.6289,299.3711,296.8553,301.8868,301.2579,299.3711,300,300.6289,299.3711,298.1132,297.4843,301.2579,302.5157,300,298.1132,299.3711,301.2579,300,300.6289,299.3711,298.7422,299.3711,301.8868,300.6289,300,297.4843,298.7422,299.3711,301.2579,297.4843,300.6289,300,301.2579,303.1447,300.6289,303.7736,303.1447,304.4025,303.7736,308.1761,309.434,315.7233,315.7233,322.6415,329.5598,338.9937,350.3145,354.0881,366.0378,372.956,381.761,386.1635,389.9371,392.4529,396.8554,399.3711,404.4025,400,401.2579,401.8868,401.8868,405.0315,401.8868,403.7736,403.1447,403.1447,406.9183,408.1761,403.7736,407.5472,408.8051,402.5157,408.8051],"processed_data":[-27.69908096,-19.2428219,-12.20233749,-6.577627735,-2.368692638,-0.664317738,0.601709275,0.985602177,1.037332378,0.029956636,0.068072563,-0.45467347,-1.146225702,-1.015538203,-0.642542455,-0.291321329,-1.094505541,-1.276921656,-0.476464738,-0.430179348,-0.754169018,-0.364829984,0.108911159,0.171535872,-1.222461122,-1.63358363,-1.138066412,-0.710609205,-0.598977754,-0.465566924,-0.100731127,-0.193297151,-0.623477688,-0.639815822,-0.353939568,-0.511850332,-0.672485748,-0.716049789,-0.196024577,-0.313097405,-0.416561639,-0.86035143,-0.90935883,-1.636304319,-1.478394215,-1.236080549,-0.814069872,-0.242313005,-0.073507862,0.495524353,1.489291765,1.938527954,2.23256865,2.722643699,3.204550871,5.273765399,6.866514264,9.504760082,12.72565041,17.06010259,23.11798386,30.02805332,38.02990313,47.23243997,56.32062415,65.13654648,72.96414594,79.4658215,85.54276543,89.38169854,93.71342488,96.58581715,98.96268308,100.6098806,101.2388101,101.7561099,101.7125461,101.7234389,102.654584,102.5021206,102.6899878,103.7436518,103.9233496,104.8463236,106.0960127,106.1014563,106.3976789,106.4897036,106.3775305,106.0611594],"differential_data":[25.36877719,23.24511521,18.99779124,14.75046728,8.869964996,4.455602869,2.474879872,0.653434654,-1.433468311,-1.453889723,-0.726945159,-1.821447397,-0.8412971,0.755524871,1.086325311,-0.677944629,-1.478400491,0.927061205,1.270113462,-0.41655642,0.098024046,1.294620266,0.804548784,-1.997058423,-2.707679253,0.126592066,1.384461638,0.808632987,0.367563421,0.74736994,0.40840466,-0.784119841,-0.669778006,0.40430718,0.191948234,-0.477819269,-0.306299185,0.714691757,0.604428576,-0.330805593,-0.820881039,-0.739195787,-1.163929332,-0.853553078,0.600335654,0.996486515,1.490651316,1.110843014,1.106756037,2.344199441,2.164505401,1.114915328,1.176173619,1.457973332,3.826682549,5.492945089,6.346492024,8.788704216,11.33301376,15.58850018,19.4519261,22.3678789,25.80657999,27.43608153,26.85615976,24.96528269,21.49391254,18.86792924,14.87381556,12.25598917,10.80617791,7.873887297,6.036095161,3.414190515,1.719343904,0.710603986,-0.049006474,1.413056807,1.168022651,0.053105738,1.862296761,1.850042764,1.654007751,3.258994561,1.882698951,0.45249933,0.582370986,-0.030222628,-0.642816241,-0.949113048,25.36877719,23.24511521,18.99779124,14.75046728,8.869964996,4.455602869,2.474879872,0.653434654,-1.433468311,-1.453889723,-0.726945159,-1.821447397,-0.8412971,0.755524871,1.086325311,-0.677944629,-1.478400491,0.927061205,1.270113462,-0.41655642,0.098024046,1.294620266,0.804548784,-1.997058423,-2.707679253,0.126592066,1.384461638,0.808632987,0.367563421,0.74736994,0.40840466,-0.784119841,-0.669778006,0.40430718,0.191948234,-0.477819269,-0.306299185,0.714691757,0.604428576,-0.330805593,-0.820881039,-0.739195787,-1.163929332,-0.853553078,0.600335654,0.996486515,1.490651316,1.110843014,1.106756037,2.344199441,2.164505401,1.114915328,1.176173619,1.457973332,3.826682549,5.492945089,6.346492024,8.788704216,11.33301376,15.58850018,19.4519261,22.3678789,25.80657999,27.43608153,26.85615976,24.96528269,21.49391254,18.86792924,14.87381556,12.25598917,10.80617791,7.873887297,6.036095161,3.414190515,1.719343904,0.710603986,-0.049006474,1.413056807,1.168022651,0.053105738,1.862296761,1.850042764,1.654007751,3.258994561,1.882698951,0.45249933,0.582370986,-0.030222628,-0.642816241,-0.949113048]}

Slot 9:
Outcome check: Negative
Index Rising data : 26.333333
Index Break data : 0.000000
Index Transition time: 20.333333
[dash] heap free=83504 maxAlloc=69620 intFree=83504 intLargest=69620 clients=0 ap=0
{"outcome":{"outcome":"Negative","transition_time":{"x":20.33333333,"y":7.313149192,"i":61},"plateau_point":{"x":22.33333333,"y":11.16040515,"i":67},"increase":3.847255954,"suspect_score":3,"arm_width":2,"window_rate":0.942577709,"rise_width":8,"shape_flag":0,"climbs_fixed":0,"climb_first_i":-1},"peak_features":{"main_peak":{"x":21.33333333,"y":2.664642928,"i":64},"left_arm":{"x":20.33333333,"y":0.170617438,"i":61},"right_arm":{"x":22.33333333,"y":0.286035117,"i":67}},"time_data":[0,0.333333333,0.666666667,1,1.333333333,1.666666667,2,2.333333333,2.666666667,3,3.333333333,3.666666667,4,4.333333333,4.666666667,5,5.333333333,5.666666667,6,6.333333333,6.666666667,7,7.333333333,7.666666667,8,8.333333333,8.666666667,9,9.333333333,9.666666667,10,10.33333333,10.66666667,11,11.33333333,11.66666667,12,12.33333333,12.66666667,13,13.33333333,13.66666667,14,14.33333333,14.66666667,15,15.33333333,15.66666667,16,16.33333333,16.66666667,17,17.33333333,17.66666667,18,18.33333333,18.66666667,19,19.33333333,19.66666667,20,20.33333333,20.66666667,21,21.33333333,21.66666667,22,22.33333333,22.66666667,23,23.33333333,23.66666667,24,24.33333333,24.66666667,25,25.33333333,25.66666667,26,26.33333333,26.66666667,27,27.33333333,27.66666667,28,28.33333333,28.66666667,29,29.33333333,29.66666667],"raw_data":[450.541,456.7233,464.4513,469.0881,469.0881,469.0881,468.3153,472.1793,472.1793,472.1793,472.9521,471.4065,471.4065,469.8609,474.4977,471.4065,473.7249,473.7249,472.1793,475.2705,472.9521,474.4977,475.2705,476.0433,473.7249,472.1793,473.7249,476.0433,473.7249,478.3617,474.4977,476.0433,474.4977,478.3617,474.4977,475.2705,474.4977,474.4977,475.2705,477.5889,476.0433,475.2705,476.0433,476.0433,476.8161,479.1345,476.0433,479.1345,476.8161,476.0433,477.5889,479.1345,479.9073,478.3617,480.6801,479.1345,479.1345,478.3617,479.1345,479.9073,479.1345,477.5889,479.9073,479.9073,479.1345,483.7712,482.2256,482.2256,482.2256,483.7712,480.6801,482.2256,483.7712,482.2256,482.9984,482.2256,481.4529,483.7712,481.4529,480.6801,482.2256,484.544,481.4529,483.7712,484.544,485.3168,484.544,483.7712,482.2256,484.544],"processed_data":[-19.74412731,-13.95752434,-9.154478408,-5.334989513,-2.499057654,-1.338184836,-1.124069544,-0.551991516,0.257612088,0.923359792,0.548672366,0.284379835,0.076962558,0.170634877,0.638996471,0.980231347,1.676082859,1.997245095,1.739646218,2.284952932,2.693096607,3.28523948,3.335421079,2.632878687,2.907204764,2.197971493,2.599424288,2.947350044,3.940945712,4.12159947,4.513015945,4.422689066,4.596651944,4.007854511,4.08814507,3.455856918,3.572947316,3.485965877,4.11490859,4.325671307,4.553161225,4.449452586,4.827487302,4.676942503,5.516647933,6.135554326,6.092063607,5.877955449,5.660501852,5.854537369,6.332935284,6.737733519,7.657729508,8.219763421,8.055836863,7.694529348,7.627620548,7.855110466,7.313149192,7.400130631,7.567402629,7.313149192,7.681147588,8.35358102,9.347176688,10.13000964,10.85262467,11.16040515,11.04331475,10.69538899,10.86600643,11.01655123,11.13698707,10.82920659,11.3410589,11.15705971,10.63851651,10.31735428,10.52142611,10.55153507,10.67531635,10.79240675,11.7592389,12.51865377,12.87996129,12.63574417,12.63005692,12.53571551,12.35271995,12.08107022],"differential_data":[17.3598089,15.88447335,12.93380224,9.983131131,5.995207016,2.062482165,1.179289979,2.072522448,2.213026963,0.436590418,-0.958469936,-0.707564713,-0.170617438,0.84305087,1.214394706,1.555629582,1.525520622,0.095345039,0.431561755,1.430175583,1.500429822,0.963486709,-0.978541188,-0.642324472,-0.652360792,-0.461670715,1.124067827,2.012282136,1.761374139,0.85810535,0.451634395,0.125453999,-0.622251833,-0.762760311,-0.82799639,-0.772797,0.045163439,0.81294191,1.259558145,0.657378952,0.185671918,0.411489115,0.341234876,1.033740948,2.187917734,0.86312351,-0.386398315,-0.647342632,-0.03512712,1.008650148,1.324794224,1.987191336,2.223044854,0.597161033,-0.787851111,-0.642324472,0.240871677,-0.471707034,-0.682469752,0.381380155,-0.130472158,0.170617438,1.560647742,2.49904365,2.664642928,2.258171973,1.545593262,0.286035117,-0.697524232,-0.265962477,0.481743354,0.406470955,-0.281016957,0.306107756,0.491779674,-1.053813588,-1.259558145,-0.175635598,0.351271196,0.230835357,0.361307516,1.625883821,2.589370529,1.68108358,0.175635598,-0.374856548,-0.150042982,-0.416005459,-0.681967936,-0.814949174,17.3598089,15.88447335,12.93380224,9.983131131,5.995207016,2.062482165,1.179289979,2.072522448,2.213026963,0.436590418,-0.958469936,-0.707564713,-0.170617438,0.84305087,1.214394706,1.555629582,1.525520622,0.095345039,0.431561755,1.430175583,1.500429822,0.963486709,-0.978541188,-0.642324472,-0.652360792,-0.461670715,1.124067827,2.012282136,1.761374139,0.85810535,0.451634395,0.125453999,-0.622251833,-0.762760311,-0.82799639,-0.772797,0.045163439,0.81294191,1.259558145,0.657378952,0.185671918,0.411489115,0.341234876,1.033740948,2.187917734,0.86312351,-0.386398315,-0.647342632,-0.03512712,1.008650148,1.324794224,1.987191336,2.223044854,0.597161033,-0.787851111,-0.642324472,0.240871677,-0.471707034,-0.682469752,0.381380155,-0.130472158,0.170617438,1.560647742,2.49904365,2.664642928,2.258171973,1.545593262,0.286035117,-0.697524232,-0.265962477,0.481743354,0.406470955,-0.281016957,0.306107756,0.491779674,-1.053813588,-1.259558145,-0.175635598,0.351271196,0.230835357,0.361307516,1.625883821,2.589370529,1.68108358,0.175635598,-0.374856548,-0.150042982,-0.416005459,-0.681967936,-0.814949174]}

Slot 10:
Outcome check: Negative
Index Rising data : 19.333333
Index Break data : 0.000000
Index Transition time: 20.000000
{"outcome":{"outcome":"Negative","transition_time":{"x":20,"y":-0.103138317,"i":60},"plateau_point":{"x":21,"y":1.985438491,"i":63},"increase":2.088576808,"suspect_score":3,"arm_width":1,"window_rate":0.611675642,"rise_width":4.666666667,"shape_flag":0,"climbs_fixed":0,"climb_first_i":-1},"peak_features":{"main_peak":{"x":20.33333333,"y":3.356333646,"i":61},"left_arm":{"x":20,"y":1.048587452,"i":60},"right_arm":{"x":21,"y":-0.58445393,"i":63}},"time_data":[0,0.333333333,0.666666667,1,1.333333333,1.666666667,2,2.333333333,2.666666667,3,3.333333333,3.666666667,4,4.333333333,4.666666667,5,5.333333333,5.666666667,6,6.333333333,6.666666667,7,7.333333333,7.666666667,8,8.333333333,8.666666667,9,9.333333333,9.666666667,10,10.33333333,10.66666667,11,11.33333333,11.66666667,12,12.33333333,12.66666667,13,13.33333333,13.66666667,14,14.33333333,14.66666667,15,15.33333333,15.66666667,16,16.33333333,16.66666667,17,17.33333333,17.66666667,18,18.33333333,18.66666667,19,19.33333333,19.66666667,20,20.33333333,20.66666667,21,21.33333333,21.66666667,22,22.33333333,22.66666667,23,23.33333333,23.66666667,24,24.33333333,24.66666667,25,25.33333333,25.66666667,26,26.33333333,26.66666667,27,27.33333333,27.66666667,28,28.33333333,28.66666667,29,29.33333333,29.66666667],"raw_data":[139.6426,164.7915,183.9841,193.2495,195.8968,197.8822,197.2204,199.2058,196.5586,200.5294,197.2204,201.8531,197.8822,196.5586,201.1913,200.5294,195.2349,199.2058,199.8676,197.8822,197.2204,198.544,200.5294,199.2058,198.544,195.8968,199.8676,201.1913,199.8676,198.544,200.5294,200.5294,198.544,198.544,199.2058,201.1913,200.5294,198.544,196.5586,199.8676,198.544,197.8822,197.8822,203.8385,203.1767,196.5586,201.8531,201.8531,198.544,201.1913,200.5294,199.2058,200.5294,198.544,198.544,202.5149,197.8822,201.8531,197.2204,199.2058,201.1913,196.5586,197.8822,202.5149,204.5003,199.8676,195.8968,198.544,198.544,201.8531,200.5294,195.8968,197.2204,201.1913,200.5294,199.8676,197.8822,197.2204,197.8822,201.8531,199.8676,196.5586,199.2058,201.1913,201.8531,201.8531,203.1767,196.5586,201.1913,201.1913],"processed_data":[-54.11054456,-35.53765582,-20.54744053,-9.139898668,-1.315030251,-0.088812097,0.028651976,-0.535750484,0.031518251,0.429752697,0.157576326,0.085948994,0.991286703,0.234926959,0.151843711,-0.166168411,0.369585706,0.094546496,-0.839441407,-0.472723693,0.352395524,0.320880642,-0.097405174,-0.088809059,0.160443393,0.297961413,0.146114465,0.633162131,1.380926223,1.782025622,1.080103953,0.515702813,0.676141516,1.082969897,1.148864284,0.779279767,0.888148783,0.676139006,0.163304184,-0.974098701,-0.667545533,1.039990644,1.441089845,1.518444903,2.469622988,2.486814887,2.203179694,1.495525211,1.509851827,2.217506442,1.421039069,0.787875749,1.363741193,0.690467735,1.237678957,1.243407609,0.833715265,1.409579058,1.011344678,-0.194819727,-0.103138317,0.504238575,2.134417447,1.985438491,1.744781494,1.52704267,0.865229619,0.429749856,0.065898152,0.166174026,0.564406424,0.389642757,0.578732049,0.412560203,0.644623661,0.595917078,0.320878066,0.180494102,0.031512636,-0.014324964,0.392504209,0.848037456,1.051453429,1.97398066,2.435244804,2.859262772,2.956671625,2.69738858,2.081413639,1.1087468],"differential_data":[55.71866622,50.34465606,39.59663573,28.84861541,13.57662986,2.015523341,-0.67040758,0.004299412,1.448254771,0.189087112,-0.515705555,1.250565566,0.223466947,-1.259164488,-0.601643055,0.326612993,0.39107236,-1.813540669,-0.850905282,1.787755396,1.190406502,-0.674701047,-0.614534551,0.386772849,0.580155707,-0.021493392,0.502801078,1.852217637,1.723295237,-0.451233406,-1.899484213,-0.605943655,0.850900625,0.709084152,-0.455535195,-0.391073252,-0.154711141,-1.087266897,-2.47535656,-1.246274577,3.021134017,3.162953067,0.717681389,1.542799714,1.452554975,-0.399664941,-1.486934513,-1.0399918,1.082971845,-0.133219137,-2.144446039,-0.085946814,-0.146112021,-0.189093354,0.82940981,-0.605945538,0.249257174,0.26644412,-2.406598178,-1.671724493,1.048587452,3.356333646,2.221799875,-0.58445393,-0.687593733,-1.319327813,-1.64593922,-1.1989972,-0.395363746,0.747762408,0.335203096,0.021488437,0.034376169,0.098837419,0.275035313,-0.485618393,-0.623134464,-0.434048145,-0.2922286,0.541487359,1.29354363,0.988423831,1.688914807,2.075687062,1.327923168,0.782140231,-0.242811287,-1.312886979,-2.38296267,-2.918000516,55.71866622,50.34465606,39.59663573,28.84861541,13.57662986,2.015523341,-0.67040758,0.004299412,1.448254771,0.189087112,-0.515705555,1.250565566,0.223466947,-1.259164488,-0.601643055,0.326612993,0.39107236,-1.813540669,-0.850905282,1.787755396,1.190406502,-0.674701047,-0.614534551,0.386772849,0.580155707,-0.021493392,0.502801078,1.852217637,1.723295237,-0.451233406,-1.899484213,-0.605943655,0.850900625,0.709084152,-0.455535195,-0.391073252,-0.154711141,-1.087266897,-2.47535656,-1.246274577,3.021134017,3.162953067,0.717681389,1.542799714,1.452554975,-0.399664941,-1.486934513,-1.0399918,1.082971845,-0.133219137,-2.144446039,-0.085946814,-0.146112021,-0.189093354,0.82940981,-0.605945538,0.249257174,0.26644412,-2.406598178,-1.671724493,1.048587452,3.356333646,2.221799875,-0.58445393,-0.687593733,-1.319327813,-1.64593922,-1.1989972,-0.395363746,0.747762408,0.335203096,0.021488437,0.034376169,0.098837419,0.275035313,-0.485618393,-0.623134464,-0.434048145,-0.2922286,0.541487359,1.29354363,0.988423831,1.688914807,2.075687062,1.327923168,0.782140231,-0.242811287,-1.312886979,-2.38296267,-2.918000516]}

[len] set(90) was=90 APPLIED

>>> {"Slot":[410,428,443,446,453,449,450,452,451,452,453,454,451,448,457,453,452,457,456,450,447,453,454...(372 B)
data received from Serial port

Receive long json data in 1 receiving
{"Slot":[410,428,443,446,453,449,450,452,451,452,453,454,451,448,457,453,452,457,456,450,447,453,454,452,454,453,453,454,456,461,460,468,472,483,496,503,514,522,529,536,540,538,550,547,549,547,544,546,547,551,551,548,555,550,553,557,553,549,550,555,549,558,550,557,552,557,558,554,559,558,556,557,561,560,556,557,562,558,561,560,561,563,563,563,564,562,565,563,565,566]}0
Json data received

>>> {"Slot":[471,494,507,513,519,517,522,520,521,516,518,519,518,522,516,516,520,517,520,515,521,519,517...(372 B)
data received from Serial port

Receive long json data in 1 receiving
{"Slot":[471,494,507,513,519,517,522,520,521,516,518,519,518,522,516,516,520,517,520,515,521,519,517,521,523,520,522,518,527,525,525,532,536,541,550,562,569,576,578,586,585,586,587,594,589,591,589,592,594,598,598,598,597,592,598,601,593,598,596,600,597,598,597,597,599,601,605,602,599,603,603,599,605,603,600,604,607,603,603,605,609,611,608,610,612,603,610,609,611,613]}1
Json data received

>>> {"Slot":[377,398,409,414,419,419,418,421,424,422,422,421,421,418,422,420,420,420,421,423,419,421,421...(372 B)
data received from Serial port
[stack]
Receive long json data in 1 receiving
{"Slot":[377,398,409,414,419,419,418,421,424,422,422,421,421,418,422,420,420,420,421,423,419,421,421,422,422,421,424,419,421,422,424,426,430,436,441,444,447,453,452,456,460,458,458,459,458,462,461,460,459,458,456,459,458,460,458,457,458,457,460,459,458,460,460,459,460,458,457,460,457,460,460,458,459,460,459,459,460,459,458,459,459,459,458,458,458,461,460,459,456,458]}2 Control=2128/4096
 Sensor=1520/10240 Display=6080/10240 Network=2208/6144 Input=1488/6144 Setting=7016/8192 | unused=24616 B
Json data received

>>> {"Slot":[535,562,574,583,587,586,589,589,591,590,591,590,593,593,591,592,593,590,593,595,595,593,593...(372 B)
data received from Serial port
finish one round maintenance

Receive long json data in 1 receiving
{"Slot":[535,562,574,583,587,586,589,589,591,590,591,590,593,593,591,592,593,590,593,595,595,593,593,595,594,597,596,596,597,601,604,603,603,603,610,606,613,611,616,615,619,623,625,628,629,634,634,637,640,648,649,650,652,656,660,665,668,670,670,674,676,679,682,684,685,688,693,690,694,694,699,699,699,701,705,705,709,708,707,705,709,711,710,714,709,712,715,712,714,711]}3
Json data received

>>> {"Slot":[421,439,452,455,460,462,462,463,464,467,465,466,465,467,466,465,466,466,467,466,466,465,467...(372 B)
data received from Serial port

Receive long json data in 1 receiving
{"Slot":[421,439,452,455,460,462,462,463,464,467,465,466,465,467,466,465,466,466,467,466,466,465,467,466,469,469,469,471,470,473,472,472,474,471,476,475,475,476,477,478,479,479,479,479,483,479,486,485,486,487,488,490,488,491,490,495,494,498,496,499,500,501,500,508,504,509,506,508,510,510,513,513,512,516,518,520,520,517,521,520,522,526,525,525,529,526,529,526,531,531]}4
Json data received
[dash] heap free=92996 maxAlloc=81908 intFree=92996 intLargest=81908 clients=0 ap=0

>>> {"Slot":[474,495,510,514,519,520,525,526,522,525,524,524,521,526,521,523,516,530,525,524,524,522,523...(372 B)
data received from Serial port

Receive long json data in 1 receiving
{"Slot":[474,495,510,514,519,520,525,526,522,525,524,524,521,526,521,523,516,530,525,524,524,522,523,525,524,523,522,525,525,524,526,525,530,531,536,539,546,544,551,550,553,552,553,554,558,554,557,555,556,560,560,559,557,558,561,560,557,563,565,563,560,558,564,563,563,569,566,571,569,565,565,564,571,567,568,567,571,575,570,570,574,573,573,574,576,576,572,578,580,575]}5
Json data received

>>> {"Slot":[357,382,390,394,401,404,405,398,403,403,404,406,402,403,408,405,407,408,408,399,410,412,417...(372 B)
data received from Serial port

Receive long json data in 1 receiving
{"Slot":[357,382,390,394,401,404,405,398,403,403,404,406,402,403,408,405,407,408,408,399,410,412,417,432,442,464,493,522,562,603,641,669,684,703,715,720,722,726,732,729,733,735,735,731,733,735,733,736,732,743,737,733,739,737,736,738,740,741,742,740,737,743,747,744,746,744,743,744,747,745,744,745,743,746,746,749,752,747,749,750,749,752,752,756,747,753,750,750,755,754]}6
Json data received

>>> {"Slot":[426,451,462,471,468,477,475,476,477,478,478,480,475,476,477,477,477,478,476,476,479,477,483...(372 B)
data received from Serial port

Receive long json data in 1 receiving
{"Slot":[426,451,462,471,468,477,475,476,477,478,478,480,475,476,477,477,477,478,476,476,479,477,483,478,477,478,475,480,484,483,478,482,481,481,484,485,489,483,491,495,497,496,498,506,507,511,515,523,524,531,535,537,545,548,553,548,552,557,560,558,561,569,566,568,565,568,567,571,569,573,573,572,573,575,575,573,574,578,581,578,575,576,580,580,578,578,585,580,582,581]}7
Json data received

>>> {"Slot":[384,412,417,423,427,427,427,429,429,427,432,432,432,431,433,433,432,432,434,439,431,435,436...(372 B)
data received from Serial port

Receive long json data in 1 receiving
{"Slot":[384,412,417,423,427,427,427,429,429,427,432,432,432,431,433,433,432,432,434,439,431,435,436,436,436,437,436,437,442,435,439,439,442,441,441,443,437,443,442,439,443,442,444,442,442,444,443,446,446,444,446,447,446,446,444,452,451,448,452,455,449,454,451,453,454,454,452,451,454,455,452,456,452,455,458,459,456,456,455,460,455,459,457,458,460,460,459,463,461,460]}8
Json data received

>>> {"Slot":[408,431,440,445,451,447,451,455,452,455,452,458,450,454,451,456,454,450,451,449,455,452,453...(372 B)
data received from Serial port

Receive long json data in 1 receiving
{"Slot":[408,431,440,445,451,447,451,455,452,455,452,458,450,454,451,456,454,450,451,449,455,452,453,451,452,454,454,456,454,451,455,458,450,452,453,455,452,455,455,455,454,454,454,451,452,455,455,452,454,456,455,452,454,453,454,453,460,453,455,451,451,451,454,450,456,452,451,453,455,453,451,450,456,452,453,451,452,452,451,453,455,454,455,453,454,453,452,454,452,454]}9
Json data received

>>> getResult
data received from Serial port
getResult
[dash] heap free=97932 maxAlloc=86004 intFree=97932 intLargest=86004 clients=0 ap=0
<AmpStart/>
<AmpStart>
{"calibration":{"slopes":[1.508,1.622,1.504,1.73,1.542,1.743,1.617,1.59,1.294,1.511],"origins":[0,0,0,0,0,0,0,0,0,0]},"led_power":[150,150,150,150,150,150,150,150,150,150],"units":"nM FAM","device_id":"RPL01015","slots":10,"amplification_time":30,"reading_interval":0.333333,"software_version":"v2.4.5AT1"}
Amplification Time[min],Sensor 1 Fluorescence[nM FAM],Sensor 2 Fluorescence[nM FAM],Sensor 3 Fluorescence[nM FAM],Sensor 4 Fluorescence[nM FAM],Sensor 5 Fluorescence[nM FAM],Temperature[C]
0.00,271.88,290.38,250.66,309.25,273.02,271.94,220.78,267.92,296.75,270.02,65.80
0.33,283.82,304.56,264.63,324.86,284.70,283.99,236.24,283.65,318.39,285.24,65.80
0.67,293.77,312.58,271.94,331.79,293.13,292.60,241.19,290.57,322.26,291.20,65.80
1.00,295.76,316.28,275.27,336.99,295.07,294.89,243.66,296.23,326.89,294.51,65.80
1.33,300.40,319.98,278.59,339.31,298.31,297.76,247.99,294.34,329.98,298.48,65.80
1.67,297.75,318.74,278.59,338.73,299.61,298.34,249.85,300.00,329.98,295.83,65.80
2.00,298.41,321.82,277.93,340.46,299.61,301.20,250.46,298.74,329.98,298.48,65.80
2.33,299.73,320.59,279.92,340.46,300.26,301.78,246.13,299.37,331.53,301.13,65.80
2.67,299.07,321.21,281.91,341.62,300.91,299.48,249.23,300.00,331.53,299.14,65.80
3.00,299.73,318.13,280.59,341.04,302.85,301.20,249.23,300.63,329.98,301.13,65.80
3.33,300.40,319.36,280.59,341.62,301.56,300.63,249.85,300.63,333.85,299.14,65.80
3.67,301.06,319.98,279.92,341.04,302.20,300.63,251.08,301.89,333.85,303.11,65.80
4.00,299.07,319.36,279.92,342.77,301.56,298.91,248.61,298.74,333.85,297.82,65.80
4.33,297.08,321.82,277.93,342.77,302.85,301.78,249.23,299.37,333.08,300.46,65.80
4.67,303.05,318.13,280.59,341.62,302.20,298.91,252.32,300.00,334.62,298.48,65.80
5.00,300.40,318.13,279.26,342.20,301.56,300.06,250.46,300.00,334.62,301.79,65.80
5.33,299.73,320.59,279.26,342.77,302.20,296.04,251.70,300.00,333.85,300.46,65.80
5.67,303.05,318.74,279.26,341.04,302.20,304.07,252.32,300.63,333.85,297.82,65.80
6.00,302.39,320.59,279.92,342.77,302.85,301.20,252.32,299.37,335.39,298.48,65.80
6.33,298.41,317.51,281.25,343.93,302.20,300.63,246.75,299.37,339.26,297.15,65.80
6.67,296.42,321.21,278.59,343.93,302.20,300.63,253.56,301.26,333.08,301.13,65.80
7.00,300.40,319.98,279.92,342.77,301.56,299.48,254.79,300.00,336.17,299.14,65.80
7.33,301.06,318.74,279.92,342.77,302.85,300.06,257.88,303.77,336.94,299.80,65.80
7.67,299.73,321.21,280.59,343.93,302.20,301.20,267.16,300.63,336.94,298.48,65.80
8.00,301.06,322.44,280.59,343.35,304.15,300.63,273.35,300.00,336.94,299.14,65.80
8.33,300.40,320.59,279.92,345.09,304.15,300.06,286.95,300.63,337.71,300.46,65.80
8.67,300.40,321.82,281.91,344.51,304.15,299.48,304.89,298.74,336.94,300.46,65.80
9.00,301.06,319.36,278.59,344.51,305.45,301.20,322.82,301.89,337.71,301.79,65.80
9.33,302.39,324.91,279.92,345.09,304.80,301.20,347.56,304.40,341.58,300.46,65.80
9.67,305.70,323.67,280.59,347.40,306.74,300.63,372.91,303.77,336.17,298.48,65.80
10.00,305.04,323.67,281.91,349.13,306.10,301.78,396.41,300.63,339.26,301.13,65.80
10.33,310.34,327.99,283.24,348.55,306.10,301.20,413.73,303.14,339.26,303.11,65.80
10.67,313.00,330.46,285.90,348.55,307.39,304.07,423.01,302.52,341.58,297.82,65.80
11.00,320.29,333.54,289.89,348.55,305.45,304.65,434.76,302.52,340.80,299.14,65.80
11.33,328.91,339.09,293.22,352.60,308.69,307.52,442.18,304.40,340.80,299.80,65.80
11.67,333.55,346.49,295.21,350.29,308.04,309.24,445.27,305.03,342.35,301.13,65.80
12.00,340.85,350.80,297.21,354.34,308.04,313.25,446.51,307.55,337.71,299.14,65.80
12.33,346.15,355.12,301.20,353.18,308.69,312.11,448.98,303.77,342.35,301.13,65.80
12.67,350.80,356.35,300.53,356.07,309.34,316.12,452.69,308.81,341.58,301.13,65.80
13.00,355.44,361.28,303.19,355.49,309.99,315.55,450.83,311.32,339.26,301.13,65.80
13.33,358.09,360.67,305.85,357.80,310.64,317.27,453.31,312.58,342.35,300.46,65.80
13.67,356.76,361.28,304.52,360.12,310.64,316.70,454.55,311.95,341.58,300.46,65.80
14.00,364.72,361.90,304.52,361.27,310.64,317.27,454.55,313.21,343.12,300.46,65.80
14.33,362.73,366.21,305.19,363.01,310.64,317.84,452.07,318.24,341.58,298.48,65.80
14.67,364.06,363.13,304.52,363.58,313.23,320.14,453.31,318.87,341.58,299.14,65.80
15.00,362.73,364.36,307.18,366.47,310.64,317.84,454.55,321.38,343.12,301.13,65.80
15.33,360.74,363.13,306.52,366.47,315.18,319.56,453.31,323.90,342.35,301.13,65.80
15.67,362.07,364.98,305.85,368.21,314.53,318.42,455.16,328.93,344.67,299.14,65.80
16.00,362.73,366.21,305.19,369.94,315.18,318.99,452.69,329.56,344.67,300.46,65.80
16.33,365.38,368.68,304.52,374.57,315.82,321.29,459.49,333.96,343.12,301.79,65.80
16.67,365.38,368.68,303.19,375.14,316.47,321.29,455.78,336.48,344.67,301.13,65.80
17.00,363.40,368.68,305.19,375.72,317.77,320.71,453.31,337.74,345.44,299.14,65.80
17.33,368.04,368.06,304.52,376.88,316.47,319.56,457.02,342.77,344.67,300.46,65.80
17.67,364.72,364.98,305.85,379.19,318.42,320.14,455.78,344.65,344.67,299.80,65.80
18.00,366.71,368.68,304.52,381.50,317.77,321.86,455.16,347.80,343.12,300.46,65.80
18.33,369.36,370.53,303.86,384.39,321.01,321.29,456.40,344.65,349.30,299.80,65.80
18.67,366.71,365.60,304.52,386.13,320.36,319.56,457.64,347.17,348.53,304.43,65.80
19.00,364.06,368.68,303.86,387.28,322.96,323.01,458.26,350.31,346.21,299.80,65.80
19.33,364.72,367.45,305.85,387.28,321.66,324.15,458.87,352.20,349.30,301.13,65.80
19.67,368.04,369.91,305.19,389.60,323.61,323.01,457.64,350.94,351.62,298.48,65.80
20.00,364.06,368.06,304.52,390.75,324.25,321.29,455.78,352.83,346.99,298.48,65.80
20.33,370.03,368.68,305.85,392.49,324.90,320.14,459.49,357.86,350.85,298.48,65.80
20.67,364.72,368.06,305.85,394.22,324.25,323.58,461.97,355.97,348.53,300.46,65.80
21.00,369.36,368.06,305.19,395.38,329.44,323.01,460.11,357.23,350.08,297.82,65.80
21.33,366.05,369.30,305.85,395.95,326.85,323.01,461.35,355.35,350.85,301.79,65.80
21.67,369.36,370.53,304.52,397.69,330.09,326.45,460.11,357.23,350.85,299.14,65.80
22.00,370.03,373.00,303.86,400.58,328.15,324.73,459.49,356.60,349.30,298.48,65.80
22.33,367.37,371.15,305.85,398.84,329.44,327.60,460.11,359.12,348.53,299.80,65.80
22.67,370.69,369.30,303.86,401.16,330.74,326.45,461.97,357.86,350.85,301.13,65.80
23.00,370.03,371.76,305.85,401.16,330.74,324.15,460.73,360.38,351.62,299.80,65.80
23.33,368.70,371.76,305.85,404.05,332.68,324.15,460.11,360.38,349.30,298.48,65.80
23.67,369.36,369.30,304.52,404.05,332.68,323.58,460.73,359.75,352.40,297.82,65.80
24.00,372.02,373.00,305.19,404.05,332.04,327.60,459.49,360.38,349.30,301.79,65.80
24.33,371.35,371.76,305.85,405.20,334.63,325.30,461.35,361.64,351.62,299.14,65.80
24.67,368.70,369.91,305.19,407.51,335.93,325.87,461.35,361.64,353.94,299.80,65.80
25.00,369.36,372.38,305.19,407.51,337.22,325.30,463.20,360.38,354.71,298.48,65.80
25.33,372.68,374.23,305.85,409.83,337.22,327.60,465.06,361.01,352.40,299.14,65.80
25.67,370.03,371.76,305.19,409.25,335.28,329.89,461.97,363.52,352.40,299.14,65.80
26.00,372.02,371.76,304.52,408.67,337.87,327.02,463.20,365.41,351.62,298.48,65.80
26.33,371.35,373.00,305.19,407.51,337.22,327.02,463.82,363.52,355.49,299.80,65.80
26.67,372.02,375.46,305.19,409.83,338.52,329.32,463.20,361.64,351.62,301.13,65.80
27.00,373.34,376.70,305.19,410.98,341.12,328.74,465.06,362.26,354.71,300.46,65.80
27.33,373.34,374.85,304.52,410.40,340.47,328.74,465.06,364.78,353.17,301.13,65.80
27.67,373.34,376.08,304.52,412.72,340.47,329.32,467.53,364.78,353.94,299.80,65.80
28.00,374.01,377.31,304.52,409.83,343.06,330.46,461.97,363.52,355.49,300.46,65.80
28.33,372.68,371.76,306.52,411.56,341.12,330.46,465.68,363.52,355.49,299.80,65.80
28.67,374.67,376.08,305.85,413.29,343.06,328.17,463.82,367.92,354.71,299.14,65.80
29.00,373.34,375.46,305.19,411.56,341.12,331.61,463.82,364.78,357.81,300.46,65.80
29.33,374.67,376.70,303.19,412.72,344.36,332.76,466.91,366.04,356.26,299.14,65.80
29.67,375.33,377.93,304.52,410.98,344.36,329.89,466.30,365.41,355.49,300.46,65.80
load algo para from flash
Slot 1:
Outcome check: Positive
Index Rising data : 8.666667
Index Break data : 0.000000
Index Transition time: 9.666667
{"outcome":{"outcome":"Positive","transition_time":{"x":9.666666667,"y":4.40941207,"i":29},"plateau_point":{"x":13.66666667,"y":60.58025079,"i":41},"increase":56.17083872,"suspect_score":1,"arm_width":3.333333333,"window_rate":14.04270968,"rise_width":3.666666667,"shape_flag":0,"climbs_fixed":0,"climb_first_i":-1},"peak_features":{"main_peak":{"x":11.33333333,"y":20.28575273,"i":34},"left_arm":{"x":10,"y":8.922113592,"i":30},"right_arm":{"x":13.33333333,"y":8.379557226,"i":40}},"time_data":[0,0.333333333,0.666666667,1,1.333333333,1.666666667,2,2.333333333,2.666666667,3,3.333333333,3.666666667,4,4.333333333,4.666666667,5,5.333333333,5.666666667,6,6.333333333,6.666666667,7,7.333333333,7.666666667,8,8.333333333,8.666666667,9,9.333333333,9.666666667,10,10.33333333,10.66666667,11,11.33333333,11.66666667,12,12.33333333,12.66666667,13,13.33333333,13.66666667,14,14.33333333,14.66666667,15,15.33333333,15.66666667,16,16.33333333,16.66666667,17,17.33333333,17.66666667,18,18.33333333,18.66666667,19,19.33333333,19.66666667,20,20.33333333,20.66666667,21,21.33333333,21.66666667,22,22.33333333,22.66666667,23,23.33333333,23.66666667,24,24.33333333,24.66666667,25,25.33333333,25.66666667,26,26.33333333,26.66666667,27,27.33333333,27.66666667,28,28.33333333,28.66666667,29,29.33333333,29.66666667],"raw_data":[271.8833,283.8196,293.7666,295.756,300.3979,297.7454,298.4085,299.7347,299.0716,299.7347,300.3979,301.061,299.0716,297.0822,303.0504,300.3979,299.7347,303.0504,302.3873,298.4085,296.4191,300.3979,301.061,299.7347,301.061,300.3979,300.3979,301.061,302.3873,305.7029,305.0398,310.3448,312.9973,320.2918,328.9125,333.5544,340.8488,346.1538,350.7957,355.4377,358.0902,356.7639,364.7215,362.7321,364.0583,362.7321,360.7427,362.069,362.7321,365.3846,365.3846,363.3952,368.0371,364.7215,366.7109,369.3634,366.7109,364.0583,364.7215,368.0371,364.0583,370.0265,364.7215,369.3634,366.0477,369.3634,370.0265,367.374,370.6896,370.0265,368.7003,369.3634,372.0159,371.3528,368.7003,369.3634,372.679,370.0265,372.0159,371.3528,372.0159,373.3422,373.3422,373.3422,374.0053,372.679,374.6684,373.3422,374.6684,375.3316],"processed_data":[-25.13632665,-16.5578396,-9.631434981,-4.357112802,-0.734873057,-0.195177087,-0.467894187,-0.384641837,-0.226756703,0.620101863,0.008646515,0.086150727,0.387571921,0.111986169,0.344507919,1.271742784,2.153043673,1.630578904,0.335898131,0.292837564,-0.154987286,-0.545401569,-0.088962043,0.777990696,1.105249182,0.591395655,1.159793342,1.765510856,2.842017896,4.40941207,6.625585251,10.3574878,15.02236423,20.81829662,27.77111486,34.34213178,41.01074642,46.86408422,50.74812469,54.99387931,57.99088264,60.58025079,62.46916694,63.18109897,63.45094517,63.24712553,62.39165731,63.08636673,63.10646262,64.40975807[stack],65.33986423,65.60396969,66.38767285, Control=2128/409667.04219181,67.38954315,67.10534285,66.81540353,66.31877249 Sensor=1520/10240,66.3474775,65.83362252,66.8670756,67.34360851,67.5187193,67.99525564, Display=6080/1024068.48614449,68.4459498 Network=2208/6144,69.61431647,69.55115816,69.81239497,69.73201273,70.38079266, Input=1488/614470.85732847,70.26022682, Setting=7016/819270.73676264 | unused=24616 B
,70.88604076,70.93196932,70.82001512,71.20181393,71.96828629,72.33573035,72.47352105,73.37779057,73.42946688,73.92609832,73.94045452,73.89739264,74.15546919,74.50971389,74.96012675,75.50670776],"differential_data":[25.73546115,23.2573375,18.30109019,13.34484289,6.242903573,0.400468306,-0.284197126,0.361706226,1.50711555,0.353104827,-0.800926704,0.568388109,0.038753163,-0.064596003,1.739634923,2.71280363,0.538254181,-2.725718312,-2.00661201,-0.736328125,-1.2573587,0.099037864,1.985088398,1.791316837,-0.279892562,0.08181624,1.761172802,2.523336832,3.965851821,5.675351031,8.922113592,12.59516847,15.69121324,19.12312594,20.28575273,19.85944733,18.78292866,14.60606741,12.19469264,10.86413693,8.379557226,6.717426449,3.901272266,1.472667347,0.099039846,-1.58893179,-0.241138211,1.072207959,1.985087011,3.350102412,1.791317432,1.57171294,2.157333176,1.502805437,0.094726563,-0.861209424,-1.179855545,-0.701889038,-0.727724942,0.779397147,2.264978979,0.977465543,0.977470695,1.45113779,0.676041244,1.692257968,1.65781254,0.297117753,0.271281849,0.852596531,1.687973617,-0.180848753,-0.180848753,0.938720901,0.292810019,-0.099038458,0.404766925,1.722406759,1.700874626,0.757852133,1.563090337,1.433918742,0.822461611,0.766481474,-0.043058519,0.322521992,0.918481881,1.206986346,1.49549081,1.639743042,25.73546115,23.2573375,18.30109019,13.34484289,6.242903573,0.400468306,-0.284197126,0.361706226,1.50711555,0.353104827,-0.800926704,0.568388109,0.038753163,-0.064596003,1.739634923,2.71280363,0.538254181,-2.725718312,-2.00661201,-0.736328125,-1.2573587,0.099037864,1.985088398,1.791316837,-0.279892562,0.08181624,1.761172802,2.523336832,3.965851821,5.675351031,8.922113592,12.59516847,15.69121324,19.12312594,20.28575273,19.85944733,18.78292866,14.60606741,12.19469264,10.86413693,8.379557226,6.717426449,3.901272266,1.472667347,0.099039846,-1.58893179,-0.241138211,1.072207959,1.985087011,3.350102412,1.791317432,1.57171294,2.157333176,1.502805437,0.094726563,-0.861209424,-1.179855545,-0.701889038,-0.727724942,0.779397147,2.264978979,0.977465543,0.977470695,1.45113779,0.676041244,1.692257968,1.65781254,0.297117753,0.271281849,0.852596531,1.687973617,-0.180848753,-0.180848753,0.938720901,0.292810019,-0.099038458,0.404766925,1.722406759,1.700874626,0.757852133,1.563090337,1.433918742,0.822461611,0.766481474,-0.043058519,0.322521992,0.918481881,1.206986346,1.49549081,1.639743042]}

Slot 2:
Outcome check: Positive
Index Rising data : 9.666667
Index Break data : 0.000000
Index Transition time: 10.000000
{"outcome":{"outcome":"Positive","transition_time":{"x":10,"y":5.076303854,"i":30},"plateau_point":{"x":13,"y":39.17990244,"i":39},"increase":34.10359859,"suspect_score":1,"arm_width":2.333333333,"window_rate":9.716909499,"rise_width":3,"shape_flag":0,"climbs_fixed":0,"climb_first_i":-1},"peak_features":{"main_peak":{"x":11.33333333,"y":15.37703794,"i":34},"left_arm":{"x":10.33333333,"y":7.482350139,"i":31},"right_arm":{"x":12.66666667,"y":6.745730313,"i":38}},"time_data":[0,0.333333333,0.666666667,1,1.333333333,1.666666667,2,2.333333333,2.666666667,3,3.333333333,3.666666667,4,4.333333333,4.666666667,5,5.333333333,5.666666667,6,6.333333333,6.666666667,7,7.333333333,7.666666667,8,8.333333333,8.666666667,9,9.333333333,9.666666667,10,10.33333333,10.66666667,11,11.33333333,11.66666667,12,12.33333333,12.66666667,13,13.33333333,13.66666667,14,14.33333333,14.66666667,15,15.33333333,15.66666667,16,16.33333333,16.66666667,17,17.33333333,17.66666667,18,18.33333333,18.66666667,19,19.33333333,19.66666667,20,20.33333333,20.66666667,21,21.33333333,21.66666667,22,22.33333333,22.66666667,23,23.33333333,23.66666667,24,24.33333333,24.66666667,25,25.33333333,25.66666667,26,26.33333333,26.66666667,27,27.33333333,27.66666667,28,28.33333333,28.66666667,29,29.33333333,29.66666667],"raw_data":[290.3822,304.5623,312.5771,316.2762,319.9753,318.7423,321.8249,320.5919,321.2084,318.1258,319.3588,319.9753,319.3588,321.8249,318.1258,318.1258,320.5919,318.7423,320.5919,317.5092,321.2084,319.9753,318.7423,321.2084,322.4414,320.5919,321.8249,319.3588,324.9075,323.6745,323.6745,327.9901,330.4562,333.5388,339.0876,346.4858,350.8015,355.1172,356.3502,361.2824,360.6659,361.2824,361.8989,366.2146,363.1319,364.365,363.1319,364.9815,366.2146,368.6806,368.6806,368.6806,368.0641,364.9815,368.6806,370.5302,365.598,368.6806,367.4476,369.9137,368.0641,368.6806,368.0641,368.0641,369.2972,370.5302,372.9963,371.1467,369.2972,371.7633,371.7633,369.2972,372.9963,371.7633,369.9137,372.3798,374.2293,371.7633,371.7633,372.9963,375.4624,376.6954,374.8459,376.0789,377.312,371.7633,376.0789,375.4624,376.6954,377.9285],"processed_data":[-26.64340247,-17.60853281,-10.2390778,-4.535037443,-0.496411741,0.704602923,0.840716209,0.568480653,0.128105263,-0.293587821,-0.424360531,-0.30158488,-0.621855633,-0.224189395,-0.635206214,-0.520442682,-0.952809916,-1.048892991,-0.314936518,-0.475069385,-0.733957662,-0.053381321,0.173479088,1.086254434,0.480409564,1.070244463,1.708118918,1.601362484,2.175178957,3.581705069,5.076303854,7.291518967,10.06453728,14.68445551,20.10772203,24.93581414,30.23897747,34.6827489,37.70931954,39.17990244,41.04281695,42.14508162,43.20464758,43.31406881,43.81315302,43.99197308,44.44035346,44.95812394,46.48475244,47.77117312,48.15283111,47.86725171,48.21154257,47.65374029,47.67242194,47.52029247,48.01671465,48.427732,48.13415078,48.16350803,48.62256295,48.22756271,48.22222398,48.65993087,49.83693005,50.27463614,50.86180201,51.45697603,51.02194293,50.86447897,50.93387369,51.09667929,51.16340102,51.39292373,51.84663953,52.18826413,51.78792542,52.25231934,53.25316696,53.60012844,54.13925422,55.81800281,55.89273256,55.68989464,55.11340728,54.83583815,55.11554259,55.68749485,56.55169493,57.70814283],"differential_data":[27.10460899,24.60648701,19.61024305,14.61399909,7.859460548,2.005691925,-0.204183405,-1.06891642,-1.29310271,-0.828698691,-0.011995588,-0.296242652,0.116093227,-0.020025873,-0.44437993,-0.476405552,-0.792675464,0.956810097,0.86073541,-0.628531716,0.632532095,1.361155126,1.709453632,0.460395714,-0.024014956,1.84156403,0.796677032,0.700590059,2.970513876,4.351687345,5.564720847,7.482350139,11.08940481,15.06477713,15.37703794,15.19688316,14.62040215,11.2055131,6.745730313,5.000246122,4.447768769,3.242745932,1.753480787,0.912758171,1.016856404,0.940800654,1.44922628,3.066598471,4.219573776,2.502117999,0.144117876,0.088067191,-0.32026712,-0.808680943,-0.200171731,0.516439066,1.361159287,0.176154199,-0.396335949,0.732618258,0.096082019,-0.600508455,0.648552238,2.422059096,2.422057907,1.537307937,1.773509831,0.240211388,-0.888745593,-0.132103858,0.348300488,0.344290993,0.444366653,1.024857756,1.193010603,-0.088071154,0.096082811,2.197862303,2.021713653,1.329130891,3.326811555,2.630217515,-0.192162254,-1.168987918,-1.281084729,0.003202959,1.277485042,2.154228508,3.030971973,3.469343706,27.10460899,24.60648701,19.61024305,14.61399909,7.859460548,2.005691925,-0.204183405,-1.06891642,-1.29310271,-0.828698691,-0.011995588,-0.296242652,0.116093227,-0.020025873,-0.44437993,-0.476405552,-0.792675464,0.956810097,0.86073541,-0.628531716,0.632532095,1.361155126,1.709453632,0.460395714,-0.024014956,1.84156403,0.796677032,0.700590059,2.970513876,4.351687345,5.564720847,7.482350139,11.08940481,15.06477713,15.37703794,15.19688316,14.62040215,11.2055131,6.745730313,5.000246122,4.447768769,3.242745932,1.753480787,0.912758171,1.016856404,0.940800654,1.44922628,3.066598471,4.219573776,2.502117999,0.144117876,0.088067191,-0.32026712,-0.808680943,-0.200171731,0.516439066,1.361159287,0.176154199,-0.396335949,0.732618258,0.096082019,-0.600508455,0.648552238,2.422059096,2.422057907,1.537307937,1.773509831,0.240211388,-0.888745593,-0.132103858,0.348300488,0.344290993,0.444366653,1.024857756,1.193010603,-0.088071154,0.096082811,2.197862303,2.021713653,1.329130891,3.326811555,2.630217515,-0.192162254,-1.168987918,-1.281084729,0.003202959,1.277485042,2.154228508,3.030971973,3.469343706]}

Slot 3:
Outcome check: Flagged
Index Rising data : 8.333333
Index Break data : 0.000000
Index Transition time: 9.666667
{"outcome":{"outcome":"Flagged","transition_time":{"x":9.666666667,"y":0.359789431,"i":29},"plateau_point":{"x":13.33333333,"y":24.2700548,"i":40},"increase":23.91026537,"suspect_score":2,"arm_width":3.333333333,"window_rate":6.086222067,"rise_width":3.333333333,"shape_flag":1,"climbs_fixed":0,"climb_first_i":-1},"peak_features":{"main_peak":{"x":11.33333333,"y":9.230798895,"i":34},"left_arm":{"x":9.666666667,"y":2.206228281,"i":29},"right_arm":{"x":13,"y":3.769175146,"i":39}},"time_data":[0,0.333333333,0.666666667,1,1.333333333,1.666666667,2,2.333333333,2.666666667,3,3.333333333,3.666666667,4,4.333333333,4.666666667,5,5.333333333,5.666666667,6,6.333333333,6.666666667,7,7.333333333,7.666666667,8,8.333333333,8.666666667,9,9.333333333,9.666666667,10,10.33333333,10.66666667,11,11.33333333,11.66666667,12,12.33333333,12.66666667,13,13.33333333,13.66666667,14,14.33333333,14.66666667,15,15.33333333,15.66666667,16,16.33333333,16.66666667,17,17.33333333,17.66666667,18,18.33333333,18.66666667,19,19.33333333,19.66666667,20,20.33333333,20.66666667,21,21.33333333,21.66666667,22,22.33333333,22.66666667,23,23.33333333,23.66666667,24,24.33333333,24.66666667,25,25.33333333,25.66666667,26,26.33333333,26.66666667,27,27.33333333,27.66666667,28,28.33333333,28.66666667,29,29.33333333,29.66666667],"raw_data":[250.6649,264.6277,271.9415,275.2659,278.5904,278.5904,277.9255,279.9202,281.9149,280.5851,280.5851,279.9202,279.9202,277.9255,280.5851,279.2553,279.2553,279.2553,279.9202,281.25,278.5904,279.9202,279.9202,280.5851,280.5851,279.9202,281.9149,278.5904,279.9202,280.5851,281.9149,283.2447,285.9042,289.8936,293.2181,295.2127,297.2074,301.1968,300.5319,303.1915,305.851,304.5213,304.5213,305.1862,304.5213,307.1808,306.5159,305.851,305.1862,304.5213,303.1915,305.1862,304.5213,305.851,304.5213,303.8564,304.5213,303.8564,305.851,305.1862,304.5213,305.851,305.851,305.1862,305.851,304.5213,303.8564,305.851,303.8564,305.851,305.851,304.5213,305.1862,305.851,305.1862,305.1862,305.851,305.1862,304.5213,305.1862,305.1862,305.1862,304.5213,304.5213,304.5213,306.5159,305.851,305.1862,303.1915,304.5213],"processed_data":[-25.93947994,-17.81972157,-11.13336941,-5.880423476,-2.060883757,-1.125425529,-0.474921288,0.080593489,0.290706222,0.782900327,0.472042331,-0.037425516,-0.552647182,-0.65626374,-0.854865532,-0.929702032,-0.477801567,-0.261921408,-0.47203784,-0.313730876,-0.218747754,-0.063321729,-0.247538777,0.175570798,0.512337557,0.259049453,0.020148736,-0.152547861,-0.074833461,0.359789431,1.395985393,3.856958034,6.42442804,9.181864024,12.4775495,15.33572995,17.61248449,19.84893971,21.75727137,23.23097909,24.2700548,24.42836322,25.05296795,25.2314247,25.42426977,25.9337289,26.12657687,25.6199901,25.20550881,24.35064816,24.31898901,24.47441768,24.55213367,24.73059135,24.56653308,24.31324022,24.44564185,24.31036192,24.67014897,25.08462366,25.20551211,25.50773323,25.42138434,25.20551211,25.24005167,24.70181023,24.54350393,24.76513276,24.79391572,25.00978795,25.22278189,25.14506788,25.28898271,25.15370277,25.30337419,25.36381841,25.17385085,25.01554454,25.07886707,24.98100499,24.8111855,24.60682645,24.71908001,24.86011654,25.24293274,25.20263196,25.07281904,24.81636061,24.43325667,23.92350723],"differential_data":[24.35927512,22.2091658,17.90894714,13.60872848,7.13249692,2.378943703,1.809028526,1.148441265,1.053460257,0.272004165,-1.230488765,-1.53703427,-0.928257335,-0.453327526,-0.410157439,0.565595949,1.001670936,0.00864559,-0.077714202,0.379935128,0.37561372,-0.043186535,0.35833879,1.139814501,0.125217983,-0.738283232,-0.617395971,-0.142473295,0.768505939,2.206228281,5.245752904,7.542663971,7.987358985,9.079682189,9.230798895,7.702402486,6.769814628,6.217180326,5.073059082,3.769175146,1.796076192,1.174369713,1.204592222,0.556952737,1.053456294,1.053460654,-0.470608203,-1.381602102,-1.904012903,-1.329779687,0.185654281,0.349716979,0.3842605,0.021599113,-0.626026699,-0.181336836,-0.004317445,0.336760682,1.161392608,0.803044703,0.634664362,0.323808348,-0.453331687,-0.271999012,-0.755552812,-1.044821603,0.094983782,0.375617684,0.366982794,0.643299251,0.202919898,0.099301227,0.012952334,0.021587223,0.315173459,-0.194285009,-0.522410801,-0.142475673,-0.051809336,-0.401522352,-0.561267803,-0.138158228,0.379935128,0.785779086,0.513773138,-0.25517055,-0.579407036,-0.959343551,-1.339280067,-1.529248324,24.35927512,22.2091658,17.90894714,13.60872848,7.13249692,2.378943703,1.809028526,1.148441265,1.053460257,0.272004165,-1.230488765,-1.53703427,-0.928257335,-0.453327526,-0.410157439,0.565595949,1.001670936,0.00864559,-0.077714202,0.379935128,0.37561372,-0.043186535,0.35833879,1.139814501,0.125217983,-0.738283232,-0.617395971,-0.142473295,0.768505939,2.206228281,5.245752904,7.542663971,7.987358985,9.079682189,9.230798895,7.702402486,6.769814628,6.217180326,5.073059082,3.769175146,1.796076192,1.174369713,1.204592222,0.556952737,1.053456294,1.053460654,-0.470608203,-1.381602102,-1.904012903,-1.329779687,0.185654281,0.349716979,0.3842605,0.021599113,-0.626026699,-0.181336836,-0.004317445,0.336760682,1.161392608,0.803044703,0.634664362,0.323808348,-0.453331687,-0.271999012,-0.755552812,-1.044821603,0.094983782,0.375617684,0.366982794,0.643299251,0.202919898,0.099301227,0.012952334,0.021587223,0.315173459,-0.194285009,-0.522410801,-0.142475673,-0.051809336,-0.401522352,-0.561267803,-0.138158228,0.379935128,0.785779086,0.513773138,-0.25517055,-0.579407036,-0.959343551,-1.339280067,-1.529248324]}

Slot 4:
Outcome check: Flagged
Index Rising data : 12.333333
Index Break data : 0.000000
Index Transition time: 11.000000
{"outcome":{"outcome":"Flagged","transition_time":{"x":11,"y":8.575437604,"i":33},"plateau_point":{"x":23,"y":60.7286838,"i":69},"increase":52.1532462,"suspect_score":4,"arm_width":9.333333333,"window_rate":5.448789654,"rise_width":15,"shape_flag":1,"climbs_fixed":0,"climb_first_i":-1},"peak_features":{"main_peak":{"x":18,"y":6.636146644,"i":54},"left_arm":{"x":12.33333333,"y":2.920201487,"i":37},"right_arm":{"x":21.66666667,"y":3.179194463,"i":65}},"time_data":[0,0.333333333,0.666666667,1,1.333333333,1.666666667,2,2.333333333,2.666666667,3,3.333333333,3.666666667,4,4.333333333,4.666666667,5,5.333333333,5.666666667,6,6.333333333,6.666666667,7,7.333333333,7.666666667,8,8.333333333,8.666666667,9,9.333333333,9.666666667,10,10.33333333,10.66666667,11,11.33333333,11.66666667,12,12.33333333,12.66666667,13,13.33333333,13.66666667,14,14.33333333,14.66666667,15,15.33333333,15.66666667,16,16.33333333,16.66666667,17,17.33333333,17.66666667,18,18.33333333,18.66666667,19,19.33333333,19.66666667,20,20.33333333,20.66666667,21,21.33333333,21.66666667,22,22.33333333,22.66666667,23,23.33333333,23.66666667,24,24.33333333,24.66666667,25,25.33333333,25.66666667,26,26.33333333,26.66666667,27,27.33333333,27.66666667,28,28.33333333,28.66666667,29,29.33333333,29.66666667],"raw_data":[309.2486,324.8555,331.7919,336.9942,339.3064,338.7283,340.4624,340.4624,341.6185,341.0405,341.6185,341.0405,342.7746,342.7746,341.6185,342.1965,342.7746,341.0405,342.7746,343.9306,343.9306,342.7746,342.7746,343.9306,343.3526,345.0867,344.5087,344.5087,345.0867,347.3988,349.1329,348.5549,348.5549,348.5549,352.6012,350.289,354.3353,353.1792,356.0694,355.4913,357.8035,360.1156,361.2717,363.0058,363.5838,366.474,366.474,368.2081,369.9422,374.5665,375.1445,375.7225,376.8786,379.1907,381.5029,384.3931,386.1272,387.2832,387.2832,389.5954,390.7514,392.4855,394.2196,395.3757,395.9538,397.6879,400.578,398.8439,401.1561,401.1561,404.0462,404.0462,404.0462,405.2023,407.5144,407.5144,409.8266,409.2485,408.6705,407.5144,409.8266,410.9827,410.4046,412.7168,409.8266,411.5607,413.2948,411.5607,412.7168,410.9827],"processed_data":[-28.37172297,-19.28256901,-11.85995555,-6.103882589,-2.014350131,-1.213606797,-0.723149023,-0.4879301,-0.375328956,0.047561315,0.360349977,0.603073979,0.655622474,1.071005817,0.950894971,0.828281815,0.715677897,1.141070477,1.616509244,1.706592378,1.964330236,2.129482649,2.101957247,2.219565784,2.527349827,2.825124633,3.135410986,3.836057589,4.841985925,5.682761849,6.313341017,7.45189637,7.87228486,8.575437604,9.226043833,10.61232966,11.76089544,12.77433453,13.70769643,15.33920671,16.63289784,18.28191689,19.88840131,21.65003221,22.95124018,23.954674,25.65374914,27.63057864,29.70999951,31.41907399,33.30581242,34.85474373,36.45372452,38.0552096,40.40238352,42.47930736,44.32851909,45.74983262,46.96094754,48.15204399,49.61589678,51.09226441,52.48605783,54.10005512,55.38875154,56.63240441,57.50821451,58.67929249,59.8929125,60.7286838,61.34925651,62.65796427,63.3861335,64.58974889,65.59568053,66.84433485,67.38232924,67.51495282,67.65508531,67.75768382,68.31069735,68.89124301,69.38670541,70.16242314,70.21496886,70.57279909,70.66263199,70.66238176,70.5720484,70.3916319],"differential_data":[27.26746188,24.76765113,19.76802963,14.76840812,7.335413688,1.936801663,1.088515046,0.521730101,0.803237122,1.103518399,0.833268995,0.442908745,0.701897757,0.442908745,-0.364086002,-0.352825611,0.469182993,1.35124702,0.848282851,0.521731488,0.634335406,0.206440517,0.135124702,0.63808887,0.908338274,0.912091738,1.516399433,2.559862409,2.77005639,2.207032637,2.653701782,2.338415765,1.68531185,2.030638459,3.055338079,3.802277404,3.243007313,2.920201487,3.84730827,4.387802,4.414065274,4.883255203,5.05217297,4.594258296,3.456962685,4.053763452,5.513856962,6.084375555,5.682743023,5.393719364,5.153504607,4.721868143,4.800698813,5.922988495,6.636146644,5.889203356,4.905787877,3.948642681,3.603317063,3.982423857,4.410330636,4.305241572,4.511686053,4.354040567,3.79852394,3.179194463,3.070332118,3.577046976,3.07408697,2.184516015,2.8939207,3.055315488,2.897676939,3.314320552,3.38187894,2.679973057,1.00592695,0.409134109,0.364096505,0.983418056,1.700338785,1.614012087,1.906770186,1.242395178,0.615563925,0.671494699,0.134374009,-0.135875395,-0.406124799,-0.541249501,27.26746188,24.76765113,19.76802963,14.76840812,7.335413688,1.936801663,1.088515046,0.521730101,0.803237122,1.103518399,0.833268995,0.442908745,0.701897757,0.442908745,-0.364086002,-0.352825611,0.469182993,1.35124702,0.848282851,0.521731488,0.634335406,0.206440517,0.135124702,0.63808887,0.908338274,0.912091738,1.516399433,2.559862409,2.77005639,2.207032637,2.653701782,2.338415765,1.68531185,2.030638459,3.055338079,3.802277404,3.243007313,2.920201487,3.84730827,4.387802,4.414065274,4.883255203,5.05217297,4.594258296,3.456962685,4.053763452,5.513856962,6.084375555,5.682743023,5.393719364,5.153504607,4.721868143,4.800698813,5.922988495,6.636146644,5.889203356,4.905787877,3.948642681,3.603317063,3.982423857,4.410330636,4.305241572,4.511686053,4.354040567,3.79852394,3.179194463,3.070332118,3.577046976,3.07408697,2.184516015,2.8939207,3.055315488,2.897676939,3.314320552,3.38187894,2.679973057,1.00592695,0.409134109,0.364096505,0.983418056,1.700338785,1.614012087,1.906770186,1.242395178,0.615563925,0.671494699,0.134374009,-0.135875395,-0.406124799,-0.541249501]}

Slot 5:
Outcome check: Negative
Index Rising data : 15.000000
Index Break data : 0.000000
Index Transition time: 16.666667
{"outcome":{"outcome":"Negative","transition_time":{"x":16.66666667,"y":15.12621753,"i":50},"plateau_point":{"x":22,"y":28.02058417,"i":66},"increase":12.89436664,"suspect_score":3,"arm_width":2.666666667,"window_rate":2.6986082,"rise_width":18,"shape_flag":0,"climbs_fixed":0,"climb_first_i":-1},"peak_features":{"main_peak":{"x":20.66666667,"y":3.495204579,"i":62},"left_arm":{"x":19.33333333,"y":1.697074791,"i":58},"right_arm":{"x":22,"y":1.137000146,"i":66}},"time_data":[0,0.333333333,0.666666667,1,1.333333333,1.666666667,2,2.333333333,2.666666667,3,3.333333333,3.666666667,4,4.333333333,4.666666667,5,5.333333333,5.666666667,6,6.333333333,6.666666667,7,7.333333333,7.666666667,8,8.333333333,8.666666667,9,9.333333333,9.666666667,10,10.33333333,10.66666667,11,11.33333333,11.66666667,12,12.33333333,12.66666667,13,13.33333333,13.66666667,14,14.33333333,14.66666667,15,15.33333333,15.66666667,16,16.33333333,16.66666667,17,17.33333333,17.66666667,18,18.33333333,18.66666667,19,19.33333333,19.66666667,20,20.33333333,20.66666667,21,21.33333333,21.66666667,22,22.33333333,22.66666667,23,23.33333333,23.66666667,24,24.33333333,24.66666667,25,25.33333333,25.66666667,26,26.33333333,26.66666667,27,27.33333333,27.66666667,28,28.33333333,28.66666667,29,29.33333333,29.66666667],"raw_data":[273.0221,284.6952,293.1258,295.0714,298.3139,299.6109,299.6109,300.2594,300.9079,302.8535,301.5564,302.205,301.5564,302.8535,302.205,301.5564,302.205,302.205,302.8535,302.205,302.205,301.5564,302.8535,302.205,304.1505,304.1505,304.1505,305.4475,304.799,306.7445,306.096,306.096,307.393,305.4475,308.69,308.0415,308.0415,308.69,309.3385,309.987,310.6356,310.6356,310.6356,310.6356,313.2296,310.6356,315.1751,314.5266,315.1751,315.8236,316.4721,317.7691,316.4721,318.4177,317.7691,321.0117,320.3632,322.9572,321.6602,323.6057,324.2542,324.9027,324.2542,329.4423,326.8483,330.0908,328.1453,329.4423,330.7393,330.7393,332.6848,332.6848,332.0363,334.6304,335.9274,337.2244,337.2244,335.2789,337.8729,337.2244,338.5214,341.1154,340.4669,340.4669,343.061,341.1154,343.061,341.1154,344.358,344.358],"processed_data":[-25.7449707,-17.86854248,-11.40563761,-6.356256104,-2.720397949,-1.880986862,-1.181943159,-0.435178022,-0.000030121,0.289133576,0.741122423,0.999402727,0.920795391,0.732700629,0.816925841,0.870265416,0.982564819,0.968530036,0.95449195,1.066787389,0.816928219,0.892726089,1.151003222,1.574912728,2.23745318,2.723132245,3.264960351,3.91066263,4.09876162,4.766922063,4.831490124,5.081348238,5.533337878,5.713009525,6.193077979,6.625418659,7.026873039,7.756795776,8.001040372,8.638324556,8.868534369,9.503005123,9.460897735,9.943769975,10.60912082,11.48502855,12.41427322,13.21157427,14.05659835,14.89039301,15.12621753,15.50802242,16.17056856,16.68432419,17.69779407,18.53720674,19.70227024,20.55010418,21.63376053,21.68148738,22.8914746,23.49506883,24.97456459,25.82520522,26.63653829,27.47875699,28.02058417,28.23675709,29.36252597,29.65168742,30.55285922,31.2154039,32.1642999,33.49219609,34.09297847,35.01380319,35.57808999,35.48263801,35.93463135,36.63086638,37.39167449,38.76449426,39.29228666,40.28891057,40.34224777,40.49946178,40.98373848,41.57188961,42.26391518,43.05981519],"differential_data":[23.62928467,21.50899963,17.26842957,13.0278595,6.712903862,2.307682186,2.16871326,1.772869556,1.086467396,1.111728817,1.065403728,0.269509452,-0.400053148,-0.155804324,0.206347181,0.248458466,0.14739693,-0.042109304,0.147386031,-0.206345595,-0.261091951,0.501112504,1.023279958,1.629674936,1.722329276,1.541260756,1.781295578,1.250701904,1.284389149,1.099092756,0.471639262,1.05277163,0.947491931,0.989610152,1.368613701,1.25069259,1.697065675,1.461250999,1.32229317,1.301240995,1.29702085,0.888545049,0.661147279,1.722334626,2.311887865,2.707728596,2.589818583,2.463487699,2.51822811,1.604428774,0.926444116,1.566526537,1.764452649,2.290838266,2.779323826,3.006714264,3.019346163,2.897235424,1.697074791,1.886571116,2.720372188,3.124634978,3.495204579,2.492960546,2.480327656,2.076068829,1.137000146,2.012912701,2.122395503,1.78549987,2.345574713,2.417161025,3.415188282,2.893017856,2.282410659,2.227667276,0.703252223,0.534812035,1.722342553,2.18556471,3.200441831,2.850918262,2.286624463,1.57494166,0.315826812,0.962236063,1.608641746,1.920265059,2.231888372,2.387700029,23.62928467,21.50899963,17.26842957,13.0278595,6.712903862,2.307682186,2.16871326,1.772869556,1.086467396,1.111728817,1.065403728,0.269509452,-0.400053148,-0.155804324,0.206347181,0.248458466,0.14739693,-0.042109304,0.147386031,-0.206345595,-0.261091951,0.501112504,1.023279958,1.629674936,1.722329276,1.541260756,1.781295578,1.250701904,1.284389149,1.099092756,0.471639262,1.05277163,0.947491931,0.989610152,1.368613701,1.25069259,1.697065675,1.461250999,1.32229317,1.301240995,1.29702085,0.888545049,0.661147279,1.722334626,2.311887865,2.707728596,2.589818583,2.463487699,2.51822811,1.604428774,0.926444116,1.566526537,1.764452649,2.290838266,2.779323826,3.006714264,3.019346163,2.897235424,1.697074791,1.886571116,2.720372188,3.124634978,3.495204579,2.492960546,2.480327656,2.076068829,1.137000146,2.012912701,2.122395503,1.78549987,2.345574713,2.417161025,3.415188282,2.893017856,2.282410659,2.227667276,0.703252223,0.534812035,1.722342553,2.18556471,3.200441831,2.850918262,2.286624463,1.57494166,0.315826812,0.962236063,1.608641746,1.920265059,2.231888372,2.387700029]}

Slot 6:
Outcome check: Negative
Index Rising data : 9.666667
Index Break data : 0.000000
Index Transition time: 10.000000
{"outcome":{"outcome":"Negative","transition_time":{"x":10,"y":0.943810665,"i":30},"plateau_point":{"x":13,"y":15.47814334,"i":39},"increase":14.53433267,"suspect_score":2,"arm_width":2.666666667,"window_rate":4.099268331,"rise_width":4.333333333,"shape_flag":0,"climbs_fixed":0,"climb_first_i":-1},"peak_features":{"main_peak":{"x":11.66666667,"y":6.568016151,"i":35},"left_arm":{"x":10.33333333,"y":2.652540925,"i":31},"right_arm":{"x":13,"y":1.967048744,"i":39}},"time_data":[0,0.333333333,0.666666667,1,1.333333333,1.666666667,2,2.333333333,2.666666667,3,3.333333333,3.666666667,4,4.333333333,4.666666667,5,5.333333333,5.666666667,6,6.333333333,6.666666667,7,7.333333333,7.666666667,8,8.333333333,8.666666667,9,9.333333333,9.666666667,10,10.33333333,10.66666667,11,11.33333333,11.66666667,12,12.33333333,12.66666667,13,13.33333333,13.66666667,14,14.33333333,14.66666667,15,15.33333333,15.66666667,16,16.33333333,16.66666667,17,17.33333333,17.66666667,18,18.33333333,18.66666667,19,19.33333333,19.66666667,20,20.33333333,20.66666667,21,21.33333333,21.66666667,22,22.33333333,22.66666667,23,23.33333333,23.66666667,24,24.33333333,24.66666667,25,25.33333333,25.66666667,26,26.33333333,26.66666667,27,27.33333333,27.66666667,28,28.33333333,28.66666667,29,29.33333333,29.66666667],"raw_data":[271.9449,283.9931,292.599,294.8939,297.7625,298.3362,301.2048,301.7785,299.4836,301.2048,300.6311,300.6311,298.9099,301.7785,298.9099,300.0574,296.0413,304.0734,301.2048,300.6311,300.6311,299.4836,300.0574,301.2048,300.6311,300.0574,299.4836,301.2048,301.2048,300.6311,301.7785,301.2048,304.0734,304.6472,307.5158,309.2369,313.253,312.1056,316.1216,315.5479,317.2691,316.6953,317.2691,317.8428,320.1377,317.8428,319.564,318.4165,318.9902,321.2851,321.2851,320.7114,319.564,320.1377,321.8589,321.2851,319.564,323.0063,324.1537,323.0063,321.2851,320.1377,323.58,323.0063,323.0063,326.4486,324.7275,327.5961,326.4486,324.1537,324.1537,323.58,327.5961,325.3012,325.8749,325.3012,327.5961,329.891,327.0224,327.0224,329.3173,328.7435,328.7435,329.3173,330.4647,330.4647,328.1698,331.6122,332.7596,329.891],"processed_data":[-26.24322695,-17.94509934,-11.14088823,-5.830593621,-2.014215511,-0.911475111,-0.300502496,0.298057259,0.566296466,0.188787023,-0.024805639,-0.255787507,0.141597335,-1.169772458,-1.132522517,-0.834487981,-0.387428581,-0.178798659,0.362639852,0.290617179,0.474408963,-0.474345418,-0.181273886,-0.317877039,-0.295525093,-0.034744461,-0.131607254,-0.037227218,0.049696489,0.504203895,0.943810665,1.597013531,2.712171282,4.863013726,6.720790714,9.194507285,11.09946815,13.15593148,14.5045528,15.47814334,15.81591863,16.90127722,17.03043039,17.72833648,17.98663634,18.15552299,18.39643246,18.77890768,19.20609511,19.82700827,19.78479123,20.14989323,20.35603617,19.81708266,19.84191961,20.52988688,21.47119444,21.97785824,21.65250347,21.82138986,21.95053735,21.21289419,21.59041064,22.27092964,23.59720337,24.91353696,25.26869908,25.62882434,24.98803869,24.5558835,24.50869553,24.28268182,24.45654019,24.88869764,25.795233,26.44098376,26.32921769,27.11901935,27.57601176,27.8715601,27.70018435,27.87403956,28.92462621,28.92959912,28.83025608,29.62254459,29.91511973,30.1617457,30.3624225,30.51715014],"differential_data":[24.89438282,22.65350807,18.17175858,13.69000908,7.378677764,2.570569521,1.814298555,1.300198444,-0.163905354,-0.886653157,-0.666861794,0.24960446,-1.370977427,-1.911179778,0.502926715,1.117640904,0.983533983,1.12510265,0.704123757,0.167653666,-1.147443895,-0.983524273,0.234702569,-0.17137681,0.424698867,0.245876758,-0.003724135,0.271955614,0.81214667,1.341171265,1.639214454,2.652540925,4.899000292,6.012929148,6.497240339,6.568016151,5.942136294,5.107626977,3.483317784,1.967048744,2.134700825,1.821767634,1.240588894,1.434308931,0.640779768,0.614694174,0.935077023,1.214493987,1.572150887,0.868044172,0.48432744,0.856867406,-0.499215857,-0.77117484,1.069206337,2.443912258,2.171957041,0.271963541,-0.234702569,0.447050813,-0.912743506,-0.540190065,1.587053175,3.010189106,3.963910982,2.507243565,1.072931067,-0.420990585,-1.609411264,-0.71901475,-0.409802524,-0.078233001,0.909023731,2.008039202,2.328429185,0.800977038,1.017053381,1.870191103,1.12881113,0.186258886,0.003719181,1.836662788,1.583339344,-0.141555192,1.039418208,1.627295477,0.808801666,0.670954162,0.533106658,0.464182906,24.89438282,22.65350807,18.17175858,13.69000908,7.378677764,2.570569521,1.814298555,1.300198444,-0.163905354,-0.886653157,-0.666861794,0.24960446,-1.370977427,-1.911179778,0.502926715,1.117640904,0.983533983,1.12510265,0.704123757,0.167653666,-1.147443895,-0.983524273,0.234702569,-0.17137681,0.424698867,0.245876758,-0.003724135,0.271955614,0.81214667,1.341171265,1.639214454,2.652540925,4.899000292,6.012929148,6.497240339,6.568016151,5.942136294,5.107626977,3.483317784,1.967048744,2.134700825,1.821767634,1.240588894,1.434308931,0.640779768,0.614694174,0.935077023,1.214493987,1.572150887,0.868044172,0.48432744,0.856867406,-0.499215857,-0.77117484,1.069206337,2.443912258,2.171957041,0.271963541,-0.234702569,0.447050813,-0.912743506,-0.540190065,1.587053175,3.010189106,3.963910982,2.507243565,1.072931067,-0.420990585,-1.609411264,-0.71901475,-0.409802524,-0.078233001,0.909023731,2.008039202,2.328429185,0.800977038,1.017053381,1.870191103,1.12881113,0.186258886,0.003719181,1.836662788,1.583339344,-0.141555192,1.039418208,1.627295477,0.808801666,0.670954162,0.533106658,0.464182906]}

Slot 7:
Outcome check: Positive
Index Rising data : 6.000000
Index Break data : 0.000000
Index Transition time: 7.666667
{"outcome":{"outcome":"Positive","transition_time":{"x":7.666666667,"y":16.72168841,"i":23},"plateau_point":{"x":11,"y":185.4591654,"i":33},"increase":168.737477,"suspect_score":0,"arm_width":2.666666667,"window_rate":45.50541315,"rise_width":3,"shape_flag":0,"climbs_fixed":0,"climb_first_i":-1},"peak_features":{"main_peak":{"x":9.333333333,"y":70.4246301,"i":28},"left_arm":{"x":8,"y":32.62414422,"i":24},"right_arm":{"x":10.66666667,"y":34.59990742,"i":32}},"time_data":[0,0.333333333,0.666666667,1,1.333333333,1.666666667,2,2.333333333,2.666666667,3,3.333333333,3.666666667,4,4.333333333,4.666666667,5,5.333333333,5.666666667,6,6.333333333,6.666666667,7,7.333333333,7.666666667,8,8.333333333,8.666666667,9,9.333333333,9.666666667,10,10.33333333,10.66666667,11,11.33333333,11.66666667,12,12.33333333,12.66666667,13,13.33333333,13.66666667,14,14.33333333,14.66666667,15,15.33333333,15.66666667,16,16.33333333,16.66666667,17,17.33333333,17.66666667,18,18.33333333,18.66666667,19,19.33333333,19.66666667,20,20.33333333,20.66666667,21,21.33333333,21.66666667,22,22.33333333,22.66666667,23,23.33333333,23.66666667,24,24.33333333,24.66666667,25,25.33333333,25.66666667,26,26.33333333,26.66666667,27,27.33333333,27.66666667,28,28.33333333,28.66666667,29,29.33333333,29.66666667],"raw_data":[220.7792,236.24,241.1874,243.6611,247.9901,249.8454,250.4638,246.1348,249.227,249.227,249.8454,251.0823,248.6085,249.227,252.3191,250.4638,251.7007,252.3191,252.3191,246.7533,253.556,254.7928,257.885,267.1614,273.3457,286.9511,304.8856,322.82,347.5572,372.9128,396.4131,413.7291,423.0056,434.7557,442.1769,445.269,446.5059,448.9796,452.6902,450.8349,453.3086,454.5455,454.5455,452.0717,453.3086,454.5455,453.3086,455.1639,452.6902,459.4929,455.7823,453.3086,457.0192,455.7823,455.1639,456.4008,457.6376,458.256,458.8745,457.6376,455.7823,459.4929,461.9666,460.1113,461.3482,460.1113,459.4929,460.1113,461.9666,460.7297,460.1113,460.7297,459.4929,461.3482,461.3482,463.2035,465.0587,461.9666,463.2035,463.8219,463.2035,465.0587,465.0587,467.5325,461.9666,465.6772,463.8219,463.8219,466.914,466.2956],"processed_data":[-25.13820237,-16.68446082,-9.845061106,-4.620003229,-1.009287186,-0.610388818,-0.133852608,-0.096373125,-0.091019007,-0.082986212,-0.09369458,0.829932143,0.752294367,1.006626212,1.35465792,2.345214051,2.200647461,1.825842787,1.4269429,1.496551382,2.669157813,5.006339664,9.303217174,16.72168841,25.49481346,38.47111789,55.32666214,75.84191696,99.74380308,122.7916704,144.0056679,162.3925604,176.1398901,185.4591654,191.3248698,195.9215936,198.9494823,200.3657081,201.6721736,203.289195,204.1780213,204.3038507,204.3788126,204.5287387,204.5340879,203.8647896,204.6625892,205.926221,205.9583481,206.2956692,206.7748865,206.6142519,206.5633834,205.9369247,206.7829182,207.738674,208.1697006,208.3865512,208.426708,208.8336371,209.1602561,209.8991582,210.7103486,211.427832,211.5964947,211.2538177,211.117278,211.29665,211.3796413,211.3930241,211.4010546,211.1172711,210.9753806,212.0462537,212.8119273,213.3982323,214.1103635,214.0862702,214.2576101,214.0702062,214.9991869,215.5319452,215.8184056,215.882659,215.4810862,215.1865957,215.3761412,215.7798609,216.3977546,217.2298223],"differential_data":[25.36122464,22.93971189,18.09668639,13.25366088,6.014421617,1.313151867,0.77102354,0.064250401,0.020080368,-0.004013359,1.369377533,1.26898342,0.265041104,0.90354533,2.007881759,1.268984312,-0.779056896,-1.160556843,-0.493937108,1.863322369,5.264682423,9.951089042,17.57302311,24.28739444,32.62414422,44.74777301,56.05619862,66.62571142,70.4246301,66.3927973,59.40133508,48.20133318,34.59990742,22.77746959,15.69364236,11.43691878,6.66617178,4.084036889,4.385230324,3.758771624,1.521983555,0.301186896,0.337331995,0.232912931,-0.995923723,0.192751996,3.092147233,1.943638393,0.554172268,1.224807541,0.477873963,-0.317254599,-1.015990815,0.329302107,2.702624036,2.080173641,0.971815828,0.385511126,0.670628733,1.100322178,1.598281662,2.325138637,2.293010761,1.329219273,-0.261021404,-0.718825105,0.064248419,0.393544977,0.144561173,0.032119949,-0.413629507,-0.638510964,1.393473836,2.754819994,2.027967973,1.947654229,1.032056734,0.220869981,-0.024096006,1.112365128,2.192608524,1.228828133,0.526070731,-0.505979067,-1.044094928,-0.157417496,0.88989773,1.532419973,2.174942215,2.496203336,25.36122464,22.93971189,18.09668639,13.25366088,6.014421617,1.313151867,0.77102354,0.064250401,0.020080368,-0.004013359,1.369377533,1.26898342,0.265041104,0.90354533,2.007881759,1.268984312,-0.779056896,-1.160556843,-0.493937108,1.863322369,5.264682423,9.951089042,17.57302311,24.28739444,32.62414422,44.74777301,56.05619862,66.62571142,70.4246301,66.3927973,59.40133508,48.20133318,34.59990742,22.77746959,15.69364236,11.43691878,6.66617178,4.084036889,4.385230324,3.758771624,1.521983555,0.301186896,0.337331995,0.232912931,-0.995923723,0.192751996,3.092147233,1.943638393,0.554172268,1.224807541,0.477873963,-0.317254599,-1.015990815,0.329302107,2.702624036,2.080173641,0.971815828,0.385511126,0.670628733,1.100322178,1.598281662,2.325138637,2.293010761,1.329219273,-0.261021404,-0.718825105,0.064248419,0.393544977,0.144561173,0.032119949,-0.413629507,-0.638510964,1.393473836,2.754819994,2.027967973,1.947654229,1.032056734,0.220869981,-0.024096006,1.112365128,2.192608524,1.228828133,0.526070731,-0.505979067,-1.044094928,-0.157417496,0.88989773,1.532419973,2.174942215,2.496203336]}

Slot 8:
Outcome check: Positive
Index Rising data : 11.000000
Index Break data : 0.000000
Index Transition time: 11.666667
{"outcome":{"outcome":"Positive","transition_time":{"x":11.66666667,"y":4.511434448,"i":35},"plateau_point":{"x":18.66666667,"y":48.23438676,"i":56},"increase":43.72295231,"suspect_score":4,"arm_width":4.333333333,"window_rate":7.749327127,"rise_width":8,"shape_flag":0,"climbs_fixed":0,"climb_first_i":-1},"peak_features":{"main_peak":{"x":16.66666667,"y":9.045985631,"i":50},"left_arm":{"x":14,"y":4.312665072,"i":42},"right_arm":{"x":18.33333333,"y":4.034955111,"i":55}},"time_data":[0,0.333333333,0.666666667,1,1.333333333,1.666666667,2,2.333333333,2.666666667,3,3.333333333,3.666666667,4,4.333333333,4.666666667,5,5.333333333,5.666666667,6,6.333333333,6.666666667,7,7.333333333,7.666666667,8,8.333333333,8.666666667,9,9.333333333,9.666666667,10,10.33333333,10.66666667,11,11.33333333,11.66666667,12,12.33333333,12.66666667,13,13.33333333,13.66666667,14,14.33333333,14.66666667,15,15.33333333,15.66666667,16,16.33333333,16.66666667,17,17.33333333,17.66666667,18,18.33333333,18.66666667,19,19.33333333,19.66666667,20,20.33333333,20.66666667,21,21.33333333,21.66666667,22,22.33333333,22.66666667,23,23.33333333,23.66666667,24,24.33333333,24.66666667,25,25.33333333,25.66666667,26,26.33333333,26.66666667,27,27.33333333,27.66666667,28,28.33333333,28.66666667,29,29.33333333,29.66666667],"raw_data":[267.9245,283.6478,290.566,296.2264,294.3396,300,298.7422,299.3711,300,300.6289,300.6289,301.8868,298.7422,299.3711,300,300,300,300.6289,299.3711,299.3711,301.2579,300,303.7736,300.6289,300,300.6289,298.7422,301.8868,304.4025,303.7736,300.6289,303.1447,302.5157,302.5157,304.4025,305.0315,307.5472,303.7736,308.8051,311.3208,312.5786,311.9497,313.2076,318.239,318.868,321.3837,323.8994,328.9308,329.5598,333.9623,336.478,337.7359,342.7673,344.6541,347.7988,344.6541,347.1698,350.3145,352.2013,350.9434,352.8302,357.8617,355.9749,357.2327,355.3459,357.2327,356.6038,359.1195,357.8617,360.3774,360.3774,359.7484,360.3774,361.6353,361.6353,360.3774,361.0063,363.522,365.4088,363.522,361.6353,362.2642,364.7799,364.7799,363.522,363.522,367.9246,364.7799,366.0378,365.4088],"processed_data":[-28.34380604,-19.37105741,-12.03053397,-6.322235742,-2.246162712,-1.502878429,-0.814045431,-0.481887223,0.637118385,0.424746955,0.574491823,0.392074915,0.117091191,-0.212339195,-0.206893326,-0.22867614,-0.035368552,0.040860923,-0.291301909,0.264116295,0.781415006,1.023733428,1.494746617,1.034618824,0.318564807,0.443805777,0.876708456,1.655380051,2.34148364,2.77983298,2.926857952,2.504850313,2.262538233,3.44961244,4.14932753,4.511434448,5.682169728,7.261304847,8.603573754,9.687185709,11.30171435,13.46077236,14.74858219,16.33588241,18.99318467,21.84107132,24.68895877,27.49600008,30.42556432,33.4041353,36.23024007,39.43479239,42.20100475,43.89449109,45.54441668,47.33319092,48.23438676,48.99944434,50.66570305,52.81659094,54.39028217,55.217965,56.13005178,56.69908281,56.92778339,56.58200655,57.31984628,58.09307875,59.03239342,59.4135614,60.03432633,60.46723033,60.90829824,60.63875946,60.79395258,61.6379705,62.48743032,62.90127101,63.05101337,63.40495796,63.5819323,63.38046014,62.95300636,63.96310623,64.71455799,65.14746147,65.43823796,65.61874513,65.68898297,65.64895149],"differential_data":[26.91824591,24.4699081,19.5732325,14.67655689,7.22903597,2.148175921,1.531486808,2.176745724,1.359951267,-0.093939843,-0.04900806,-0.686100947,-0.906621165,-0.485976777,-0.024505417,0.257287162,0.404305594,-0.383900036,0.334883058,1.609075373,1.139425699,1.069997416,0.016328093,-1.764272715,-0.88621957,0.837215473,1.817361411,2.197162777,1.686679394,0.878061468,-0.412474001,-0.996479579,1.41714319,2.830183946,1.592733012,2.299263298,4.124805599,4.382106038,3.638821292,4.047210892,5.66037998,5.170301759,4.312665072,6.366903726,8.25778337,8.543661142,8.482393141,8.604908336,8.86220283,8.707013613,9.045985631,8.956147033,6.689548047,5.015117893,5.158049744,4.034955111,2.499380136,3.64697444,5.725719898,5.586868682,3.602061086,2.609654414,2.221676715,1.196597409,-0.175614394,0.58809434,2.2666083,2.568820706,1.980723988,1.502899368,1.580503389,1.310957871,0.257293701,-0.171518499,1.498816552,2.540216619,1.894950768,0.845374566,0.755530419,0.796378396,-0.036746731,-0.943388902,0.87396914,2.642327445,1.776532854,1.085519944,0.706925489,0.376117518,0.045309547,-0.120094438,26.91824591,24.4699081,19.5732325,14.67655689,7.22903597,2.148175921,1.531486808,2.176745724,1.359951267,-0.093939843,-0.04900806,-0.686100947,-0.906621165,-0.485976777,-0.024505417,0.257287162,0.404305594,-0.383900036,0.334883058,1.609075373,1.139425699,1.069997416,0.016328093,-1.764272715,-0.88621957,0.837215473,1.817361411,2.197162777,1.686679394,0.878061468,-0.412474001,-0.996479579,1.41714319,2.830183946,1.592733012,2.299263298,4.124805599,4.382106038,3.638821292,4.047210892,5.66037998,5.170301759,4.312665072,6.366903726,8.25778337,8.543661142,8.482393141,8.604908336,8.86220283,8.707013613,9.045985631,8.956147033,6.689548047,5.015117893,5.158049744,4.034955111,2.499380136,3.64697444,5.725719898,5.586868682,3.602061086,2.609654414,2.221676715,1.196597409,-0.175614394,0.58809434,2.2666083,2.568820706,1.980723988,1.502899368,1.580503389,1.310957871,0.257293701,-0.171518499,1.498816552,2.540216619,1.894950768,0.845374566,0.755530419,0.796378396,-0.036746731,-0.943388902,0.87396914,2.642327445,1.776532854,1.085519944,0.706925489,0.376117518,0.045309547,-0.120094438]}

Slot 9:
Outcome check: Negative
Index Rising data : 0.000000
Index Break data : 0.000000
Index Transition time: 18.000000
{"outcome":{"outcome":"Negative","transition_time":{"x":18,"y":13.64610627,"i":54},"plateau_point":{"x":19.33333333,"y":17.24579967,"i":58},"increase":3.599693397,"suspect_score":3,"arm_width":1.333333333,"window_rate":1.569011341,"rise_width":8.333333333,"shape_flag":0,"climbs_fixed":0,"climb_first_i":-1},"peak_features":{"main_peak":{"x":18.66666667,"y":3.38725796,"i":56},"left_arm":{"x":18,"y":1.169231266,"i":54},"right_arm":{"x":19.33333333,"y":0.657378952,"i":58}},"time_data":[0,0.333333333,0.666666667,1,1.333333333,1.666666667,2,2.333333333,2.666666667,3,3.333333333,3.666666667,4,4.333333333,4.666666667,5,5.333333333,5.666666667,6,6.333333333,6.666666667,7,7.333333333,7.666666667,8,8.333333333,8.666666667,9,9.333333333,9.666666667,10,10.33333333,10.66666667,11,11.33333333,11.66666667,12,12.33333333,12.66666667,13,13.33333333,13.66666667,14,14.33333333,14.66666667,15,15.33333333,15.66666667,16,16.33333333,16.66666667,17,17.33333333,17.66666667,18,18.33333333,18.66666667,19,19.33333333,19.66666667,20,20.33333333,20.66666667,21,21.33333333,21.66666667,22,22.33333333,22.66666667,23,23.33333333,23.66666667,24,24.33333333,24.66666667,25,25.33333333,25.66666667,26,26.33333333,26.66666667,27,27.33333333,27.66666667,28,28.33333333,28.66666667,29,29.33333333,29.66666667],"raw_data":[296.7542,318.3926,322.2566,326.8933,329.9845,329.9845,329.9845,331.5301,331.5301,329.9845,333.8485,333.8485,333.8485,333.0757,334.6213,334.6213,333.8485,333.8485,335.3941,339.2581,333.0757,336.1669,336.9397,336.9397,336.9397,337.7125,336.9397,337.7125,341.5765,336.1669,339.2581,339.2581,341.5765,340.8037,340.8037,342.3493,337.7125,342.3493,341.5765,339.2581,342.3493,341.5765,343.1221,341.5765,341.5765,343.1221,342.3493,344.6677,344.6677,343.1221,344.6677,345.4405,344.6677,344.6677,343.1221,349.3045,348.5317,346.2133,349.3045,351.6229,346.9861,350.8501,348.5317,350.0773,350.8501,350.8501,349.3045,348.5317,350.8501,351.6229,349.3045,352.3957,349.3045,351.6229,353.9413,354.7141,352.3957,352.3957,351.6229,355.4868,351.6229,354.7141,353.1685,353.9413,355.4868,355.4868,354.7141,357.8052,356.2596,355.4868],"processed_data":[-29.59041045,-19.91873502,-12.07199893,-6.050202195,-1.853344806,-1.679384702,-1.311386307,-1.177568708,-0.806224873,0.033480558,0.565405511,1.030421666,1.739654937,2.231434612,1.823290936,1.615870884,2.689761736,3.03099714,3.13136417,3.556240858,4.064754205,4.265486416,4.352471686,4.342435895,4.968037791,5.607014049,5.744177088,6.068684764,6.199156922,6.667518517,7.306497549,7.550714666,8.320165857,8.90227241,8.761763932,9.029399129,8.480746975,8.597837374,8.587801054,9.002635609,9.808886639,9.434197364,9.902558958,10.1400852,10.08321272,10.73222807,10.96975431,11.54516998,12.06705861,12.32131205,12.75621924,12.00684069,12.34138469,13.3717802,13.64610627,14.15126771,15.75038801,16.40943968,17.24579967,16.84769232,17.19227263,17.65059791,17.67067055,17.84128798,18.14572302,17.67401599,18.18252286,17.78107007,18.1189595,18.21597726,18.4200491,18.74790221,19.31662701,20.02920572,20.89902011,20.62134859,21.47778122,20.95254715,20.77858427,20.82876587,21.19341882,21.54803546,22.03981513,21.84577962,22.89624776,23.33115496,23.62555368,23.86475263,24.04875183,24.17755127],"differential_data":[29.0150263,26.27761728,20.80279923,15.32798119,6.55622624,0.812937749,0.752723991,0.757742151,1.816573899,2.057445576,1.495411662,1.761374139,1.801519419,0.125453999,-0.923345591,1.299706199,2.122689383,0.662403652,0.787865577,1.400085053,1.063868337,0.431576221,0.115424218,0.923349158,1.896867232,1.164208945,0.692506072,0.682469752,0.898250629,1.66101094,1.324794224,1.520502462,2.027336616,0.662397112,0.190690078,-0.421525435,-0.647342632,0.160581118,0.607197353,1.831628378,0.647342632,0.140508478,1.058831747,0.270980637,0.888214309,1.329812384,1.219412866,1.645956461,1.164213106,1.033740948,-0.471707034,-0.622251833,2.047409256,1.957082377,1.169231266,3.156422603,3.38725796,2.243117493,0.657378952,-0.080290559,1.204358386,0.717596872,0.286035117,0.712578712,-0.250907997,0.055199759,0.160581118,-0.095345039,0.652360792,0.451634395,0.797887431,1.344866864,1.921955257,2.373589652,0.888214309,0.86814167,0.496797834,-1.048795428,-0.185671918,0.622251833,1.078904387,1.269594465,0.446616235,1.284648945,2.228063014,1.093958867,0.800396511,0.634797232,0.469197954,0.386398315,29.0150263,26.27761728,20.80279923,15.32798119,6.55622624,0.812937749,0.752723991,0.757742151,1.816573899,2.057445576,1.495411662,1.761374139,1.801519419,0.125453999,-0.923345591,1.299706199,2.122689383,0.662403652,0.787865577,1.400085053,1.063868337,0.431576221,0.115424218,0.923349158,1.896867232,1.164208945,0.692506072,0.682469752,0.898250629,1.66101094,1.324794224,1.520502462,2.027336616,0.662397112,0.190690078,-0.421525435,-0.647342632,0.160581118,0.607197353,1.831628378,0.647342632,0.140508478,1.058831747,0.270980637,0.888214309,1.329812384,1.219412866,1.645956461,1.164213106,1.033740948,-0.471707034,-0.622251833,2.047409256,1.957082377,1.169231266,3.156422603,3.38725796,2.243117493,0.657378952,-0.080290559,1.204358386,0.717596872,0.286035117,0.712578712,-0.250907997,0.055199759,0.160581118,-0.095345039,0.652360792,0.451634395,0.797887431,1.344866864,1.921955257,2.373589652,0.888214309,0.86814167,0.496797834,-1.048795428,-0.185671918,0.622251833,1.078904387,1.269594465,0.446616235,1.284648945,2.228063014,1.093958867,0.800396511,0.634797232,0.469197954,0.386398315]}

Slot 10:
Outcome check: Negative
Index Rising data : 9.666667
Index Break data : 0.000000
Index Transition time: 17.333333
{"outcome":{"outcome":"Negative","transition_time":{"x":17.33333333,"y":-0.200550426,"i":52},"plateau_point":{"x":18.66666667,"y":1.309300146,"i":56},"increase":1.509850572,"suspect_score":3,"arm_width":1.333333333,"window_rate":0.42831487,"rise_width":6.666666667,"shape_flag":0,"climbs_fixed":0,"climb_first_i":-1},"peak_features":{"main_peak":{"x":18,"y":1.740483272,"i":54},"left_arm":{"x":17.33333333,"y":-0.588754233,"i":52},"right_arm":{"x":18.66666667,"y":-0.434050919,"i":56}},"time_data":[0,0.333333333,0.666666667,1,1.333333333,1.666666667,2,2.333333333,2.666666667,3,3.333333333,3.666666667,4,4.333333333,4.666666667,5,5.333333333,5.666666667,6,6.333333333,6.666666667,7,7.333333333,7.666666667,8,8.333333333,8.666666667,9,9.333333333,9.666666667,10,10.33333333,10.66666667,11,11.33333333,11.66666667,12,12.33333333,12.66666667,13,13.33333333,13.66666667,14,14.33333333,14.66666667,15,15.33333333,15.66666667,16,16.33333333,16.66666667,17,17.33333333,17.66666667,18,18.33333333,18.66666667,19,19.33333333,19.66666667,20,20.33333333,20.66666667,21,21.33333333,21.66666667,22,22.33333333,22.66666667,23,23.33333333,23.66666667,24,24.33333333,24.66666667,25,25.33333333,25.66666667,26,26.33333333,26.66666667,27,27.33333333,27.66666667,28,28.33333333,28.66666667,29,29.33333333,29.66666667],"raw_data":[270.0198,285.2415,291.1979,294.5069,298.4778,295.8306,298.4778,301.1251,299.1396,301.1251,299.1396,303.1105,297.816,300.4633,298.4778,301.7869,300.4633,297.816,298.4778,297.1542,301.1251,299.1396,299.8015,298.4778,299.1396,300.4633,300.4633,301.7869,300.4633,298.4778,301.1251,303.1105,297.816,299.1396,299.8015,301.1251,299.1396,301.1251,301.1251,301.1251,300.4633,300.4633,300.4633,298.4778,299.1396,301.1251,301.1251,299.1396,300.4633,301.7869,301.1251,299.1396,300.4633,299.8015,300.4633,299.8015,304.4341,299.8015,301.1251,298.4778,298.4778,298.4778,300.4633,297.816,301.7869,299.1396,298.4778,299.8015,301.1251,299.8015,298.4778,297.816,301.7869,299.1396,299.8015,298.4778,299.1396,299.1396,298.4778,299.8015,301.1251,300.4633,301.1251,299.8015,300.4633,299.8015,299.1396,300.4633,299.1396,300.4633],"processed_data":[-26.20838993,-18.04402151,-11.35512357,-6.141696101,-2.403739104,-1.850793087,-0.879562312,-0.701927284,0.186220508,0.721975219,0.638892104,-0.048708168,0.097404447,0.160436193,0.128919857,-0.320882954,-0.527160777,-0.962641068,-1.074374905,-1.332223339,-1.048588872,-0.719112644,-0.60164639,-0.501374612,-0.501372102,0.312282678,0.318013245,0.375311517,0.951169101,0.75061841,0.409685011,-0.094550723,0.146110105,7.92664367e-7,-0.441206102,-0.355258826,0.644617254,0.790727095,0.827971487,0.948302298,0.899593469,0.088808398,-0.254987973,-0.131795644,-0.143254796,-0.191959794,0.163302335,0.885278479,0.776409463,0.558673677,0.461264606,0.581590661,-0.200550426,0.189087839,0.593055626,1.34941002,1.309300146,1.06004274,0.197677943,-0.24926454,-1.53278222,-0.979837393,-0.802200251,-0.45266935,-0.492775525,-0.297957515,-0.183358725,0.100271778,-0.81939433,-0.363861348,-0.352396251,-0.452667633,-0.664675494,-0.512831651,-0.349522578,-0.684728845,-1.38665243,-0.965501529,-0.730572721,-0.028653892,0.263570546,0.618828051,0.819379402,0.366714015,0.111733176,-0.157572428,-0.217449951,-0.19854126,-0.100846354,0.075634766],"differential_data":[24.49310525,22.27989954,17.85348812,13.4270767,6.436354521,2.286265187,1.723298704,1.598674229,2.135853755,0.679007394,-1.156025081,-0.812231485,0.313716542,0.047273116,-0.72197872,-0.984120951,-0.962637171,-0.820821192,-0.554373407,0.038679049,0.919666043,0.670413723,0.326607048,0.150411432,1.220485935,1.22907802,0.094543259,0.949733784,0.56296034,-0.812226134,-1.2677537,-0.395362359,0.141827274,-0.880974311,-0.532889428,1.628735034,1.718978882,0.27503135,0.236362804,0.107432972,-1.289240849,-1.731872162,-0.330906063,0.167599765,-0.090246225,0.459835697,1.615857409,0.919660692,-0.489907203,-0.472717285,0.034375476,-0.992722548,-0.588754233,1.190409078,1.740483272,1.07436678,-0.434050919,-1.667433305,-1.96396092,-2.595690244,-1.09585928,1.095872953,0.790752064,0.46413709,0.232067752,0.4641252,0.59734394,-0.954053408,-0.69619969,0.700497119,-0.133209427,-0.468418864,-0.090246027,0.472729373,-0.257845792,-1.555694778,-0.421159026,0.984119564,1.405271456,1.491214901,0.971222915,0.833713284,-0.378171054,-1.061469338,-0.786429665,-0.493774691,-0.061453247,0.174905396,0.411264038,0.529443359,24.49310525,22.27989954,17.85348812,13.4270767,6.436354521,2.286265187,1.723298704,1.598674229,2.135853755,0.679007394,-1.156025081,-0.812231485,0.313716542,0.047273116,-0.72197872,-0.984120951,-0.962637171,-0.820821192,-0.554373407,0.038679049,0.919666043,0.670413723,0.326607048,0.150411432,1.220485935,1.22907802,0.094543259,0.949733784,0.56296034,-0.812226134,-1.2677537,-0.395362359,0.141827274,-0.880974311,-0.532889428,1.628735034,1.718978882,0.27503135,0.236362804,0.107432972,-1.289240849,-1.731872162,-0.330906063,0.167599765,-0.090246225,0.459835697,1.615857409,0.919660692,-0.489907203,-0.472717285,0.034375476,-0.992722548,-0.588754233,1.190409078,1.740483272,1.07436678,-0.434050919,-1.667433305,-1.96396092,-2.595690244,-1.09585928,1.095872953,0.790752064,0.46413709,0.232067752,0.4641252,0.59734394,-0.954053408,-0.69619969,0.700497119,-0.133209427,-0.468418864,-0.090246027,0.472729373,-0.257845792,-1.555694778,-0.421159026,0.984119564,1.405271456,1.491214901,0.971222915,0.833713284,-0.378171054,-1.061469338,-0.786429665,-0.493774691,-0.061453247,0.174905396,0.411264038,0.529443359]}

[len] set(90) was=90 APPLIED
f
>>> {"Slot":[483,524,548,564,567,567,575,576,577,582,581,585,597,612,623,648,675,701,725,742,759,768,774...(372 B)
inish one round maintenance
data received from Serial port

Receive long json data in 1 receiving
{"Slot":[483,524,548,564,567,567,575,576,577,582,581,585,597,612,623,648,675,701,725,742,759,768,774,781,784,786,787,785,787,791,789,792,791,791,789,794,789,793,792,791,798,794,792,796,798,799,799,796,799,794,797,796,797,799,802,802,805,803,800,799,803,801,803,806,805,804,802,803,809,809,804,803,809,805,808,808,809,807,809,806,812,810,813,810,813,809,816,813,817,813]}0
Json data received

>>> {"Slot":[475,514,540,556,564,567,575,573,576,583,590,608,614,626,648,675,700,722,738,754,767,772,784...(372 B)
data received from Serial port

Receive long json data in 1 receiving
{"Slot":[475,514,540,556,564,567,575,573,576,583,590,608,614,626,648,675,700,722,738,754,767,772,784,789,790,798,797,799,800,801,799,806,802,799,805,804,806,800,805,809,802,804,802,809,810,808,802,809,809,810,807,810,808,811,810,808,815,811,813,813,817,814,814,815,821,817,815,819,821,817,819,815,818,817,821,821,824,828,820,818,827,826,824,823,822,824,824,828,828,826]}1
[dash] heap free=97964 maxAlloc=86004 intFree=97964 intLargest=86004 clients=0 ap=0
Json data received

>>> {"Slot":[393,422,434,442,452,455,457,462,469,475,484,496,506,515,535,545,566,591,615,634,649,657,662...(372 B)
data received from Serial port

Receive long json data in 1 receiving
{"Slot":[393,422,434,442,452,455,457,462,469,475,484,496,506,515,535,545,566,591,615,634,649,657,662,665,671,670,675,677,675,674,679,676,675,677,680,680,676,679,680,681,679,686,685,679,684,683,685,682,685,686,682,685,684,685,689,689,683,688,690,689,688,690,690,689,693,692,693,694,693,691,696,688,698,696,694,696,699,698,699,694,699,700,695,700,699,697,700,701,694,705]}2
Json data received

>>> {"Slot":[487,550,592,630,660,680,705,717,739,755,766,781,796,806,814,819,833,842,854,858,861,871,873...(372 B)
data received from Serial port
[stack]
Receive long json data in 1 receiving
{"Slot":[487,550,592,630,660,680,705,717,739,755,766,781,796,806,814,819,833,842,854,858,861,871,873,875,885,884,883,895,892,901,905,908,905,911,911,916,911,917,919,921,919,920,921,923,929,925,928,931,930,931,928,933,929,931,933,930,933,932,928,929,936,932,930,930,933,928,938,928,933,933,934,937,938,939,935,934,930,936,936,932,932,934,932,933,934,940,931,939,930,932]}3
 Control=2128/4096 Sensor=1520/10240 Display=6080/10240 Network=2208/6144 Input=1488/6144 Setting=7016/8192 | unused=24616 B
Json data received

>>> {"Slot":[372,412,442,465,477,487,496,507,514,521,525,528,534,540,539,546,546,548,549,556,557,556,553...(372 B)
data received from Serial port

Receive long json data in 1 receiving
{"Slot":[372,412,442,465,477,487,496,507,514,521,525,528,534,540,539,546,546,548,549,556,557,556,553,561,560,566,561,566,566,563,568,571,569,566,567,571,571,566,568,569,568,572,566,571,568,569,573,569,573,567,567,570,572,566,568,569,574,572,571,570,567,570,569,570,569,575,572,569,573,569,571,571,570,573,572,571,568,569,572,571,573,570,568,575,571,573,572,569,569,571]}4
Json data received

>>> {"Slot":[263,388,450,487,505,513,516,524,520,523,526,524,526,523,524,525,533,545,543,558,579,599,623...(372 B)
data received from Serial port

Receive long json data in 1 receiving
{"Slot":[263,388,450,487,505,513,516,524,520,523,526,524,526,523,524,525,533,545,543,558,579,599,623,652,674,693,710,716,725,731,732,733,740,735,738,736,735,739,740,739,739,738,743,741,748,739,747,740,741,741,743,748,744,745,750,750,745,749,751,748,744,756,749,753,758,750,748,756,756,750,754,755,756,755,758,760,757,759,752,755,761,759,759,760,766,755,763,759,767,760]}5
Json data received

>>> {"Slot":[422,453,468,483,495,505,519,539,568,603,645,681,713,746,774,787,796,799,798,811,814,816,817...(372 B)
data received from Serial port

Receive long json data in 1 receiving
{"Slot":[422,453,468,483,495,505,519,539,568,603,645,681,713,746,774,787,796,799,798,811,814,816,817,809,820,816,815,818,817,811,817,820,817,817,820,818,818,821,824,819,821,821,822,824,822,825,822,819,823,825,823,825,830,828,827,825,833,832,831,833,826,829,830,830,833,829,833,831,833,833,831,832,835,837,835,837,836,841,836,837,837,842,840,839,845,839,842,843,844,844]}6
Json data received

>>> {"Slot":[410,441,461,469,469,477,479,478,480,475,485,484,488,491,496,497,506,513,528,539,553,572,580...(372 B)
data received from Serial port

Receive long json data in 1 receiving[dash] heap free=97964 maxAlloc=86004 intFree=97964 intLargest=86004 clients=0 ap=0

{"Slot":[410,441,461,469,469,477,479,478,480,475,485,484,488,491,496,497,506,513,528,539,553,572,580,605,614,625,640,652,653,656,660,667,666,671,673,674,671,677,675,678,676,676,677,673,680,680,681,677,677,681,677,678,682,683,684,683,682,682,681,681,686,686,684,689,690,688,686,686,688,687,689,687,687,691,690,691,693,691,694,689,689,692,690,695,696,695,694,695,697,695]}7
Json data received

>>> {"Slot":[128,216,273,311,337,353,365,371,379,380,389,385,384,388,385,386,385,387,392,389,387,386,388...(372 B)
data received from Serial port

Receive long json data in 1 receiving
{"Slot":[128,216,273,311,337,353,365,371,379,380,389,385,384,388,385,386,385,387,392,389,387,386,388,385,392,387,388,387,388,389,387,390,390,388,388,389,387,390,388,389,389,388,388,387,389,390,388,387,393,387,389,387,386,389,392,387,391,387,389,388,388,388,386,387,388,384,387,389,392,387,389,389,389,389,391,388,387,391,388,387,388,388,386,385,385,389,390,388,390,384]}8
Json data received

>>> {"Slot":[389,422,438,445,454,462,473,490,527,564,597,617,630,631,633,636,640,640,644,641,638,638,639...(372 B)
data received from Serial port

Receive long json data in 1 receiving
{"Slot":[389,422,438,445,454,462,473,490,527,564,597,617,630,631,633,636,640,640,644,641,638,638,639,642,638,639,640,642,645,642,646,643,644,646,646,646,644,646,649,644,646,649,643,649,646,652,647,654,652,649,656,653,657,649,653,652,659,654,656,652,657,661,661,662,656,657,661,655,658,659,660,661,659,662,660,662,663,663,660,668,666,663,668,669,665,669,666,665,664,668]}9
Json data received

>>> getResult
data received from Serial port
getResult
<AmpStart/>
<AmpStart>
{"calibration":{"slopes":[1.508,1.622,1.504,1.73,1.542,1.743,1.617,1.59,1.294,1.511],"origins":[0,0,0,0,0,0,0,0,0,0]},"led_power":[150,150,150,150,150,150,150,150,150,150],"units":"nM FAM","device_id":"RPL01015","slots":10,"amplification_time":30,"reading_interval":0.333333,"software_version":"v2.4.5AT1"}
Amplification Time[min],Sensor 1 Fluorescence[nM FAM],Sensor 2 Fluorescence[nM FAM],Sensor 3 Fluorescence[nM FAM],Sensor 4 Fluorescence[nM FAM],Sensor 5 Fluorescence[nM FAM],Temperature[C]
0.00,320.29,292.85,261.30,281.50,241.25,150.89,260.98,257.86,98.92,257.45,65.80
0.33,347.48,316.89,280.59,317.92,267.19,222.60,280.15,277.36,166.92,279.29,65.80
0.67,363.40,332.92,288.56,342.20,286.64,258.18,289.42,289.94,210.97,289.87,65.80
1.00,374.01,342.79,293.88,364.16,301.56,279.40,298.70,294.97,240.34,294.51,65.80
1.33,375.99,347.72,300.53,381.50,309.34,289.73,306.12,294.97,260.43,300.46,65.80
1.67,375.99,349.57,302.53,393.06,315.82,294.32,312.31,300.00,272.80,305.76,65.80
2.00,381.30,354.50,303.86,407.51,321.66,296.04,320.96,301.26,282.07,313.04,65.80
2.33,381.96,353.27,307.18,414.45,328.79,300.63,333.33,300.63,286.71,324.29,65.80
2.67,382.63,355.12,311.84,427.17,333.33,298.34,351.27,301.89,292.89,348.78,65.80
3.00,385.94,359.43,315.82,436.42,337.87,300.06,372.91,298.74,293.66,373.26,65.80
3.33,385.28,363.75,321.81,442.77,340.47,301.78,398.89,305.03,300.62,395.10,65.80
3.67,387.93,374.85,329.79,451.45,342.41,300.63,421.15,304.40,297.53,408.34,65.80
4.00,395.89,378.55,336.44,460.12,346.30,301.78,440.94,306.92,296.75,416.94,65.80
4.33,405.84,385.94,342.42,465.90,350.19,300.06,461.35,308.81,299.85,417.60,65.80
4.67,413.13,399.51,355.72,470.52,349.55,300.63,478.66,311.95,297.53,418.93,65.80
5.00,429.71,416.15,362.37,473.41,354.09,301.20,486.70,312.58,298.30,420.91,65.80
5.33,447.61,431.57,376.33,481.50,354.09,305.79,492.27,318.24,297.53,423.56,65.80
5.67,464.85,445.13,392.95,486.71,355.38,312.68,494.12,322.64,299.07,423.56,65.80
6.00,480.77,454.99,408.91,493.64,356.03,311.53,493.51,332.08,302.94,426.21,65.80
6.33,492.04,464.86,421.54,495.95,360.57,320.14,501.55,338.99,300.62,424.22,65.80
6.67,503.32,472.87,431.52,497.69,361.22,332.19,503.40,347.80,299.07,422.24,65.80
7.00,509.28,475.96,436.84,503.47,360.57,343.66,504.64,359.75,298.30,422.24,65.80
7.33,513.26,483.35,440.16,504.62,358.63,357.43,505.26,364.78,299.85,422.90,65.80
7.67,517.90,486.44,442.15,505.78,363.81,374.07,500.31,380.50,297.53,424.88,65.80
8.00,519.89,487.05,446.14,511.56,363.16,386.69,507.11,386.16,302.94,422.24,65.80
8.33,521.22,491.99,445.48,510.98,367.06,397.59,504.64,393.08,299.07,422.90,65.80
8.67,521.88,491.37,448.80,510.40,363.81,407.34,504.02,402.52,299.85,423.56,65.80
9.00,520.56,492.60,450.13,517.34,367.06,410.79,505.88,410.06,299.07,424.88,65.80
9.33,521.88,493.22,448.80,515.61,367.06,415.95,505.26,410.69,299.85,426.87,65.80
9.67,524.54,493.83,448.14,520.81,365.11,419.39,501.55,412.58,300.62,424.88,65.80
10.00,523.21,492.60,451.46,523.12,368.35,419.97,505.26,415.09,299.07,427.53,65.80
10.33,525.20,496.92,449.47,524.86,370.30,420.54,507.11,419.50,301.39,425.55,65.80
10.67,524.54,494.45,448.80,523.12,369.00,424.56,505.26,418.87,301.39,426.21,65.80
11.00,524.54,492.60,450.13,526.59,367.06,421.69,505.26,422.01,299.85,427.53,65.80
11.33,523.21,496.30,452.13,526.59,367.70,423.41,507.11,423.27,299.85,427.53,65.80
11.67,526.53,495.68,452.13,529.48,370.30,422.26,505.88,423.90,300.62,427.53,65.80
12.00,523.21,496.92,449.47,526.59,370.30,421.69,505.88,422.01,299.07,426.21,65.80
12.33,525.86,493.22,451.46,530.06,367.06,423.98,507.73,425.79,301.39,427.53,65.80
12.67,525.20,496.30,452.13,531.21,368.35,424.56,509.59,424.53,299.85,429.52,65.80
13.00,524.54,498.77,452.79,532.37,369.00,423.98,506.49,426.42,300.62,426.21,65.80
13.33,529.18,494.45,451.46,531.21,368.35,423.98,507.73,425.16,300.62,427.53,65.80
13.67,526.53,495.68,456.12,531.79,370.95,423.41,507.73,425.16,299.85,429.52,65.80
14.00,525.20,494.45,455.45,532.37,367.06,426.28,508.35,425.79,299.85,425.55,65.80
14.33,527.85,498.77,451.46,533.53,370.30,425.13,509.59,423.27,299.07,429.52,65.80
14.67,529.18,499.38,454.79,536.99,368.35,429.15,508.35,427.67,300.62,427.53,65.80
15.00,529.84,498.15,454.12,534.68,369.00,423.98,510.20,427.67,301.39,431.50,65.80
15.33,529.84,494.45,455.45,536.42,371.60,428.57,508.35,428.30,299.85,428.19,65.80
15.67,527.85,498.77,453.46,538.15,369.00,424.56,506.49,425.79,299.07,432.83,65.80
16.00,529.84,498.77,455.45,537.57,371.60,425.13,508.97,425.79,303.71,431.50,65.80
16.33,526.53,499.38,456.12,538.15,367.70,425.13,510.20,428.30,299.07,429.52,65.80
16.67,528.51,497.53,453.46,536.42,367.70,426.28,508.97,425.79,300.62,434.15,65.80
17.00,527.85,499.38,455.45,539.31,369.65,429.15,510.20,426.42,299.07,432.16,65.80
17.33,528.51,498.15,454.79,536.99,370.95,426.85,513.30,428.93,298.30,434.81,65.80
17.67,529.84,500.00,455.45,538.15,367.06,427.42,512.06,429.56,300.62,429.52,65.80
18.00,531.83,499.38,458.11,539.31,368.35,430.29,511.44,430.19,302.94,432.16,65.80
18.33,531.83,498.15,458.11,537.57,369.00,430.29,510.20,429.56,299.07,431.50,65.80
18.67,533.82,502.47,454.12,539.31,372.24,427.42,515.15,428.93,302.16,436.14,65.80
19.00,532.49,500.00,457.45,538.73,370.95,429.72,514.53,428.93,299.07,432.83,65.80
19.33,530.50,501.23,458.78,536.42,370.30,430.87,513.91,428.30,300.62,434.15,65.80
19.67,529.84,501.23,458.11,536.99,369.65,429.15,515.15,428.30,299.85,431.50,65.80
20.00,532.49,503.70,457.45,541.04,367.70,426.85,510.82,431.45,299.85,434.81,65.80
20.33,531.17,501.85,458.78,538.73,369.65,433.73,512.68,431.45,299.85,437.46,65.80
20.67,532.49,501.85,458.78,537.57,369.00,429.72,513.30,430.19,298.30,437.46,65.80
21.00,534.48,502.47,458.11,537.57,369.65,432.01,513.30,433.33,299.07,438.12,65.80
21.33,533.82,506.17,460.77,539.31,369.00,434.88,515.15,433.96,299.85,434.15,65.80
21.67,533.16,503.70,460.11,536.42,372.89,430.29,512.68,432.70,296.75,434.81,65.80
22.00,531.83,502.47,460.77,542.20,370.95,429.15,515.15,431.45,299.07,437.46,65.80
22.33,532.49,504.93,461.44,536.42,369.00,433.73,513.91,431.45,300.62,433.49,65.80
22.67,536.47,506.17,460.77,539.31,371.60,433.73,515.15,432.70,302.94,435.47,65.80
23.00,536.47,503.70,459.44,539.31,369.00,430.29,515.15,432.08,299.07,436.14,65.80
23.33,533.16,504.93,462.77,539.88,370.30,432.59,513.91,433.33,300.62,436.80,65.80
23.67,532.49,502.47,457.45,541.62,370.30,433.16,514.53,432.08,300.62,437.46,65.80
24.00,536.47,504.32,464.10,542.20,369.65,433.73,516.39,432.08,300.62,436.14,65.80
24.33,533.82,503.70,462.77,542.77,371.60,433.16,517.63,434.59,300.62,438.12,65.80
24.67,535.81,506.17,461.44,540.46,370.95,434.88,516.39,433.96,302.16,436.80,65.80
25.00,535.81,506.17,462.77,539.88,370.30,436.03,517.63,434.59,299.85,438.12,65.80
25.33,536.47,508.01,464.76,537.57,368.35,434.31,517.01,435.85,299.07,438.78,65.80
25.67,535.15,510.48,464.10,541.04,369.00,435.46,520.10,434.59,302.16,438.78,65.80
26.00,536.47,505.55,464.76,541.04,370.95,431.44,517.01,436.48,299.85,436.80,65.80
26.33,534.48,504.32,461.44,538.73,370.30,433.16,517.63,433.33,299.07,442.09,65.80
26.67,538.46,509.86,464.76,538.73,371.60,436.60,517.63,433.33,299.85,440.77,65.80
27.00,537.14,509.25,465.43,539.88,369.65,435.46,520.72,435.22,299.85,438.78,65.80
27.33,539.12,508.01,462.10,538.73,368.35,435.46,519.48,433.96,298.30,442.09,65.80
27.67,537.14,507.40,465.43,539.31,372.89,436.03,518.86,437.11,297.53,442.75,65.80
28.00,539.12,506.78,464.76,539.88,370.30,439.47,522.57,437.74,297.53,440.11,65.80
28.33,536.47,508.01,463.43,543.35,371.60,433.16,518.86,437.11,300.62,442.75,65.80
28.67,541.11,508.01,465.43,538.15,370.95,437.75,520.72,436.48,301.39,440.77,65.80
29.00,539.12,510.48,466.09,542.77,369.00,435.46,521.34,437.11,299.85,440.11,65.80
29.33,541.78,510.48,461.44,537.57,369.00,440.05,521.95,438.36,301.39,439.44,65.80
29.67,539.12,509.25,468.75,538.73,370.30,436.03,521.95,437.11,296.75,442.09,65.80
load algo para from flash
Slot 1:
Outcome check: Positive
Index Rising data : 4.000000
Index Break data : 0.000000
Index Transition time: 3.666667
{"outcome":{"outcome":"Positive","transition_time":{"x":3.666666667,"y":3.96156714,"i":11},"plateau_point":{"x":7,"y":123.3852443,"i":21},"increase":119.4236771,"suspect_score":0,"arm_width":3,"window_rate":31.06376328,"rise_width":3.333333333,"shape_flag":0,"climbs_fixed":0,"climb_first_i":-1},"peak_features":{"main_peak":{"x":5.666666667,"y":49.03286446,"i":17},"left_arm":{"x":4,"y":21.21585678,"i":12},"right_arm":{"x":7,"y":18.24898935,"i":21}},"time_data":[0,0.333333333,0.666666667,1,1.333333333,1.666666667,2,2.333333333,2.666666667,3,3.333333333,3.666666667,4,4.333333333,4.666666667,5,5.333333333,5.666666667,6,6.333333333,6.666666667,7,7.333333333,7.666666667,8,8.333333333,8.666666667,9,9.333333333,9.666666667,10,10.33333333,10.66666667,11,11.33333333,11.66666667,12,12.33333333,12.66666667,13,13.33333333,13.66666667,14,14.33333333,14.66666667,15,15.33333333,15.66666667,16,16.33333333,16.66666667,17,17.33333333,17.66666667,18,18.33333333,18.66666667,19,19.33333333,19.66666667,20,20.33333333,20.66666667,21,21.33333333,21.66666667,22,22.33333333,22.66666667,23,23.33333333,23.66666667,24,24.33333333,24.66666667,25,25.33333333,25.66666667,26,26.33333333,26.66666667,27,27.33333333,27.66666667,28,28.33333333,28.66666667,29,29.33333333,29.66666667],"raw_data":[320.2918,347.4801,363.3952,374.0053,375.9947,375.9947,381.2997,381.9629,382.626,385.9417,385.2785,387.931,395.8886,405.8355,413.13,429.7082,447.6127,464.8541,480.7692,492.0424,503.3156,509.2838,513.2626,517.9045,519.8939,521.2202,521.8833,520.557,521.8833,524.5358,523.2095,525.1989,524.5358,524.5358,523.2095,526.5252,523.2095,525.8621,525.1989,524.5358,529.1777,526.5252,525.1989,527.8514,529.1777,529.8408,529.8408,527.8514,529.8408,526.5252,528.5146,527.8514,528.5146,529.8408,531.8303,531.8303,533.8196,532.4933,530.504,529.8408,532.4933,531.1671,532.4933,534.4827,533.8196,533.1565,531.8303,532.4933,536.4722,536.4722,533.1565,532.4933,536.4722,533.8196,535.809,535.809,536.4722,535.1459,536.4722,534.4827,538.4615,537.1353,539.1246,537.1353,539.1246,536.4722,541.1141,539.1246,541.7772,539.1246],"processed_data":[-59.42216982,-42.00596258,-27.70589329,-16.52196194,-8.454168543,-6.614058325,-5.198808678,-4.199809021,-3.060143409,-1.753981157,0.424871668,3.96156714,9.576643642,18.10547166,30.35471823,45.25073969,61.18595642,77.87616191,93.87453272,106.4251997,116.2113824,123.3852443,128.3773754,132.0088052,133.8316967,134.8881145,135.8182285,136.0536273,136.6708148,137.3396867,138.1779321,138.4879688,138.8783814,138.545381,138.7721704,138.7807748,138.5913005,139.2285963,140.0295298,139.9663748,140.5433832,140.7156273,141.4447813,142.3088478,142.3145848,143.4886922,143.637971,143.1671789,142.5901681,142.0849373,141.8897278,142.4265479,142.8600275,144.3700164,145.5154275,146.4857256,146.4225653,146.2531864,145.6819081,145.2398186,145.259909,146.0952861,147.1459598,147.5536088,147.0512372,147.3067303,147.8292074,148.144989,148.1507213,148.7679202,148.928678,148.7679236,148.3631498,148.9286815,149.6607097,150.1716984,149.5860666,150.0999208,150.0051863,150.6309898,150.9898189,151.9371387,151.853883,152.4883189,152.2270866,153.0710776,153.4336444,153.7919015,154.1458489,154.4954865],"differential_data":[52.24862172,47.5744148,38.22600096,28.87758712,14.86185543,4.883039797,3.621373957,3.207997904,3.668741796,5.227522615,8.573322445,13.72765796,21.21585678,31.16711188,40.71790205,46.24685728,48.93813334,49.03286446,42.82355668,33.50527459,25.44006685,18.24898935,12.93534138,8.181482092,4.31896398,2.979797561,1.748269217,1.278879537,1.929089038,2.260676,1.722423207,1.050673844,0.086118227,-0.159316422,0.353090757,-0.271304837,0.67173232,2.157343877,1.106667655,0.770780093,1.123878776,1.352097152,2.38983075,1.304705335,1.769766671,1.985079282,-0.48227008,-1.571704419,-1.623362355,-1.050660369,0.512415898,1.455449488,2.915202748,3.983099999,3.173563771,1.360706676,-0.348808784,-1.110985694,-1.520051634,-0.632998776,1.283201143,2.829076197,2.187484147,-0.142083899,-0.370317732,1.166955329,1.257388028,0.482270872,0.934396719,1.166935116,5.152318423e-6,-0.848292363,0.241136823,1.946339793,1.864525337,-0.111964634,-0.107666412,0.628679548,0.796603512,1.476948924,1.959223363,1.296096207,0.826770337,0.559805337,0.874137978,1.809836687,1.081235891,1.068306742,1.055377594,1.048913019,52.24862172,47.5744148,38.22600096,28.87758712,14.86185543,4.883039797,3.621373957,3.207997904,3.668741796,5.227522615,8.573322445,13.72765796,21.21585678,31.16711188,40.71790205,46.24685728,48.93813334,49.03286446,42.82355668,33.50527459,25.44006685,18.24898935,12.93534138,8.181482092,4.31896398,2.979797561,1.748269217,1.278879537,1.929089038,2.260676,1.722423207,1.050673844,0.086118227,-0.159316422,0.353090757,-0.271304837,0.67173232,2.157343877,1.106667655,0.770780093,1.123878776,1.352097152,2.38983075,1.304705335,1.769766671,1.985079282,-0.48227008,-1.571704419,-1.623362355,-1.050660369,0.512415898,1.455449488,2.915202748,3.983099999,3.173563771,1.360706676,-0.348808784,-1.110985694,-1.520051634,-0.632998776,1.283201143,2.829076197,2.187484147,-0.142083899,-0.370317732,1.166955329,1.257388028,0.482270872,0.934396719,1.166935116,5.152318423e-6,-0.848292363,0.241136823,1.946339793,1.864525337,-0.111964634,-0.107666412,0.628679548,0.796603512,1.476948924,1.959223363,1.296096207,0.826770337,0.559805337,0.874137978,1.809836687,1.081235891,1.068306742,1.055377594,1.048913019]}

Slot 2:
Outcome check: Positive
Index Rising data : 4.000000
Index Break data : 0.000000
Index Transition time: 3.333333
{"outcome":{"outcome":"Positive","transition_time":{"x":3.333333333,"y":1.894959949,"i":10},"plateau_point":{"x":7,"y":114.8280558,"i":21},"increase":112.9330958,"suspect_score":0,"arm_width":3,"window_rate":27.41924976,"rise_width":3.333333333,"shape_flag":0,"climbs_fixed":0,"climb_first_i":-1},"peak_features":{"main_peak":{"x":5.333333333,"y":43.70906998,"i":16},"left_arm":{"x":3.666666667,"y":21.31006137,"i":11},"right_arm":{"x":6.666666667,"y":19.60461644,"i":20}},"time_data":[0,0.333333333,0.666666667,1,1.333333333,1.666666667,2,2.333333333,2.666666667,3,3.333333333,finish one round maintenance
3.666666667,4,4.333333333,4.666666667,5,5.333333333,5.666666667,6,6.333333333,6.666666667,7,7.333333333,7.666666667,8,8.333333333,8.666666667,9,9.333333333,9.666666667,10,10.33333333,10.66666667,11,11.33333333,11.66666667,12,12.33333333,12.66666667,13,13.33333333,13.66666667,14,14.33333333,14.66666667,15,15.33333333,15.66666667,16,16.33333333,16.66666667,17,17.33333333,17.66666667,18,18.33333333,18.66666667,19,19.33333333,19.66666667,20,20.33333333,20.66666667,21,21.33333333,21.66666667,22,22.33333333,22.66666667,23,23.33333333,23.66666667,24,24.33333333,24.66666667,25,25.33333333,25.66666667,26,26.33333333,26.66666667,27,27.33333333,27.66666667,28,28.33333333,28.66666667,29,29.33333333,29.66666667],"raw_data":[292.8483,316.8927,332.9223,342.7867,347.7189,349.5685,354.5006,353.2676,355.1172,359.4328,363.7485,374.8459,378.545,385.9433,399.5068,416.1529,431.566,445.1295,454.9938,464.8582,472.873,475.9556,483.3539,486.4365,487.053,491.9852,491.3687,492.6017,493.2183,493.8348,492.6017,496.9174,494.4513,492.6017,496.3009,495.6844,496.9174,493.2183,496.3009,498.767,494.4513,495.6844,494.4513,498.767,499.3835,498.1505,494.4513,498.767,498.767,499.3835,497.5339,499.3835,498.1505,500,499.3835,498.1505,502.4661,500,501.2331,501.2331,503.6992,501.8496,501.8496,502.4661,506.1652,503.6992,502.4661,504.9322,506.1652,503.6992,504.9322,502.4661,504.3157,503.6992,506.1652,506.1652,508.0148,510.4809,505.5487,504.3157,509.8644,509.2479,508.0148,507.3983,506.7818,508.0148,508.0148,510.4809,510.4809,509.2479],"processed_data":[-65.62311105,-48.29321317,-33.97119952,-22.6570701,-14.35082493,-11.60983382,-10.05118009,-9.085025408,-6.330688344,-2.439388391,1.894959949,8.113564892,16.10166753,26.28096438,38.79824393,52.27900702,67.21433975,81.41838701,92.65992796,101.7583115,109.2980331,114.8280558,119.6721623,123.1257513,125.7786666,127.9164824,129.0721322,129.6139283,130.6201148,131.1031916,131.3113669,131.5462299,131.7410642,132.4616753,132.4910331,131.9705939,133.0755322,133.4705294,133.2623545,132.851337,132.7952906,133.6306631,134.1190799,133.9749571,134.7489483,134.9277663,135.3868252,134.885063,135.1946562,135.6056715,136.2675676,136.1181042,135.8218554,136.2835832,136.8093618,137.0869286,137.428551,137.9997068,138.752346,139.206065,138.7710326,139.7265049,140.3296797,140.4737995,140.4791372,141.4132605,141.706844,141.9710705,141.4826562,141.7468774,141.4292809,140.9995844,140.9462042,141.5680592,143.0146194,144.485197,144.3330659,144.6319872,144.7601042,144.9949727,144.9389249,144.8054806,145.4833895,145.221831,144.6079749,145.1844608,145.5311554,146.0780212,146.8250582,147.7722664],"differential_data":[51.98969366,47.4778673,38.4542146,29.43056189,16.57085442,6.44946725,3.78721262,5.580737622,9.968455525,12.33847244,15.82942992,21.31006137,27.25109923,34.0448646,38.99706397,42.62414372,43.70906998,38.16838232,30.5098867,24.95715768,19.60461644,15.56119389,12.44654331,9.159756351,7.186096588,4.940198428,2.546168934,2.321973925,2.233894844,1.036878115,0.664557519,0.644545914,1.373168153,1.124953431,-0.736622203,0.876748618,2.249903295,0.280233408,-0.928788619,-0.700595806,1.168989107,1.985683887,0.516441048,0.944802619,1.429213883,0.956815447,-0.064055009,-0.288253586,1.080912801,1.609367073,0.768649015,-0.668568202,0.248218487,1.481259631,1.205018081,0.928783664,1.369167377,1.985692606,1.809537219,0.028029801,0.780659861,2.337970684,1.120941955,0.22418629,1.409191379,1.841560265,0.836715104,-0.336281715,-0.336289641,-0.080063064,-1.120939577,-0.724614924,0.85271226,3.102622689,4.37570666,1.977669852,0.220185317,0.640557425,0.544478181,0.268231082,-0.284238146,0.816696761,0.62452559,-1.313121845,-0.056055242,1.384770738,1.340340572,1.940854179,2.541367786,2.841624589,51.98969366,47.4778673,38.4542146,29.43056189,16.57085442,6.44946725,3.78721262,5.580737622,9.968455525,12.33847244,15.82942992,21.31006137,27.25109923,34.0448646,38.99706397,42.62414372,43.70906998,38.16838232,30.5098867,24.95715768,19.60461644,15.56119389,12.44654331,9.159756351,7.186096588,4.940198428,2.546168934,2.321973925,2.233894844,1.036878115,0.664557519,0.644545914,1.373168153,1.124953431,-0.736622203,0.876748618,2.249903295,0.280233408,-0.928788619,-0.700595806,1.168989107,1.985683887,0.516441048,0.944802619,1.429213883,0.956815447,-0.064055009,-0.288253586,1.080912801,1.609367073,0.768649015,-0.668568202,0.248218487,1.481259631,1.205018081,0.928783664,1.369167377,1.985692606,1.809537219,0.028029801,0.780659861,2.337970684,1.120941955,0.22418629,1.409191379,1.841560265,0.836715104,-0.336281715,-0.336289641,-0.080063064,-1.120939577,-0.724614924,0.85271226,3.102622689,4.37570666,1.977669852,0.220185317,0.640557425,0.544478181,0.268231082,-0.284238146,0.816696761,0.62452559,-1.313121845,-0.056055242,1.384770738,1.340340572,1.940854179,2.541367786,2.841624589]}

Slot 3:
Outcome check: Positive
Index Rising data : 4.000000
Index Break data : 0.000000
Index Transition time: 3.000000
[stack] Control=2128/4096 Sensor=1520/10240 Display=6080/10240 Network=2208/6144 Input=1488/6144 Setting=7016/8192 | unused=24616 B
{"outcome":{"outcome":"Positive","transition_time":{"x":3,"y":-1.600319338,"i":9},"plateau_point":{"x":7,"y":118.6561801,"i":21},"increase":120.2564995,"suspect_score":1,"arm_width":3.333333333,"window_rate":27.31532222,"rise_width":3.333333333,"shape_flag":0,"climbs_fixed":0,"climb_first_i":-1},"peak_features":{"main_peak":{"x":5.666666667,"y":43.57211224,"i":17},"left_arm":{"x":3.666666667,"y":21.0391378,"i":11},"right_arm":{"x":7,"y":15.87541179,"i":21}},"time_data":[0,0.333333333,0.666666667,1,1.333333333,1.666666667,2,2.333333333,2.666666667,3,3.333333333,3.666666667,4,4.333333333,4.666666667,5,5.333333333,5.666666667,6,6.333333333,6.666666667,7,7.333333333,7.666666667,8,8.333333333,8.666666667,9,9.333333333,9.666666667,10,10.33333333,10.66666667,11,11.33333333,11.66666667,12,12.33333333,12.66666667,13,13.33333333,13.66666667,14,14.33333333,14.66666667,15,15.33333333,15.66666667,16,16.33333333,16.66666667,17,17.33333333,17.66666667,18,18.33333333,18.66666667,19,19.33333333,19.66666667,20,20.33333333,20.66666667,21,21.33333333,21.66666667,22,22.33333333,22.66666667,23,23.33333333,23.66666667,24,24.33333333,24.66666667,25,25.33333333,25.66666667,26,26.33333333,26.66666667,27,27.33333333,27.66666667,28,28.33333333,28.66666667,29,29.33333333,29.66666667],"raw_data":[261.3032,280.5851,288.5638,293.883,300.5319,302.5266,303.8564,307.1808,311.8351,315.8245,321.8085,329.7872,336.4362,342.4202,355.7181,362.367,376.3298,392.9521,408.9095,421.5425,431.5159,436.8351,440.1595,442.1542,446.1436,445.4787,448.8032,450.133,448.8032,448.1383,451.4627,449.4681,448.8032,450.133,452.1276,452.1276,449.4681,451.4627,452.1276,452.7925,451.4627,456.117,455.4521,451.4627,454.7872,454.1223,455.4521,453.4574,455.4521,456.117,453.4574,455.4521,454.7872,455.4521,458.1117,458.1117,454.1223,457.4468,458.7766,458.1117,457.4468,458.7766,458.7766,458.1117,460.7713,460.1064,460.7713,461.4362,460.7713,459.4415,462.7659,457.4468,464.0957,462.7659,461.4362,462.7659,464.7606,464.0957,464.7606,461.4362,464.7606,465.4255,462.101,465.4255,464.7606,463.4308,465.4255,466.0904,461.4362,468.75],"processed_data":[-52.38034871,-41.52243652,-32.23752965,-24.52562808,-18.38673183,-15.90273216,-13.11651017,-10.30150522,-6.772672843,-1.600319338,3.868499492,10.72467688,17.89459136,25.89058088,35.2163621,46.60014337,60.16282277,75.04089488,89.2108976,102.4655927,111.9611931,118.6561801,122.544801,125.0863599,127.1558802,128.9548345,129.8845355,130.9092177,131.3841463,131.6691,131.237354,131.3812693,132.2764268,132.5095713,132.4059518,132.9326806,133.4709313,133.1226524,133.4018528,134.699981,135.4224406,135.7045188,135.8455544,136.2427611,136.216857,135.7217851,136.438491,136.9278106,136.7407238,136.7954087,136.519086,136.9393225,137.6128531,137.820095,138.3122869,138.5943604,139.1470025,139.2016853,139.2160753,139.8061327,140.2983305,140.2580387,140.4883021,141.0524554,141.7749182,142.3419491,142.4254209,143.1651491,142.304525,142.4254154,142.7506602,142.9722916,143.3320812,144.0660566,144.4603902,145.8477449,145.2116344,145.5081055,146.1873894,145.7671547,145.5858166,145.9369716,145.9456045,146.3140284,146.5874665,146.0233157,146.3399315,146.846517,147.5430724,148.4295976],"differential_data":[32.57373657,30.2142286,25.49521266,20.77619673,12.93434389,7.905332491,8.401840408,9.515755988,13.05177882,15.9617585,18.48749433,21.0391378,22.74885599,25.98265611,31.06434374,37.41969101,42.66112726,43.57211224,41.13704671,34.1254433,24.28588114,15.87541179,9.645269617,6.916618843,5.802711982,4.092982899,2.931574834,2.249416203,1.139823418,-0.220188488,-0.431746049,1.558609207,1.692452963,0.194287585,0.634663966,1.597469181,0.284957688,-0.103617681,2.365992955,3.030881609,1.506806609,0.634670703,0.807363535,0.556953926,-0.781464019,0.332450966,1.809038237,0.453349324,-0.19860285,-0.332456713,0.215870647,1.640650563,1.321158867,1.049150739,1.161397959,1.252073412,0.910987359,0.103609159,0.906671103,1.623382767,0.677859021,0.284957489,1.191625025,1.92992411,1.934240564,0.975753982,1.234800066,-0.181343772,-1.109600513,0.66920273,0.820314283,0.872131546,1.640647393,1.692463466,2.672532515,1.126866328,-0.509459062,1.463632559,0.388573783,-0.902359207,0.25472527,0.539681769,0.565585248,0.962793127,-0.436069043,-0.371302637,1.234802008,1.804711438,2.374620869,2.659575584,32.57373657,30.2142286,25.49521266,20.77619673,12.93434389,7.905332491,8.401840408,9.515755988,13.05177882,15.9617585,18.48749433,21.0391378,22.74885599,25.98265611,31.06434374,37.41969101,42.66112726,43.57211224,41.13704671,34.1254433,24.28588114,15.87541179,9.645269617,6.916618843,5.802711982,4.092982899,2.931574834,2.249416203,1.139823418,-0.220188488,-0.431746049,1.558609207,1.692452963,0.194287585,0.634663966,1.597469181,0.284957688,-0.103617681,2.365992955,3.030881609,1.506806609,0.634670703,0.807363535,0.556953926,-0.781464019,0.332450966,1.809038237,0.453349324,-0.19860285,-0.332456713,0.215870647,1.640650563,1.321158867,1.049150739,1.161397959,1.252073412,0.910987359,0.103609159,0.906671103,1.623382767,0.677859021,0.284957489,1.191625025,1.92992411,1.934240564,0.975753982,1.234800066,-0.181343772,-1.109600513,0.66920273,0.820314283,0.872131546,1.640647393,1.692463466,2.672532515,1.126866328,-0.509459062,1.463632559,0.388573783,-0.902359207,0.25472527,0.539681769,0.565585248,0.962793127,-0.436069043,-0.371302637,1.234802008,1.804711438,2.374620869,2.659575584]}

Slot 4:
Outcome check: Error
Index Rising data : 4.000000
Index Break data : 0.000000
Index Transition time: 4.000000
{"outcome":{"outcome":"Error","transition_time":{"x":4,"y":24.42007975,"i":12},"plateau_point":{"x":7.333333333,"y":70.68788616,"i":22},"increase":46.26780641,"suspect_score":1,"arm_width":-1,"window_rate":12.69299429,"rise_width":5,"shape_flag":0,"climbs_fixed":0,"climb_first_i":-1},"peak_features":{"main_peak":{"x":4,"y":18.58344576,"i":12},"left_arm":{"x":-1,"y":-1,"i":-1},"right_arm":{"x":6.666666667,"y":8.869448179,"i":20}},"time_data":[0,0.333333333,0.666666667,1,1.333333333,1.666666667,2,2.333333333,2.666666667,3,3.333333333,3.666666667,4,4.333333333,4.666666667,5,5.333333333,5.666666667,6,6.333333333,6.666666667,7,7.333333333,7.666666667,8,8.333333333,8.666666667,9,9.333333333,9.666666667,10,10.33333333,10.66666667,11,11.33333333,11.66666667,12,12.33333333,12.66666667,13,13.33333333,13.66666667,14,14.33333333,14.66666667,15,15.33333333,15.66666667,16,16.33333333,16.66666667,17,17.33333333,17.66666667,18,18.33333333,18.66666667,19,19.33333333,19.66666667,20,20.33333333,20.66666667,21,21.33333333,21.66666667,22,22.33333333,22.66666667,23,23.33333333,23.66666667,24,24.33333333,24.66666667,25,25.33333333,25.66666667,26,26.33333333,26.66666667,27,27.33333333,27.66666667,28,28.33333333,28.66666667,29,29.33333333,29.66666667],"raw_data":[281.5029,317.9191,342.1965,364.1618,381.5029,393.0636,407.5144,414.4509,427.1676,436.4162,442.7746,451.4451,460.1156,465.8959,470.5202,473.4104,481.5029,486.7052,493.6416,495.9538,497.6879,503.4682,504.6243,505.7803,511.5607,510.9827,510.4046,517.3411,515.6069,520.8093,523.1214,524.8555,523.1214,526.5896,526.5896,529.4797,526.5896,530.0578,531.2139,532.3699,531.2139,531.7919,532.3699,533.526,536.9942,534.6821,536.4162,538.1503,537.5723,538.1503,536.4162,539.3063,536.9942,538.1503,539.3063,537.5723,539.3063,538.7283,536.4162,536.9942,541.0405,538.7283,537.5723,537.5723,539.3063,536.4162,542.1965,536.4162,539.3063,539.3063,539.8844,541.6185,542.1965,542.7745,540.4624,539.8844,537.5723,541.0405,541.0405,538.7283,538.7283,539.8844,538.7283,539.3063,539.8844,543.3526,538.1503,542.7745,537.5723,538.7283],"processed_data":[-148.5799266,-119.783296,-94.30097944,-72.13297706,-53.27928882,-39.9244324,-27.72815298,-17.44113463,-8.034937078,1.246151218,9.706473346,18.12926163,24.42007975,30.51822547,36.18847366,41.70107438,47.15612066,52.21079958,57.39809626,62.06241043,64.88751921,67.97537588,70.68788616,72.71225597,75.1920569,76.59335776,78.68529732,80.92487457,83.31457903,85.83941162,88.14904495,89.19251056,91.26692563,91.70482566,92.4104782,93.34634584,94.83271545,95.55838435,96.40917744,96.87961952,97.51020067,98.08823477,98.69879481,99.41946253,100.7231629,101.7315955,102.7375278,102.8951793,103.2179791,103.6758998,103.4682021,103.588309,103.6708832,103.8910865,104.4616122,104.1963788,103.8510619,103.7935113,103.9336425,104.1913802,103.8836042,104.346526,104.0312351,104.3565379,103.7835084,104.1413375,104.4240925,104.4691348,104.6492985,105.3724625,105.8804301,107.3042408,107.6120282,107.1290837,106.5085115,106.0505962,105.5876715,105.1472729,105.3774872,105.3574688,105.2949064,104.4316064,105.1823,105.4500446,106.2933155,106.3808931,106.2082343,105.7865979,105.115984,104.1963925],"differential_data":[86.38989202,81.41842081,71.47547837,61.53253594,48.31281699,38.32670375,33.72494665,29.53982385,28.03092877,26.61211564,25.32466561,22.0704096,18.58344576,17.65259086,16.77427336,16.45147051,15.7645878,15.36296339,14.77741628,11.23413443,8.869448179,8.700550426,7.105320125,6.756256104,5.821652697,5.239860634,6.497275216,6.943922563,7.371805563,7.251698878,5.029648422,4.676821027,3.768472647,1.715328861,2.462280273,3.633355871,3.318057766,2.364692985,1.981852742,1.651534836,1.812922886,1.782891212,1.996841629,3.036552132,3.468199495,3.021547392,1.745375596,0.720676967,1.17108075,0.375334504,-0.1313861,0.304021662,0.454166165,1.186093417,0.457938454,-0.915825386,-0.604301155,0.12387085,0.596803343,-0.075057389,0.232718728,0.221446248,0.015017819,-0.371589958,-0.322800673,0.960876069,0.491696048,0.337808981,1.354991566,1.846697522,2.897667427,2.597397049,-0.262735738,-1.655275023,-1.617731268,-1.381260067,-1.354984828,-0.315276307,0.315293746,-0.123871246,-1.388793549,-0.168909643,1.527657249,1.666523327,1.396272734,-0.127621856,-0.891442673,-1.638375458,-2.385308243,-2.758774636,86.38989202,81.41842081,71.47547837,61.53253594,48.31281699,38.32670375,33.72494665,29.53982385,28.03092877,26.61211564,25.32466561,22.0704096,18.58344576,17.65259086,16.77427336,16.45147051,15.7645878,15.36296339,14.77741628,11.23413443,8.869448179,8.700550426,7.105320125,6.756256104,5.821652697,5.239860634,6.497275216,6.943922563,7.371805563,7.251698878,5.029648422,4.676821027,3.768472647,1.715328861,2.462280273,3.633355871,3.318057766,2.364692985,1.981852742,1.651534836,1.812922886,1.782891212,1.996841629,3.036552132,3.468199495,3.021547392,1.745375596,0.720676967,1.17108075,0.375334504,-0.1313861,0.304021662,0.454166165,1.186093417,0.457938454,-0.915825386,-0.604301155,0.12387085,0.596803343,-0.075057389,0.232718728,0.221446248,0.015017819,-0.371589958,-0.322800673,0.960876069,0.491696048,0.337808981,1.354991566,1.846697522,2.897667427,2.597397049,-0.262735738,-1.655275023,-1.617731268,-1.381260067,-1.354984828,-0.315276307,0.315293746,-0.123871246,-1.388793549,-0.168909643,1.527657249,1.666523327,1.396272734,-0.127621856,-0.891442673,-1.638375458,-2.385308243,-2.758774636]}

Slot 5:
Outcome check: Negative
Index Rising data : 4.666667
Index Break data : 0.000000
Index Transition time: 4.000000
{"outcome":{"outcome":"Negative","transition_time":{"x":4,"y":10.46316198,"i":12},"plateau_point":{"x":6.333333333,"y":22.73428054,"i":19},"increase":12.27111856,"suspect_score":2,"arm_width":-1,"window_rate":4.293207276,"rise_width":4,"shape_flag":0,"climbs_fixed":0,"climb_first_i":-1},"peak_features":{"main_peak":{"x":4,"y":7.946343558,"i":12},"left_arm":{"x":-1,"y":-1,"i":-1},"right_arm":{"x":6.333333333,"y":2.817220118,"i":19}},"time_data":[0,0.333333333,0.666666667,1,1.333333333,1.666666667,2,2.333333333,2.666666667,3,3.333333333,3.666666667,4,4.333333333,4.666666667,5,5.333333333,5.666666667,6,6.333333333,6.666666667,7,7.333333333,7.666666667,8,8.333333333,8.666666667,9,9.333333333,9.666666667,10,10.33333333,10.66666667,11,11.33333333,11.66666667,12,12.33333333,12.66666667,13,13.33333333,13.66666667,14,14.33333333,14.66666667,15,15.33333333,15.66666667,16,16.33333333,16.66666667,17,17.33333333,17.66666667,18,18.33333333,18.66666667,19,19.33333333,19.66666667,20,20.33333333,20.66666667,21,21.33333333,21.66666667,22,22.33333333,22.66666667,23,23.33333333,23.66666667,24,24.33333333,24.66666667,25,25.33333333,25.66666667,26,26.33333333,26.66666667,27,27.33333333,27.66666667,28,28.33333333,28.66666667,29,29.33333333,29.66666667],"raw_data":[241.2451,267.1855,286.6407,301.5564,309.3385,315.8236,321.6602,328.7938,333.3333,337.8729,340.4669,342.4125,346.3035,350.1946,349.5461,354.0856,354.0856,355.3826,356.0311,360.5707,361.2192,360.5707,358.6252,363.8132,363.1647,367.0558,363.8132,367.0558,367.0558,365.1103,368.3528,370.2983,369.0013,367.0558,367.7043,370.2983,370.2983,367.0558,368.3528,369.0013,368.3528,370.9468,367.0558,370.2983,368.3528,369.0013,371.5953,369.0013,371.5953,367.7043,367.7043,369.6498,370.9468,367.0558,368.3528,369.0013,372.2439,370.9468,370.2983,369.6498,367.7043,369.6498,369.0013,369.6498,369.0013,372.8924,370.9468,369.0013,371.5953,369.0013,370.2983,370.2983,369.6498,371.5953,370.9468,370.2983,368.3528,369.0013,370.9468,370.2983,371.5953,369.6498,368.3528,372.8924,370.2983,371.5953,370.9468,369.0013,369.0013,370.2983],"processed_data":[-90.72998842,-70.34324387,-52.7456465,-37.93719632,-25.91789331,-18.67200473,-12.74278768,-7.537873768,-2.77652823,1.229629715,5.028041427,7.638919054,10.46316198,12.93648143,15.3003071,16.86963657,18.33228741,20.0532183,22.16438023,22.73428054,24.04252697,24.74437829,26.0554334,26.45688606,27.63599108,29.26147131,30.07000098,29.97736018,30.81115947,31.4961672,32.41980416,32.22328298,32.58824323,33.37431461,32.981277,32.68369495,32.95882161,32.92232788,33.14692074,32.58824468,32.91951709,33.37431765,33.0318157,33.33782113,33.3546638,33.82069047,34.4523511,33.86560032,33.66627166,33.69996068,33.15532628,33.05426237,32.42260174,33.14129995,33.579256,33.85157703,34.42147774,34.83416272,34.53095856,33.90771498,33.21989831,32.79598074,33.23112706,34.07896496,34.4776182,34.82292776,34.9324144,34.78643125,34.63202684,33.86280142,34.15196221,34.54780361,34.69098125,34.91276557,34.35690096,34.16038427,33.90210978,33.88807302,34.29513999,34.11827134,34.6797492,34.62360465,34.60114503,35.01663935,35.03629359,35.02786955,34.88918493,34.55959753,34.03910735,33.3277144],"differential_data":[61.16023365,56.97651288,48.60907133,40.24162978,28.89778738,19.76265845,16.70119645,14.94938917,13.15125522,11.70685449,9.613934009,8.152680831,7.946343558,7.255717686,5.899732714,4.547970462,4.775372592,5.74813922,4.021593366,2.817220118,3.015146627,3.019359638,2.568761652,2.37083653,4.206877869,3.651014848,1.073833317,1.111737734,2.278210528,2.412967038,1.09067367,0.252658596,1.726547439,0.589550662,-1.035929494,-0.033683083,0.357949393,0.282148683,-0.501124791,-0.341105474,1.17910945,0.168447916,-0.05474477,0.484272152,0.724304001,1.646530944,0.067364779,-1.17911916,-0.248459457,-0.766418061,-0.968547474,-1.099086811,0.130556379,1.734981388,1.065415618,1.263332615,1.473878538,0.164221231,-1.389671623,-1.966590386,-1.66760135,0.016843127,1.924476326,1.869736709,1.115944206,0.682194301,-0.05474477,-0.45058134,-1.38544474,-0.720096935,1.027503274,0.808528553,0.547442944,-0.501120431,-1.128571944,-0.682186771,-0.408466884,0.589545312,0.345297479,0.576913809,0.757999965,-0.117906248,0.58955205,0.652722842,0.016845307,-0.220662996,-0.702408035,-1.275116363,-1.847824691,-2.134178855,61.16023365,56.97651288,48.60907133,40.24162978,28.89778738,19.76265845,16.70119645,14.94938917,13.15125522,11.70685449,9.613934009,8.152680831,7.946343558,7.255717686,5.899732714,4.547970462,4.775372592,5.74813922,4.021593366,2.817220118,3.015146627,3.019359638,2.568761652,2.37083653,4.206877869,3.651014848,1.073833317,1.111737734,2.278210528,2.412967038,1.09067367,0.252658596,1.726547439,0.589550662,-1.035929494,-0.033683083,0.357949393,0.282148683,-0.501124791,-0.341105474,1.17910945,0.168447916,-0.05474477,0.484272152,0.724304001,1.646530944,0.067364779,-1.17911916,-0.248459457,-0.766418061,-0.968547474,-1.099086811,0.130556379,1.734981388,1.065415618,1.263332615,1.473878538,0.164221231,-1.389671623,-1.966590386,-1.66760135,0.016843127,1.924476326,1.869736709,1.115944206,0.682194301,-0.05474477,-0.45058134,-1.38544474,-0.720096935,1.027503274,0.808528553,0.547442944,-0.501120431,-1.128571944,-0.682186771,-0.408466884,0.589545312,0.345297479,0.576913809,0.757999965,-0.117906248,0.58955205,0.652722842,0.016845307,-0.220662996,-0.702408035,-1.275116363,-1.847824691,-2.134178855]}

Slot 6:
Outcome check: Positive
Index Rising data : 4.333333
Index Break data : 0.000000
Index Transition time: 5.666667
[dash] heap free=83504 maxAlloc=69620 intFree=83504 intLargest=69620 clients=0 ap=0
{"outcome":{"outcome":"Positive","transition_time":{"x":5.666666667,"y":9.013158361,"i":17},"plateau_point":{"x":9,"y":112.0672936,"i":27},"increase":103.0541353,"suspect_score":0,"arm_width":3,"window_rate":27.72499771,"rise_width":3,"shape_flag":0,"climbs_fixed":0,"climb_first_i":-1},"peak_features":{"main_peak":{"x":7.333333333,"y":43.61416269,"i":22},"left_arm":{"x":6,"y":19.43581083,"i":18},"right_arm":{"x":9,"y":14.81622374,"i":27}},"time_data":[0,0.333333333,0.666666667,1,1.333333333,1.666666667,2,2.333333333,2.666666667,3,3.333333333,3.666666667,4,4.333333333,4.666666667,5,5.333333333,5.666666667,6,6.333333333,6.666666667,7,7.333333333,7.666666667,8,8.333333333,8.666666667,9,9.333333333,9.666666667,10,10.33333333,10.66666667,11,11.33333333,11.66666667,12,12.33333333,12.66666667,13,13.33333333,13.66666667,14,14.33333333,14.66666667,15,15.33333333,15.66666667,16,16.33333333,16.66666667,17,17.33333333,17.66666667,18,18.33333333,18.66666667,19,19.33333333,19.66666667,20,20.33333333,20.66666667,21,21.33333333,21.66666667,22,22.33333333,22.66666667,23,23.33333333,23.66666667,24,24.33333333,24.66666667,25,25.33333333,25.66666667,26,26.33333333,26.66666667,27,27.33333333,27.66666667,28,28.33333333,28.66666667,29,29.33333333,29.66666667],"raw_data":[150.8893,222.6047,258.1756,279.4033,289.7303,294.3201,296.0413,300.6311,298.3362,300.0574,301.7785,300.6311,301.7785,300.0574,300.6311,301.2048,305.7946,312.6793,311.5318,320.1377,332.1859,343.6603,357.4297,374.0677,386.6896,397.5904,407.3437,410.786,415.9495,419.3918,419.9656,420.5393,424.5554,421.6867,423.4079,422.2605,421.6867,423.9816,424.5554,423.9816,423.9816,423.4079,426.2765,425.1291,429.1451,423.9816,428.5714,424.5554,425.1291,425.1291,426.2765,429.1451,426.8503,427.424,430.2926,430.2926,427.424,429.7189,430.8663,429.1451,426.8503,433.7349,429.7189,432.0138,434.8824,430.2926,429.1451,433.7349,433.7349,430.2926,432.5875,433.1612,433.7349,433.1612,434.8824,436.0298,434.3087,435.4561,431.44,433.1612,436.6035,435.4561,435.4561,436.0298,439.4722,433.1612,437.751,435.4561,440.0459,436.0298],"processed_data":[-133.0755428,-89.49516056,-54.0114823,-26.62450797,-7.334237565,-3.646019874,-1.703805634,-0.695443158,-0.059626063,0.74011138,1.085340095,0.88913347,0.829527355,0.295541078,1.438023423,2.985335577,5.021931173,9.013158361,14.57653439,21.97036558,31.73359462,44.0400857,58.69362967,73.11619416,86.08830625,97.28460522,106.0444395,112.0672936,115.921922,118.924658,120.5514538,122.0764173,122.6749766,122.6650389,122.8165378,122.9730067,122.9084333,123.6212426,123.5516998,124.177575,124.2471185,125.0195351,125.2107769,126.2539106,126.7332552,126.8152174,126.1818886,125.6479031,125.5286898,126.2936544,126.08006,127.2150874,128.3203133,128.772341,128.8716926,129.1821477,130.011684,129.2616178,129.3386061,129.554682,129.9694518,130.8014767,131.6359891,131.8719377,132.100434,131.9365105,132.2146768,131.8148109,131.7204304,132.6840864,132.8877439,132.6095753,133.4515302,134.3754439,135.0162299,134.9889162,134.402774,134.3083935,134.0873465,134.1320575,134.4151927,135.7489146,136.4468207,136.6777999,136.0519183,136.7746618,136.9753403,137.1375228,137.2612094,137.3464],"differential_data":[130.7411466,118.5960907,94.30597889,70.0158671,34.46773214,8.445647896,4.425865074,2.466269357,2.153331806,1.717449238,0.223533135,-0.38371911,-0.890388588,0.912744101,4.034691749,5.375861626,9.041734175,14.33190482,19.43581083,25.73559035,33.10458017,40.44005258,43.61416269,41.09201486,36.25261659,29.93419994,22.17403263,14.81622374,10.28604661,6.944297691,4.727638938,3.185284107,0.88293239,0.212341903,0.461951714,0.137843144,0.972353849,0.964899831,0.834498616,1.043128076,1.262940048,1.445487481,1.851563293,2.283717564,0.841960164,-0.827049949,-1.75097141,-0.979798156,0.968626939,0.827055299,1.382149436,3.3603799,2.335880428,0.827068973,0.614710028,1.709987095,0.119205227,-1.009616802,0.439596201,0.946268453,1.870192094,2.499805995,1.605691489,0.696667362,0.096859226,0.171364128,-0.182549415,-0.74136947,1.303913265,1.750970221,-0.111766667,0.845679345,2.648802918,2.347049664,0.920208423,-0.920183851,-1.020784056,-0.473141361,-0.264503974,0.49176937,2.425285637,3.047441953,1.393327985,-0.592353524,0.145292802,1.385132886,0.544291528,0.428803699,0.31331587,0.255571955,130.7411466,118.5960907,94.30597889,70.0158671,34.46773214,8.445647896,4.425865074,2.466269357,2.153331806,1.717449238,0.223533135,-0.38371911,-0.890388588,0.912744101,4.034691749,5.375861626,9.041734175,14.33190482,19.43581083,25.73559035,33.10458017,40.44005258,43.61416269,41.09201486,36.25261659,29.93419994,22.17403263,14.81622374,10.28604661,6.944297691,4.727638938,3.185284107,0.88293239,0.212341903,0.461951714,0.137843144,0.972353849,0.964899831,0.834498616,1.043128076,1.262940048,1.445487481,1.851563293,2.283717564,0.841960164,-0.827049949,-1.75097141,-0.979798156,0.968626939,0.827055299,1.382149436,3.3603799,2.335880428,0.827068973,0.614710028,1.709987095,0.119205227,-1.009616802,0.439596201,0.946268453,1.870192094,2.499805995,1.605691489,0.696667362,0.096859226,0.171364128,-0.182549415,-0.74136947,1.303913265,1.750970221,-0.111766667,0.845679345,2.648802918,2.347049664,0.920208423,-0.920183851,-1.020784056,-0.473141361,-0.264503974,0.49176937,2.425285637,3.047441953,1.393327985,-0.592353524,0.145292802,1.385132886,0.544291528,0.428803699,0.31331587,0.255571955]}

Slot 7:
Outcome check: Error
Index Rising data : 4.000000
Index Break data : 0.000000
Index Transition time: 1.666667
{"outcome":{"outcome":"Error","transition_time":{"x":1.666666667,"y":-64.53885231,"i":5},"plateau_point":{"x":5,"y":108.2813195,"i":15},"increase":172.8201718,"suspect_score":0,"arm_width":-1,"window_rate":15.47478845,"rise_width":1.333333333,"shape_flag":0,"climbs_fixed":0,"climb_first_i":-1},"peak_features":{"main_peak":{"x":4,"y":61.16825787,"i":12},"left_arm":{"x":-1,"y":-1,"i":-1},"right_arm":{"x":5,"y":23.81757226,"i":15}},"time_data":[0,0.333333333,0.666666667,1,1.333333333,1.666666667,2,2.333333333,2.666666667,3,3.333333333,3.666666667,4,4.333333333,4.666666667,5,5.333333333,5.666666667,6,6.333333333,6.666666667,7,7.333333333,7.666666667,8,8.333333333,8.666666667,9,9.333333333,9.666666667,10,10.33333333,10.66666667,11,11.33333333,11.66666667,12,12.33333333,12.66666667,13,13.33333333,13.66666667,14,14.33333333,14.66666667,15,15.33333333,15.66666667,16,16.33333333,16.66666667,17,17.33333333,17.66666667,18,18.33333333,18.66666667,19,19.33333333,19.66666667,20,20.33333333,20.66666667,21,21.33333333,21.66666667,22,22.33333333,22.66666667,23,23.33333333,23.66666667,24,24.33333333,24.66666667,25,25.33333333,25.66666667,26,26.33333333,26.66666667,27,27.33333333,27.66666667,28,28.33333333,28.66666667,29,29.33333333,29.66666667],"raw_data":[260.9771,280.1484,289.4249,298.7013,306.1225,312.3067,320.9648,333.3333,351.2678,372.9128,398.8868,421.1503,440.94,461.3482,478.6642,486.7038,492.2697,494.1249,493.5065,501.5461,503.4014,504.6382,505.2567,500.3092,507.1119,504.6382,504.0198,505.8751,505.2567,501.5461,505.2567,507.1119,505.2567,505.2567,507.1119,505.8751,505.8751,507.7304,509.5857,506.4935,507.7304,507.7304,508.3488,509.5857,508.3488,510.2041,508.3488,506.4935,508.9672,510.2041,508.9672,510.2041,513.2962,512.0594,511.4409,510.2041,515.1516,514.5331,513.9147,515.1516,510.8225,512.6778,513.2962,513.2962,515.1516,512.6778,515.1516,513.9147,515.1516,515.1516,513.9147,514.5331,516.3884,517.6252,516.3884,517.6252,517.0068,520.0989,517.0068,517.6252,517.6252,520.7174,519.4805,518.8621,522.5727,518.8621,520.7174,521.3358,521.9542,521.9542],"processed_data":[-110.5258891,-100.9065043,-91.19074068,-81.37859817,-71.47007679,-64.53885231,-55.04020592,-41.80956463,-24.1803178,-3.234040496,19.65854423,43.42388942,65.42496996,84.20272801,98.71306171,108.2813195,114.5914432,118.130682,120.4705402,123.4288231,124.7593803,126.6066373,127.808691,127.2464827,127.3241238,127.8408219,127.6641271,127.7230242,127.1661719,127.6427097,127.7390846,128.0389272,128.6948378,129.192795,128.7831889,129.3266608,129.9665061,130.3306021,130.4243045,130.7080811,131.0186341,130.839259,131.21139,132.1082473,131.8565877,131.5781579,131.5192637,131.3372132,131.3211575,131.8405258,133.0800654,134.2232216,134.025108,134.4561395,135.2833927,135.5912684,136.3248266,136.8227795,136.9512846,136.769229,135.7304677,135.9018087,135.8321935,136.1936154,136.92985,137.0449787,137.3876713,137.5027965,137.2886168,137.5590094,137.79727,138.3086048,138.8172597,139.1974234,140.2870378,140.7127173,140.7796507,140.546735,141.0072156,141.3177657,141.3231204,141.9174609,142.731323,143.0472378,143.256061,143.29086,143.6027455,144.0230538,144.5517848,145.1889386],"differential_data":[28.8581543,29.0027226,29.29185922,29.58099583,25.25961878,24.6448063,34.09393152,46.28983218,57.8632862,65.75829305,69.98689488,68.64963858,61.16825787,49.93213763,36.11788722,23.81757226,14.77404369,8.818645527,7.947211724,6.433260038,4.766721255,4.573966088,0.959768122,-0.726850832,0.891508821,0.51000501,-0.176696579,-0.746932785,-0.120471707,0.859369055,0.594326267,1.433629816,1.730801669,0.132526546,0.200798728,1.774975863,1.505911889,0.686697625,0.566218587,0.891494355,0.196766841,0.28913384,1.903482412,0.967796623,-0.795134111,-0.505986003,-0.361417102,-0.297159368,0.754969015,2.638361943,3.574043571,1.417563897,0.349376926,1.887426996,1.702693394,1.562150831,1.847266655,0.939686961,-0.080325833,-1.831225309,-1.301130419,0.152588683,0.437710056,1.646484771,1.277044916,0.686731908,0.686726756,-0.148581765,0.084319276,0.762979879,1.124393215,1.529984511,1.333227777,2.204667129,2.272940896,0.738919345,-0.2489735,0.341347434,1.15654606,0.473857137,0.89954287,2.112303895,1.69466529,0.787106997,0.365433334,0.520026824,1.098290699,1.423558936,1.748827174,1.911461293,28.8581543,29.0027226,29.29185922,29.58099583,25.25961878,24.6448063,34.09393152,46.28983218,57.8632862,65.75829305,69.98689488,68.64963858,61.16825787,49.93213763,36.11788722,23.81757226,14.77404369,8.818645527,7.947211724,6.433260038,4.766721255,4.573966088,0.959768122,-0.726850832,0.891508821,0.51000501,-0.176696579,-0.746932785,-0.120471707,0.859369055,0.594326267,1.433629816,1.730801669,0.132526546,0.200798728,1.774975863,1.505911889,0.686697625,0.566218587,0.891494355,0.196766841,0.28913384,1.903482412,0.967796623,-0.795134111,-0.505986003,-0.361417102,-0.297159368,0.754969015,2.638361943,3.574043571,1.417563897,0.349376926,1.887426996,1.702693394,1.562150831,1.847266655,0.939686961,-0.080325833,-1.831225309,-1.301130419,0.152588683,0.437710056,1.646484771,1.277044916,0.686731908,0.686726756,-0.148581765,0.084319276,0.762979879,1.124393215,1.529984511,1.333227777,2.204667129,2.272940896,0.738919345,-0.2489735,0.341347434,1.15654606,0.473857137,0.89954287,2.112303895,1.69466529,0.787106997,0.365433334,0.520026824,1.098290699,1.423558936,1.748827174,1.911461293]}

Slot 8:
Outcome check: Positive
Index Rising data : 4.000000
Index Break data : 0.000000
Index Transition time: 5.000000
{"outcome":{"outcome":"Positive","transition_time":{"x":5,"y":11.3016726,"i":15},"plateau_point":{"x":9.333333333,"y":108.6062547,"i":28},"increase":97.30458208,"suspect_score":0,"arm_width":3.666666667,"window_rate":23.26363254,"rise_width":4.666666667,"shape_flag":0,"climbs_fixed":0,"climb_first_i":-1},"peak_features":{"main_peak":{"x":7,"y":28.97165353,"i":21},"left_arm":{"x":5.333333333,"y":14.46541665,"i":16},"right_arm":{"x":9,"y":13.56693555,"i":27}},"time_data":[0,0.333333333,0.666666667,1,1.333333333,1.666666667,2,2.333333333,2.666666667,3,3.333333333,3.666666667,4,4.333333333,4.666666667,5,5.333333333,5.666666667,6,6.333333333,6.666666667,7,7.333333333,7.666666667,8,8.333333333,8.666666667,9,9.333333333,9.666666667,10,10.33333333,10.66666667,11,11.33333333,11.66666667,12,12.33333333,12.66666667,13,13.33333333,13.66666667,14,14.33333333,14.66666667,15,15.33333333,15.66666667,16,16.33333333,16.66666667,17,17.33333333,17.66666667,18,18.33333333,18.66666667,19,19.33333333,19.66666667,20,20.33333333,20.66666667,21,21.33333333,21.66666667,22,22.33333333,22.66666667,23,23.33333333,23.66666667,24,24.33333333,24.66666667,25,25.33333333,25.66666667,26,26.33333333,26.66666667,27,27.33333333,27.66666667,28,28.33333333,28.66666667,29,29.33333333,29.66666667],"raw_data":[257.8617,277.3585,289.9371,294.9686,294.9686,300,301.2579,300.6289,301.8868,298.7422,305.0315,304.4025,306.9182,308.8051,311.9497,312.5786,318.239,322.6415,332.0755,338.9937,347.7988,359.7484,364.7799,380.5032,386.1635,393.0818,402.5157,410.0629,410.6918,412.5786,415.0944,419.4969,418.868,422.0126,423.2705,423.8994,422.0126,425.7862,424.5283,426.4151,425.1573,425.1573,425.7862,423.2705,427.673,427.673,428.3019,425.7862,425.7862,428.3019,425.7862,426.4151,428.9308,429.5598,430.1887,429.5598,428.9308,428.9308,428.3019,428.3019,431.4466,431.4466,430.1887,433.3333,433.9623,432.7044,431.4466,431.4466,432.7044,432.0755,433.3333,432.0755,432.0755,434.5912,433.9623,434.5912,435.8491,434.5912,436.478,433.3333,433.3333,435.2202,433.9623,437.1069,437.7359,437.1069,436.478,437.1069,438.3648,437.1069],"processed_data":[-40.29787394,-27.97655131,-17.87282192,-9.986685762,-4.318142846,-2.643719562,-2.681837074,-1.954889471,-1.203439952,-0.854945592,0.182383616,2.134519899,3.882458179,6.297444794,7.868414148,11.3016726,15.55172452,20.9452837,28.46250314,36.41534635,45.70773223,55.70255706,65.02216792,74.51330421,84.01805901,92.32756789,99.56163098,103.9940944,108.6062547,111.4595859,113.2483628,115.0344207,117.5419784,118.8651807,120.0250281,120.5205459,121.5442615,121.9118189,122.2494261,122.8756369,122.7367835,122.3311099,122.6060964,123.1587892,123.8693994,124.0055317,124.4928837,124.7079727,123.7986144,123.6679289,123.956532,124.9720754,125.7616419,126.2381046,127.0412837,127.0440052,126.2598837,126.0311809,126.3143381,126.5593712,127.2345837,128.320914,129.4671476,130.0252905,129.8020343,129.9218344,129.777541,129.4018158,129.3664197,129.3909217,129.8074877,130.0797502,130.2512733,130.9646083,131.3131104,132.3477124,132.696209,132.2469692,132.2360779,131.6370939,131.3920538,131.9039139,132.5219575,133.5810655,134.0493576,134.4686437,134.7221218,134.8326621,134.8002646,134.6249292],"differential_data":[36.9639679,33.63757804,26.98479832,20.33201861,11.0144493,2.454458658,1.033245136,2.217595683,1.649915819,2.078735352,4.484198236,5.550111845,6.244387342,5.978933954,7.506341711,11.52496556,14.46541665,19.36616794,23.20509398,25.86784363,28.93081606,28.97165353,28.21612073,28.49383664,26.72139552,23.31535795,17.49978975,13.56693555,11.19823723,6.963162113,5.362252173,6.440423544,5.746140121,3.724574498,2.483047684,2.27885001,2.086909505,1.057746986,1.445727063,0.7310361,-0.816790494,-0.196030654,1.241518888,1.894954533,1.270113858,0.93522644,1.053661396,-1.041404031,-1.560065728,0.236876451,1.95621976,2.707664787,1.899043888,1.919462724,1.208850811,-1.172099919,-1.519236379,0.081681487,0.792285473,1.380368518,2.642314168,3.348845841,2.556564727,0.502330037,-0.155184065,-0.036739993,-0.78002791,-0.616681978,-0.016341172,0.66160207,1.033242758,0.665678346,1.327287154,1.592755603,2.074656103,2.074647978,-0.151114724,-0.690196644,-0.914812955,-1.266036195,0.400229912,1.694855529,2.515727452,2.291100242,1.331367195,1.009146297,0.546027721,0.117214134,-0.311599454,-0.526006248,36.9639679,33.63757804,26.98479832,20.33201861,11.0144493,2.454458658,1.033245136,2.217595683,1.649915819,2.078735352,4.484198236,5.550111845,6.244387342,5.978933954,7.506341711,11.52496556,14.46541665,19.36616794,23.20509398,25.86784363,28.93081606,28.97165353,28.21612073,28.49383664,26.72139552,23.31535795,17.49978975,13.56693555,11.19823723,6.963162113,5.362252173,6.440423544,5.746140121,3.724574498,2.483047684,2.27885001,2.086909505,1.057746986,1.445727063,0.7310361,-0.816790494,-0.196030654,1.241518888,1.894954533,1.270113858,0.93522644,1.053661396,-1.041404031,-1.560065728,0.236876451,1.95621976,2.707664787,1.899043888,1.919462724,1.208850811,-1.172099919,-1.519236379,0.081681487,0.792285473,1.380368518,2.642314168,3.348845841,2.556564727,0.502330037,-0.155184065,-0.036739993,-0.78002791,-0.616681978,-0.016341172,0.66160207,1.033242758,0.665678346,1.327287154,1.592755603,2.074656103,2.074647978,-0.151114724,-0.690196644,-0.914812955,-1.266036195,0.400229912,1.694855529,2.515727452,2.291100242,1.331367195,1.009146297,0.546027721,0.117214134,-0.311599454,-0.526006248]}

Slot 9:
Outcome check: Negative
Index Rising data : 20.666667
Index Break data : 0.000000
Index Transition time: 4.666667
{"outcome":{"outcome":"Negative","transition_time":{"x":4.666666667,"y":4.549828864,"i":14},"plateau_point":{"x":6.333333333,"y":7.513888669,"i":19},"increase":2.964059805,"suspect_score":2,"arm_width":1,"window_rate":0.635633592,"rise_width":4.666666667,"shape_flag":0,"climbs_fixed":0,"climb_first_i":-1},"peak_features":{"main_peak":{"x":5,"y":2.699770048,"i":15},"left_arm":{"x":4.666666667,"y":-0.135490318,"i":14},"right_arm":{"x":5.666666667,"y":1.344866864,"i":17}},"time_data":[0,0.333333333,0.666666667,1,1.333333333,1.666666667,2,2.333333333,2.666666667,3,3.333333333,3.666666667,4,4.333333333,4.666666667,5,5.333333333,5.666666667,6,6.333333333,6.666666667,7,7.333333333,7.666666667,8,8.333333333,8.666666667,9,9.333333333,9.666666667,10,10.33333333,10.66666667,11,11.33333333,11.66666667,12,12.33333333,12.66666667,13,13.33333333,13.66666667,14,14.33333333,14.66666667,15,15.33333333,15.66666667,16,16.33333333,16.66666667,17,17.33333333,17.66666667,18,18.33333333,18.66666667,19,19.33333333,19.66666667,20,20.33333333,20.66666667,21,21.33333333,21.66666667,22,22.33333333,22.66666667,23,23.33333333,23.66666667,24,24.33333333,24.66666667,25,25.33333333,25.66666667,26,26.33333333,26.66666667,27,27.33333333,27.66666667,28,28.33333333,28.66666667,29,29.33333333,29.66666667],"raw_data":[98.91808,166.9243,210.9737,240.34,260.4328,272.7975,282.0711,286.7079,292.8903,293.6631,300.6182,297.527,296.7542,299.8454,297.527,298.2998,297.527,299.0726,302.9366,300.6182,299.0726,298.2998,299.8454,297.527,302.9366,299.0726,299.8454,299.0726,299.8454,300.6182,299.0726,301.391,301.391,299.8454,299.8454,300.6182,299.0726,301.391,299.8454,300.6182,300.6182,299.8454,299.8454,299.0726,300.6182,301.391,299.8454,299.0726,303.7094,299.0726,300.6182,299.0726,298.2998,300.6182,302.9366,299.0726,302.1638,299.0726,300.6182,299.8454,299.8454,299.8454,298.2998,299.0726,299.8454,296.7542,299.0726,300.6182,302.9366,299.0726,300.6182,300.6182,300.6182,300.6182,302.1638,299.8454,299.0726,302.1638,299.8454,299.0726,299.8454,299.8454,298.2998,297.527,297.527,300.6182,301.391,299.8454,301.391,296.7542],"processed_data":[-183.2232383,-133.1319068,-91.11480408,-57.17193014,-31.30328498,-18.74783193,-10.7789847,-4.512969442,-0.123749836,2.515804142,4.499647264,5.550115412,5.73746005,5.576878932,4.549828864,5.486552053,6.349675562,6.761164678,7.246253472,7.513888669,6.841455237,6.634037959,6.162330925,6.647419719,6.951854755,7.028799874,7.092363234,6.968581955,6.450038761,7.266326112,7.513888669,7.661088027,7.744724026,7.40348915,7.523924989,7.115781313,7.135853953,7.477088829,7.543997628,7.547343068,7.38007107,6.901673156,7.175999233,7.246253472,6.864873316,7.574106588,7.754760346,8.025740983,7.828360025,7.276362432,6.901673156,7.139199393,6.55709284,7.580797468,7.641015387,8.045813622,8.025740983,7.467052509,7.175999233,7.192726433,6.520293,6.861527876,6.192439884,5.757532689,5.426334133,6.148949165,6.714328518,7.089017794,7.533961308,8.132795061,7.758105786,7.771487546,7.778178426,7.865159865,7.845087225,7.885232504,7.620942747,7.306471391,7.115781313,7.219489952,6.794619077,5.650478611,5.486552053,5.75418725,5.861241328,6.861527876,6.875578724,6.737412054,6.447027865,6.004426159],"differential_data":[150.2739946,138.1626514,113.939965,89.71727866,57.63614731,30.78645042,21.35229373,15.98285229,10.54316038,6.935095651,4.551466905,1.856719178,0.04014528,-1.781446779,-0.135490318,2.699770048,1.911918937,1.344866864,1.129085987,-0.607197353,-1.319776064,-1.018686468,0.02007264,1.184285746,0.572070233,0.210762718,-0.090326879,-0.963486709,0.446616235,1.595774861,0.592142873,0.346253036,-0.386398315,-0.331198556,-0.431561755,-0.582106553,0.541961274,0.612215513,0.105381359,-0.245889837,-0.968504869,-0.306107756,0.516870474,-0.466688874,0.491779674,1.334830544,0.677451592,0.110399519,-1.124067827,-1.390030304,-0.205744558,-0.516870474,0.662397112,1.625883821,0.697524232,0.577088393,-0.86814167,-1.274612625,-0.411489115,-0.983559348,-0.496797834,-0.491779674,-1.65599278,-1.149158626,0.587124713,1.931991577,1.410102943,1.229449185,1.565665901,0.336216716,-0.541961274,0.03010896,0.140508478,0.100363199,0.03010896,-0.336216716,-0.86814167,-0.757742151,-0.130472158,-0.481743354,-2.353517012,-1.962100537,0.155562958,0.562033913,1.66101094,1.521506094,-0.186173734,-0.642826288,-1.099478843,-1.32780512,150.2739946,138.1626514,113.939965,89.71727866,57.63614731,30.78645042,21.35229373,15.98285229,10.54316038,6.935095651,4.551466905,1.856719178,0.04014528,-1.781446779,-0.135490318,2.699770048,1.911918937,1.344866864,1.129085987,-0.607197353,-1.319776064,-1.018686468,0.02007264,1.184285746,0.572070233,0.210762718,-0.090326879,-0.963486709,0.446616235,1.595774861,0.592142873,0.346253036,-0.386398315,-0.331198556,-0.431561755,-0.582106553,0.541961274,0.612215513,0.105381359,-0.245889837,-0.968504869,-0.306107756,0.516870474,-0.466688874,0.491779674,1.334830544,0.677451592,0.110399519,-1.124067827,-1.390030304,-0.205744558,-0.516870474,0.662397112,1.625883821,0.697524232,0.577088393,-0.86814167,-1.274612625,-0.411489115,-0.983559348,-0.496797834,-0.491779674,-1.65599278,-1.149158626,0.587124713,1.931991577,1.410102943,1.229449185,1.565665901,0.336216716,-0.541961274,0.03010896,0.140508478,0.100363199,0.03010896,-0.336216716,-0.86814167,-0.757742151,-0.130472158,-0.481743354,-2.353517012,-1.962100537,0.155562958,0.562033913,1.66101094,1.521506094,-0.186173734,-0.642826288,-1.099478843,-1.32780512]}

Slot 10:
Outcome check: Negative
Index Rising data : 4.000000
Index Break data : 0.000000
Index Transition time: 4.000000
{"outcome":{"outcome":"Negative","transition_time":{"x":4,"y":46.38712935,"i":12},"plateau_point":{"x":4.666666667,"y":52.13717334,"i":14},"increase":5.750043993,"suspect_score":1,"arm_width":-1,"window_rate":2.0405933,"rise_width":0.666666667,"shape_flag":0,"climbs_fixed":0,"climb_first_i":-1},"peak_features":{"main_peak":{"x":4,"y":19.21837804,"i":12},"left_arm":{"x":-1,"y":-1,"i":-1},"right_arm":{"x":4.333333333,"y":8.625065989,"i":13}},"time_data":[0,0.333333333,0.666666667,1,1.333333333,1.666666667,2,2.333333333,2.666666667,3,3.333333333,3.666666667,4,4.333333333,4.666666667,5,5.333333333,5.666666667,6,6.333333333,6.666666667,7,7.333333333,7.666666667,8,8.333333333,8.666666667,9,9.333333333,9.666666667,10,10.33333333,10.66666667,11,11.33333333,11.66666667,12,12.33333333,12.66666667,13,13.33333333,13.66666667,14,14.33333333,14.66666667,15,15.33333333,15.66666667,16,16.33333333,16.66666667,17,17.33333333,17.66666667,18,18.33333333,18.66666667,19,19.33333333,19.66666667,20,20.33333333,20.66666667,21,21.33333333,21.66666667,22,22.33333333,22.66666667,23,23.33333333,23.66666667,24,24.33333333,24.66666667,25,25.33333333,25.66666667,26,26.33333333,26.66666667,27,27.33333333,27.66666667,28,28.33333333,28.66666667,29,29.33333333,29.66666667],"raw_data":[257.4454,279.2852,289.8742,294.5069,300.4633,305.7578,313.0377,324.2885,348.7756,373.2627,395.1026,408.3388,416.9424,417.6042,418.9279,420.9133,423.5605,423.5605,426.2078,424.2224,422.2369,422.2369,422.8987,424.8842,422.2369,422.8987,423.5605,424.8842,426.8696,424.8842,427.5314,425.546,426.2078,427.5314,427.5314,427.5314,426.2078,427.5314,429.5169,426.2078,427.5314,429.5169,425.546,429.5169,427.5314,431.5023,428.1932,432.8259,431.5023,429.5169,434.1496,432.1641,434.8114,429.5169,432.1641,431.5023,436.135,432.8259,434.1496,431.5023,434.8114,437.4586,437.4586,438.1205,434.1496,434.8114,437.4586,433.4877,435.4732,436.135,436.7968,437.4586,436.135,438.1205,436.7968,438.1205,438.7823,438.7823,436.7968,442.0913,440.7677,438.7823,442.0913,442.7531,440.1059,442.7531,440.7677,440.1059,439.4441,442.0913],"processed_data":[-102.5987937,-94.52868606,-86.10761568,-77.33558258,-68.21258677,-63.17019733,-53.48651757,-38.09864087,-18.77426716,2.865021545,22.78818106,37.89242342,46.38712935,50.70467545,52.13717334,53.3433361,54.47214274,55.60954344,55.8731161,55.36027983,55.0680546,54.698471,54.16845135,54.30310812,54.54950255,55.15401337,55.37461503,56.10805416,57.11940049,57.48325113,57.77834568,57.93305487,58.21382821,58.51178322,58.24820395,59.02748458,59.03321435,58.74671282,59.27100732,59.07618839,59.39133985,58.91002004,59.33690666,59.72368315,60.24510754,61.15330882,61.82085257,62.23627634,62.80068111,63.59428293,64.09279405,63.77764364,63.5197923,64.00111369,63.65158451,64.39361744,64.29620956,64.88639706,65.05256527,65.62842312,66.47646038,67.67116451,67.85165828,68.61374654,67.79435922,66.91480258,66.50224139,66.47358922,67.32735664,67.39611922,67.74565395,68.48768992,68.53639703,68.7799211,69.26410744,69.04063951,69.64228206,70.28976797,70.68800295,70.99168759,71.87124277,72.31244927,73.02010316,72.83388239,73.17481394,72.86825997,72.81697504,72.64106213,72.34052124,71.91535238],"differential_data":[24.21032299,24.73676706,25.78965521,26.84254337,21.24807789,22.0891038,37.60733468,52.06837562,61.44549362,62.34367232,52.54110282,35.39842244,19.21837804,8.625065989,3.957990968,3.502454089,3.399311016,2.101460048,-0.373895422,-1.207592258,-0.992713235,-1.349404868,-0.593044331,0.5715768,1.276357874,1.237668719,1.431061187,2.617178186,2.062795466,0.988417786,0.674705604,0.653223806,0.868092525,0.05156361,0.77355204,1.1775156,-0.421157639,0.356689453,0.494213352,0.180498792,-0.249252518,-0.08164978,1.220494654,1.362301319,2.144438508,2.363617538,1.624451278,1.469742812,2.037009896,1.938169405,0.27504106,-0.859502619,0.335205078,0.197688313,0.58875562,0.966937573,0.73916943,1.134533573,1.113039091,2.135842658,3.064112081,2.062796853,1.413873053,-0.085948597,-2.54841594,-1.938176737,-0.661820053,1.23767288,1.383795007,0.627445964,1.637356052,1.186114621,0.438346764,1.091565615,0.391077611,0.567261931,1.873692698,1.568581321,1.052879433,1.774859738,1.981142515,1.72329058,0.782149674,0.232066167,0.051566384,-0.536758344,-0.34079677,-0.714680699,-1.088564628,-1.275506592,24.21032299,24.73676706,25.78965521,26.84254337,21.24807789,22.0891038,37.60733468,52.06837562,61.44549362,62.34367232,52.54110282,35.39842244,19.21837804,8.625065989,3.957990968,3.502454089,3.399311016,2.101460048,-0.373895422,-1.207592258,-0.992713235,-1.349404868,-0.593044331,0.5715768,1.276357874,1.237668719,1.431061187,2.617178186,2.062795466,0.988417786,0.674705604,0.653223806,0.868092525,0.05156361,0.77355204,1.1775156,-0.421157639,0.356689453,0.494213352,0.180498792,-0.249252518,-0.08164978,1.220494654,1.362301319,2.144438508,2.363617538,1.624451278,1.469742812,2.037009896,1.938169405,0.27504106,-0.859502619,0.335205078,0.197688313,0.58875562,0.966937573,0.73916943,1.134533573,1.113039091,2.135842658,3.064112081,2.062796853,1.413873053,-0.085948597,-2.54841594,-1.938176737,-0.661820053,1.23767288,1.383795007,0.627445964,1.637356052,1.186114621,0.438346764,1.091565615,0.391077611,0.567261931,1.873692698,1.568581321,1.052879433,1.774859738,1.981142515,1.72329058,0.782149674,0.232066167,0.051566384,-0.536758344,-0.34079677,-0.714680699,-1.088564628,-1.275506592]}

[len] set(90) was=90 APPLIED

>>> {"Slot":[408,431,442,448,451,449,447,448,455,450,451,455,453,452,452,454,453,452,456,450,452,455,454...(372 B)
data received from Serial port

Receive long json data in 1 receiving
{"Slot":[408,431,442,448,451,449,447,448,455,450,451,455,453,452,452,454,453,452,456,450,452,455,454,454,453,455,454,450,446,455,501,500,503,497,499,499,499,497,502,501,505,499,503,498,504,500,501,496,500,503,499,500,502,502,500,502,501,502,500,500,503,499,498,502,502,498,498,501,503,502,502,501,496,500,503,501,505,502,501,498,500,500,501,501,502,499,501,501,498,499]}0
Json data received

>>> {"Slot":[437,460,471,478,481,483,485,489,488,486,487,485,486,486,486,488,485,488,489,486,485,485,486...(372 B)
data received from Serial port

Receive long json data in 1 receiving
{"Slot":[437,460,471,478,481,483,485,489,488,486,487,485,486,486,486,488,485,488,489,486,485,485,486,488,488,487,488,486,485,487,506,505,508,506,509,504,508,506,505,506,505,504,507,508,507,508,507,507,504,504,507,506,504,503,508,505,507,506,505,504,505,506,508,508,504,509,508,503,506,506,507,508,510,509,506,505,507,505,506,506,506,510,508,506,505,505,505,508,504,506]}1
Json data received

>>> {"Slot":[266,288,299,304,309,311,310,310,310,312,312,314,311,312,313,340,341,338,343,340,341,341,344...(372 B)
data received from Serial port

Receive long json data in 1 receiving
{"Slot":[266,288,299,304,309,311,310,310,310,312,312,314,311,312,313,340,341,338,343,340,341,341,344,341,340,339,342,343,339,340,340,340,340,340,341,340,341,338,341,341,341,341,339,340,340,340,341,341,341,340,341,340,339,341,340,341,341,341,341,341,339,341,341,339,342,341,342,342,341,340,343,340,340,342,340,341,343,340,340,338,338,339,341,343,341,338,341,342,342,339]}2
Json data received

>>> {"Slot":[472,496,506,514,516,518,517,518,521,521,515,520,519,523,519,518,517,519,519,514,518,526,519...(372 B)
data received from Serial port

Receive long json data in 1 receiving
{"Slot":[472,496,506,514,516,518,517,518,521,521,515,520,519,523,519,518,517,519,519,514,518,526,519,522,519,519,519,514,520,514,565,516,518,516,520,522,521,516,518,518,519,516,517,522,519,519,519,519,522,518,521,515,517,518,522,520,515,514,518,517,519,519,520,519,517,520,519,523,518,519,525,517,520,520,525,521,521,526,519,522,521,520,518,520,518,519,520,515,518,519]}3
Json data received
[dash] heap free=92996 maxAlloc=81908 intFree=92996 intLargest=81908 clients=0 ap=0

>>> {"Slot":[411,442,447,454,463,462,460,459,462,463,460,462,464,456,462,463,461,460,461,460,461,466,458...(372 B)
data received from Serial port
[stack]
Receive long json data in 1 receiving
{"Slot":[411,442,447,454,463,462,460,459,462,463,460,462,464,456,462,463,461,460,461,460,461,466,458,461,461,463,466,464,465,458,463,462,461,463,462,462,464,458,462,461,467,463,468,466,466,400,400,401,465,462,459,461,467,462,464,463,460,467,466,463,463,462,462,464,461,460,462,468,464,461,461,461,466,466,464,464,466,463,459,466,465,460,462,464,463,463,462,461,458,459]}4
 Control=2128/4096 Sensor=1520/10240 Display=6080/10240 Network=2208/6144 Input=1488/6144 Setting=7016/8192 | unused=24616 B
Json data received

>>> {"Slot":[473,495,506,517,519,521,520,523,524,524,521,524,521,523,521,523,523,526,525,524,524,523,526...(372 B)
data received from Serial port

Receive long json data in 1 receiving
{"Slot":[473,495,506,517,519,521,520,523,524,524,521,524,521,523,521,523,523,526,525,524,524,523,526,524,547,548,549,549,553,552,549,548,547,552,553,549,549,551,552,548,552,546,575,575,574,574,576,575,575,573,576,573,579,574,576,575,576,575,576,574,599,601,602,599,603,606,602,600,602,601,600,602,601,602,601,602,598,605,602,604,604,601,601,602,601,603,603,606,599,600]}5
Json data received

>>> {"Slot":[434,461,472,480,482,483,485,485,486,490,485,490,482,482,484,482,485,484,484,489,486,485,489...(372 B)
data received from Serial port

Receive long json data in 1 receiving
{"Slot":[434,461,472,480,482,483,485,485,486,490,485,490,482,482,484,482,485,484,484,489,486,485,489,484,486,488,483,482,486,484,438,437,434,440,435,435,434,431,437,440,433,437,439,436,436,438,432,437,434,439,435,437,435,440,438,436,434,434,436,435,436,438,439,435,439,433,441,434,441,434,439,437,439,441,438,436,434,437,436,438,438,435,439,440,435,435,432,436,436,436]}6
Json data received

>>> {"Slot":[431,453,468,470,470,476,478,480,477,475,476,482,479,477,475,474,474,476,478,479,478,481,479...(372 B)
data received from Serial port

Receive long json data in 1 receiving
{"Slot":[431,453,468,470,470,476,478,480,477,475,476,482,479,477,475,474,474,476,478,479,478,481,479,480,478,475,474,476,479,476,479,477,478,476,471,478,476,477,479,477,479,481,479,476,476,473,478,477,476,480,479,477,478,478,476,477,481,478,474,475,483,475,476,476,475,474,476,477,479,478,479,481,476,478,476,475,473,474,473,476,481,475,477,476,510,517,519,517,519,516]}7
Json data received

>>> {"Slot":[352,368,377,382,380,383,384,383,384,386,386,388,392,393,389,386,390,394,392,392,391,385,391...(372 B)
data received from Serial port
finish one round maintenance

Receive long json data in 1 receiving
{"Slot":[352,368,377,382,380,383,384,383,384,386,386,388,392,393,389,386,390,394,392,392,391,385,391,384,384,382,390,386,387,391,389,393,388,388,394,389,377,387,388,386,429,427,424,426,434,429,422,433,431,427,430,429,428,428,432,433,430,424,420,428,425,430,428,428,427,426,422,429,435,428,430,430,434,419,430,432,430,430,433,432,427,433,427,426,432,430,429,427,430,426]}8
Json data received

>>> {"Slot":[411,426,444,443,446,458,449,438,455,453,465,451,453,459,466,454,455,450,454,453,455,458,452...(372 B)
data received from Serial port

Receive long json data in 1 receiving
{"Slot":[411,426,444,443,446,458,449,438,455,453,465,451,453,459,466,454,455,450,454,453,455,458,452,458,451,451,449,448,455,451,463,454,450,460,437,467,456,444,453,446,459,442,459,460,447,447,455,447,455,444,446,464,455,463,529,515,508,517,510,517,511,506,508,513,505,516,505,502,518,517,512,511,504,520,511,516,515,506,510,517,515,506,509,515,512,515,517,519,510,518]}9
Json data received

>>> getResult
data received from Serial port
getResult
<AmpStart/>
<AmpStart>
{"calibration":{"slopes":[1.508,1.622,1.504,1.73,1.542,1.743,1.617,1.59,1.294,1.511],"origins":[0,0,0,0,0,0,0,0,0,0]},"led_power":[150,150,150,150,150,150,150,150,150,150],"units":"nM FAM","device_id":"RPL01015","slots":10,"amplification_time":30,"reading_interval":0.333333,"software_version":"v2.4.5AT1"}
Amplification Time[min],Sensor 1 Fluorescence[nM FAM],Sensor 2 Fluorescence[nM FAM],Sensor 3 Fluorescence[nM FAM],Sensor 4 Fluorescence[nM FAM],Sensor 5 Fluorescence[nM FAM],Temperature[C]
0.00,270.56,269.42,176.86,272.83,266.54,271.37,268.40,271.07,272.02,272.01,65.80
0.33,285.81,283.60,191.49,286.71,286.64,283.99,285.10,284.91,284.39,281.93,65.80
0.67,293.10,290.38,198.80,292.49,289.88,290.30,291.90,294.34,291.34,293.85,65.80
1.00,297.08,294.70,202.13,297.11,294.42,296.62,296.85,295.60,295.21,293.18,65.80
1.33,299.07,296.55,205.45,298.27,300.26,297.76,298.08,295.60,293.66,295.17,65.80
1.67,297.75,297.78,206.78,299.42,299.61,298.91,298.70,299.37,295.98,303.11,65.80
2.00,296.42,299.01,206.12,298.84,298.31,298.34,299.94,300.63,296.75,297.15,65.80
2.33,297.08,301.48,206.12,299.42,297.67,300.06,299.94,301.89,295.98,289.87,65.80
2.67,301.72,300.86,206.12,301.16,299.61,300.63,300.56,300.00,296.75,301.13,65.80
3.00,298.41,299.63,207.45,301.16,300.26,300.63,303.03,298.74,298.30,299.80,65.80
3.33,299.07,300.25,207.45,297.69,298.31,298.91,299.94,299.37,298.30,307.74,65.80
3.67,301.72,299.01,208.78,300.58,299.61,300.63,303.03,303.14,299.85,298.48,65.80
4.00,300.40,299.63,206.78,300.00,300.91,298.91,298.08,301.26,302.94,299.80,65.80
4.33,299.73,299.63,207.45,302.31,295.72,300.06,298.08,300.00,303.71,303.77,65.80
4.67,299.73,299.63,208.11,300.00,299.61,298.91,299.32,298.74,300.62,308.41,65.80
5.00,301.06,300.86,226.06,299.42,300.26,300.06,298.08,298.11,298.30,300.46,65.80
5.33,300.40,299.01,226.73,298.84,298.96,300.06,299.94,298.11,301.39,301.13,65.80
5.67,299.73,300.86,224.73,300.00,298.31,301.78,299.32,299.37,304.48,297.82,65.80
6.00,302.39,301.48,228.06,300.00,298.96,301.20,299.32,300.63,302.94,300.46,65.80
6.33,298.41,299.63,226.06,297.11,298.31,300.63,302.41,301.26,302.94,299.80,65.80
6.67,299.73,299.01,226.73,299.42,298.96,300.63,300.56,300.63,302.16,301.13,65.80
7.00,301.72,299.01,226.73,304.05,302.20,300.06,299.94,302.52,297.53,303.11,65.80
7.33,301.06,299.63,228.72,300.00,297.02,301.78,302.41,301.26,302.16,299.14,65.80
7.67,301.06,300.86,226.73,301.73,298.96,300.63,299.32,301.89,296.75,303.11,65.80
8.00,300.40,300.86,226.06,300.00,298.96,313.83,300.56,300.63,296.75,298.48,65.80
8.33,301.72,300.25,225.40,300.00,300.26,314.40,301.79,298.74,295.21,298.48,65.80
8.67,301.06,300.86,227.39,300.00,302.20,314.97,298.70,298.11,301.39,297.15,65.80
9.00,298.41,299.63,228.06,297.11,300.91,314.97,298.08,299.37,298.30,296.49,65.80
9.33,295.76,299.01,225.40,300.58,301.56,317.27,300.56,301.26,299.07,301.13,65.80
9.67,301.72,300.25,226.06,297.11,297.02,316.70,299.32,299.37,302.16,298.48,65.80
10.00,332.23,311.96,226.06,326.59,300.26,314.97,270.87,301.26,300.62,306.42,65.80
10.33,331.56,311.34,226.06,298.27,299.61,314.40,270.25,300.00,303.71,300.46,65.80
10.67,333.55,313.19,226.06,299.42,298.96,313.83,268.40,300.63,299.85,297.82,65.80
11.00,329.58,311.96,226.06,298.27,300.26,316.70,272.11,299.37,299.85,304.43,65.80
11.33,330.90,313.81,226.73,300.58,299.61,317.27,269.02,296.23,304.48,289.21,65.80
11.67,330.90,310.73,226.06,301.73,299.61,314.97,269.02,300.63,300.62,309.07,65.80
12.00,330.90,313.19,226.73,301.16,300.91,314.97,268.40,299.37,291.34,301.79,65.80
12.33,329.58,311.96,224.73,298.27,297.02,316.12,266.54,300.00,299.07,293.85,65.80
12.67,332.89,311.34,226.73,299.42,299.61,316.70,270.25,301.26,299.85,299.80,65.80
13.00,332.23,311.96,226.73,299.42,298.96,314.40,272.11,300.00,298.30,295.17,65.80
13.33,334.88,311.34,226.73,300.00,302.85,316.70,267.78,301.26,331.53,303.77,65.80
13.67,330.90,310.73,226.73,298.27,300.26,313.25,270.25,302.52,329.98,292.52,65.80
14.00,333.55,312.58,225.40,298.84,303.50,329.89,271.49,301.26,327.67,303.77,65.80
14.33,330.24,313.19,226.06,301.73,302.20,329.89,269.64,299.37,329.21,304.43,65.80
14.67,334.22,312.58,226.06,300.00,302.20,329.32,269.64,299.37,335.39,295.83,65.80
15.00,331.56,313.19,226.06,300.00,259.40,329.32,270.87,297.48,331.53,295.83,65.80
15.33,332.23,312.58,226.73,300.00,259.40,330.46,267.16,300.63,326.12,301.13,65.80
15.67,328.91,312.58,226.73,300.00,260.05,329.89,270.25,300.00,334.62,295.83,65.80
16.00,331.56,310.73,226.73,301.73,301.56,329.89,268.40,299.37,333.08,301.13,65.80
16.33,333.55,310.73,226.06,299.42,299.61,328.74,271.49,301.89,329.98,293.85,65.80
16.67,330.90,312.58,226.73,301.16,297.67,330.46,269.02,301.26,332.30,295.17,65.80
17.00,331.56,311.96,226.06,297.69,298.96,328.74,270.25,300.00,331.53,307.08,65.80
17.33,332.89,310.73,225.40,298.84,302.85,332.19,269.02,300.63,330.76,301.13,65.80
17.67,332.89,310.11,226.73,299.42,299.61,329.32,272.11,300.63,330.76,306.42,65.80
18.00,331.56,313.19,226.06,301.73,300.91,330.46,270.87,299.37,333.85,350.10,65.80
18.33,332.89,311.34,226.73,300.58,300.26,329.89,269.64,300.00,334.62,340.83,65.80
18.67,332.23,312.58,226.73,297.69,298.31,330.46,268.40,302.52,332.30,336.20,65.80
19.00,332.89,311.96,226.73,297.11,302.85,329.89,268.40,300.63,327.67,342.16,65.80
19.33,331.56,311.34,226.73,299.42,302.20,330.46,269.64,298.11,324.57,337.52,65.80
19.67,331.56,310.73,226.73,298.84,300.26,329.32,269.02,298.74,330.76,342.16,65.80
20.00,333.55,311.34,225.40,300.00,300.26,343.66,269.64,303.77,328.44,338.19,65.80
20.33,330.90,311.96,226.73,300.00,299.61,344.81,270.87,298.74,332.30,334.88,65.80
20.67,330.24,313.19,226.73,300.58,299.61,345.38,271.49,299.37,330.76,336.20,65.80
21.00,332.89,313.19,225.40,300.00,300.91,343.66,269.02,299.37,330.76,339.51,65.80
21.33,332.89,310.73,227.39,298.84,298.96,345.96,271.49,298.74,329.98,334.22,65.80
21.67,330.24,313.81,226.73,300.58,298.31,347.68,267.78,298.11,329.21,341.50,65.80
22.00,330.24,313.19,227.39,300.00,299.61,345.38,272.73,299.37,326.12,334.22,65.80
22.33,332.23,310.11,227.39,302.31,303.50,344.23,268.40,300.00,331.53,332.23,65.80
22.67,333.55,311.96,226.73,299.42,300.91,345.38,272.73,301.26,336.17,342.82,65.80
23.00,332.89,311.96,226.06,300.00,298.96,344.81,268.40,300.63,330.76,342.16,65.80
23.33,332.89,312.58,228.06,303.47,298.96,344.23,271.49,301.26,332.30,338.85,65.80
23.67,332.23,313.19,226.06,298.84,298.96,345.38,270.25,302.52,332.30,338.19,65.80
24.00,328.91,314.43,226.06,300.58,302.20,344.81,271.49,299.37,335.39,333.55,65.80
24.33,331.56,313.81,227.39,300.58,302.20,345.38,272.73,300.63,323.80,344.14,65.80
24.67,333.55,311.96,226.06,303.47,300.91,344.81,270.87,299.37,332.30,338.19,65.80
25.00,332.23,311.34,226.73,301.16,300.91,345.38,269.64,298.74,333.85,341.50,65.80
25.33,334.88,312.58,228.06,301.16,302.20,343.09,268.40,297.48,332.30,340.83,65.80
25.67,332.89,311.34,226.06,304.05,300.26,347.10,270.25,298.11,332.30,334.88,65.80
26.00,332.23,311.96,226.06,300.00,297.67,345.38,269.64,297.48,334.62,337.52,65.80
26.33,330.24,311.96,224.73,301.73,302.20,346.53,270.87,299.37,333.85,342.16,65.80
26.67,331.56,311.96,224.73,301.16,301.56,346.53,270.87,302.52,329.98,340.83,65.80
27.00,331.56,314.43,225.40,300.58,298.31,344.81,269.02,298.74,334.62,334.88,65.80
27.33,332.23,313.19,226.73,299.42,299.61,344.81,271.49,300.00,329.98,336.86,65.80
27.67,332.23,311.96,228.06,300.58,300.91,345.38,272.11,299.37,329.21,340.83,65.80
28.00,332.89,311.34,226.73,299.42,300.26,344.81,269.02,320.75,333.85,338.85,65.80
28.33,330.90,311.34,224.73,300.00,300.26,345.96,269.02,325.16,332.30,340.83,65.80
28.67,332.23,311.34,226.73,300.58,299.61,345.96,267.16,326.42,331.53,342.16,65.80
29.00,332.23,313.19,227.39,297.69,298.96,347.68,269.64,325.16,329.98,343.48,65.80
29.33,330.24,310.73,227.39,299.42,297.02,343.66,269.64,326.42,332.30,337.52,65.80
29.67,330.90,311.96,225.40,300.00,297.67,344.23,269.64,324.53,329.21,342.82,65.80
load algo para from flash
Slot 1: neutralised 1 vertical climb(s)
Slot 1:
Outcome check: Negative
Index Rising data : 0.000000
Index Break data : 0.000000
Index Transition time: 9.000000
{"outcome":{"outcome":"Negative","transition_time":{"x":9,"y":0.096163201,"i":27},"plateau_point":{"x":10.66666667,"y":2.727166246,"i":32},"increase":2.631003045,"suspect_score":2,"arm_width":1.333333333,"window_rate":0.775808822,"rise_width":6.333333333,"shape_flag":0,"climbs_fixed":0,"climb_first_i":-1},"peak_features":{"main_peak":{"x":10,"y":2.430768793,"i":30},"left_arm":{"x":9.333333333,"y":1.057136536,"i":28},"right_arm":{"x":10.66666667,"y":-0.673886287,"i":32}},"time_data":[0,0.333333333,0.666666667,1,1.333333333,1.666666667,2,2.333333333,2.666666667,3,3.333333333,3.666666667,4,4.333333333,4.666666667,5,5.333333333,5.666666667,6,6.333333333,6.666666667,7,7.333333333,7.666666667,8,8.333333333,8.666666667,9,9.333333333,9.666666667,10,10.33333333,10.66666667,11,11.33333333,11.66666667,12,12.33333333,12.66666667,13,13.33333333,13.66666667,14,14.33333333,14.66666667,15,15.33333333,15.66666667,16,16.33333333,16.66666667,17,17.33333333,17.66666667,18,18.33333333,18.66666667,19,19.33333333,19.66666667,20,20.33333333,20.66666667,21,21.33333333,21.66666667,22,22.33333333,22.66666667,23,23.33333333,23.66666667,24,24.33333333,24.66666667,25,25.33333333,25.66666667,26,26.33333333,26.66666667,27,27.33333333,27.66666667,28,28.33333333,28.66666667,29,29.33333333,29.66666667],"raw_data":[270.557,285.809,293.1035,297.0822,299.0716,297.7454,296.4191,297.0822,301.7241,298.4085,299.0716,301.7241,300.3979,299.7347,299.7347,301.061,300.3979,299.7347,302.3873,298.4085,299.7347,301.7241,301.061,301.061,300.3979,301.7241,301.061,298.4085,295.756,301.7241,302.0557098,301.3925629,303.3819733,299.403183,300.7294464,300.7294464,300.7294464,299.403183,302.7188263,302.0557098,304.7082367,300.7294464,303.3819733,300.0662994,304.0450897,301.3925629,302.0557098,298.7400665,301.3925629,303.3819733,300.7294464,301.3925629,302.7188263,302.7188263,301.3925629,302.7188263,302.0557098,302.7188263,301.3925629,301.3925629,303.3819733,300.7294464,300.0662994,302.7188263,302.7188263,300.0662994,300.0662994,302.0557098,303.3819733,302.7188263,302.7188263,302.0557098,298.7400665,301.3925629,303.3819733,302.0557098,304.7082367,302.7188263,302.0557098,300.0662994,301.3925629,301.3925629,302.0557098,302.0557098,302.7188263,300.7294464,302.0557098,302.0557098,300.0662994,300.7294464],"processed_data":[-24.26308298,-16.15481188,-9.573749915,-4.519897078,-0.993253369,-0.754988501,-0.812406994,-1.09373309,-0.620074912,0.353091814,1.047802285,0.999003753,0.754994842,1.309039888,0.94733168,1.108093922,1.260237657,1.067903197,1.033451493,0.970292789,1.260228805,1.311906162,1.377931933,2.270719982,2.267850273,0.924365684,0.277017767,0.096163201,0.057406075,0.800920891,1.551608858,2.42143342,2.727166246,1.972175895,1.264549288,1.121014285,0.891355242,2.180298578,2.407083553,3.199398487,3.156338052,3.512303934,3.041506482,3.187906439,2.444397831,2.234837057,2.048243865,2.186043149,1.614774828,2.036765425,2.51042532,2.966862072,2.808972313,2.70275476,3.228093597,3.153457774,2.699886107,2.909447806,3.050115082,2.427174159,2.240577665,2.421433156,2.547742637,2.114262899,1.660689251,2.108521499,2.358276433,2.435785269,3.185037522,3.34867238,2.803239632,2.335314796,1.807107967,2.240588366,2.846304031,3.704641037,4.051993168,3.408957147,2.65969842,2.292246831,1.743945167,2.234835868,2.438655506,2.754436476,2.854914612,2.671188751,2.457608878,2.126329708,1.677351241,1.110673477],"differential_data":[24.32481329,22.03399959,17.45237221,12.87074482,5.647362865,0.271269563,-0.508116883,0.288498123,2.170237355,2.501816,0.968867909,-0.439211164,0.465054202,0.288505257,-0.301418948,0.469358964,-0.060286088,-0.340179245,-0.146415611,0.340165968,0.51242006,0.176554692,1.43822073,1.33487751,-2.019531448,-2.986248759,-1.242303724,-0.329417538,1.057136536,2.241304175,2.430768793,1.763336083,-0.673886287,-2.193925436,-1.276742415,-0.55979107,1.588926439,2.273592466,1.528649863,1.123881749,0.469358172,-0.172247354,-0.486596244,-0.895662977,-1.429604072,-0.594230949,-0.073190862,-0.650203556,-0.223916586,1.343475738,1.39514497,0.44782049,-0.396160968,0.628681926,0.676054521,-0.792311235,-0.366014951,0.525343461,-0.72341047,-1.214306125,-0.008611506,0.460747459,-0.460755385,-1.33058008,-0.0086121,1.046380774,0.490895655,1.240141633,1.369330666,-0.572696834,-1.520036375,-1.494197499,-0.142089646,1.558794096,2.196079006,1.808533706,-0.443525835,-2.088442121,-1.675065474,-1.37362988,-0.086116444,1.042065509,0.779400912,0.624388658,-0.124871588,-0.595958601,-0.817288565,-1.170386456,-1.523484346,-1.700033292,24.32481329,22.03399959,17.45237221,12.87074482,5.647362865,0.271269563,-0.508116883,0.288498123,2.170237355,2.501816,0.968867909,-0.439211164,0.465054202,0.288505257,-0.301418948,0.469358964,-0.060286088,-0.340179245,-0.146415611,0.340165968,0.51242006,0.176554692,1.43822073,1.33487751,-2.019531448,-2.986248759,-1.242303724,-0.329417538,1.057136536,2.241304175,2.430768793,1.763336083,-0.673886287,-2.193925436,-1.276742415,-0.55979107,1.588926439,2.273592466,1.528649863,1.123881749,0.469358172,-0.172247354,-0.486596244,-0.895662977,-1.429604072,-0.594230949,-0.073190862,-0.650203556,-0.223916586,1.343475738,1.39514497,0.44782049,-0.396160968,0.628681926,0.676054521,-0.792311235,-0.366014951,0.525343461,-0.72341047,-1.214306125,-0.008611506,0.460747459,-0.460755385,-1.33058008,-0.0086121,1.046380774,0.490895655,1.240141633,1.369330666,-0.572696834,-1.520036375,-1.494197499,-0.142089646,1.558794096,2.196079006,1.808533706,-0.443525835,-2.088442121,-1.675065474,-1.37362988,-0.086116444,1.042065509,0.779400912,0.624388658,-0.124871588,-0.595958601,-0.817288565,-1.170386456,-1.523484346,-1.700033292]}

Slot 2: neutralised 1 vertical climb(s)
Slot 2:
Outcome check: Negative
Index Rising data : 0.000000
Index Break data : 0.000000
Index Transition time: 22.666667
{"outcome":{"outcome":"Negative","transition_time":{"x":22.66666667,"y":-0.397675419,"i":68},"plateau_point":{"x":23.66666667,"y":1.219692544,"i":71},"increase":1.617367963,"suspect_score":3,"arm_width":0.666666667,"window_rate":0.529782085,"rise_width":4.666666667,"shape_flag":0,"climbs_fixed":0,"climb_first_i":-1},"peak_features":{"main_peak":{"x":23.33333333,"y":2.46608962,"i":70},"left_arm":{"x":23,"y":1.193006639,"i":69},"right_arm":{"x":23.66666667,"y":0.916783519,"i":71}},"time_data":[0,0.333333333,0.666666667,1,1.333333333,1.666666667,2,2.333333333,2.666666667,3,3.333333333,3.666666667,4,4.333333333,4.666666667,5,5.333333333,5.666666667,6,6.333333333,6.666666667,7,7.333333333,7.666666667,8,8.333333333,8.666666667,9,9.333333333,9.666666667,10,10.33333333,10.66666667,11,11.33333333,11.66666667,12,12.33333333,12.66666667,13,13.33333333,13.66666667,14,14.33333333,14.66666667,15,15.33333333,15.66666667,16,16.33333333,16.66666667,17,17.33333333,17.66666667,18,18.33333333,18.66666667,19,19.33333333,19.66666667,20,20.33333333,20.66666667,21,21.33333333,21.66666667,22,22.33333333,22.66666667,23,23.33333333,23.66666667,24,24.33333333,24.66666667,25,25.33333333,25.66666667,26,26.33333333,26.66666667,27,27.33333333,27.66666667,28,28.33333333,28.66666667,29,29.33333333,29.66666667],"raw_data":[269.4205,283.6005,290.3822,294.6979,296.5475,297.7805,299.0136,301.4796,300.8631,299.6301,300.2466,299.0136,299.6301,299.6301,299.6301,300.8631,299.0136,300.8631,301.4796,299.6301,299.0136,299.0136,299.6301,300.8631,300.8631,300.2466,300.8631,299.6301,299.0136,300.2466,299.6300812,299.0135651,300.8631439,299.6300812,301.47966,298.397049,300.8631439,299.6300812,299.0135651,299.6300812,299.0135651,298.397049,300.2465973,300.8631439,300.2465973,300.8631439,300.2465973,300.2465973,298.397049,298.397049,300.2465973,299.6300812,298.397049,297.7805328,300.8631439,299.0135651,300.2465973,299.6300812,299.0135651,298.397049,299.0135651,299.6300812,300.8631439,300.8631439,298.397049,301.47966,300.8631439,297.7805328,299.6300812,299.6300812,300.2465973,300.8631439,302.0961761,301.47966,299.6300812,299.0135651,300.2465973,299.0135651,299.6300812,299.6300812,299.6300812,302.0961761,300.8631439,299.6300812,299.0135651,299.0135651,299.0135651,300.8631439,298.397049,299.6300812],"processed_data":[-27.27006743,-18.98063484,-12.10840495,-6.653377767,-2.61555329,-1.238386014,-0.336286404,0.306922153,0.525774407,0.419020219,0.037364613,-0.571144798,-0.373646129,-0.360301625,-0.354963823,0.194829767,0.43503085,0.477733265,0.237532182,-0.221518777,-0.248207786,-0.427024148,-0.34695712,0.2882413,0.677900835,0.552462491,0.322938399,0.018682769,-0.38165772,-0.349629852,-0.528449583,0.069387263,0.037359064,0.074728697,0.266892933,0.14679041,-0.173483646,-0.229531755,-0.77933195,-0.736632838,-0.891429092,-0.571157678,-0.120106817,0.194827455,0.720602258,0.749958848,0.021344932,-0.376327911,-0.472408873,-0.688594471,-1.142307628,-1.016864661,-0.843382798,-0.741962581,-0.717941813,-0.38966766,-0.253555694,-0.459064368,-1.059574474,-0.899435795,-0.563146352,-0.488414616,-0.080068283,0.592502677,0.413688957,0.090749303,-0.338951672,-0.485748489,-0.397675419,-0.424367203,0.39766234,1.219692544,1.008851353,0.931451244,0.437698628,-0.120111573,-0.595181089,-0.862076,-0.392344619,0.128098987,0.394994364,0.640535891,0.453712827,-0.045377063,-0.213518481,-0.814025813,-0.960550125,-0.906905084,-0.653090691,-0.199106945],"differential_data":[24.86829778,22.74249373,18.49088561,14.23927749,8.12248763,3.418900329,2.31796225,1.293091217,0.168147099,-0.732614691,-1.485247525,-0.616516113,0.316264759,0.02802346,0.832697088,1.18499201,0.424355247,-0.296248002,-1.048878063,-0.728609952,-0.308258057,-0.148124001,1.072898171,1.537286932,0.396331787,-0.532443653,-0.800669583,-1.056894179,-0.552468932,-0.220187794,0.628525672,0.848712971,0.008012152,0.344300803,0.108092568,-0.660564868,-0.564483246,-0.908772456,-0.760651626,-0.168145712,0.24821274,1.156983413,1.148977701,1.261063613,0.832697088,-1.048885989,-1.689430138,-0.740630707,-0.468399841,-1.004848133,-0.492405285,0.448387245,0.412353119,0.188161478,0.528442383,0.696579178,-0.104095063,-1.20902817,-0.66055714,0.744642183,0.616531768,0.724617103,1.621375939,0.74063586,-0.75263006,-1.128960944,-0.864746688,-0.08808562,0.09207193,1.193006639,2.46608962,0.916783519,-0.43236195,-0.856729086,-1.577344226,-1.549319577,-1.112946349,0.304254705,1.48526219,1.181008475,0.768655356,0.088077694,-1.028869431,-1.000846962,-1.152973126,-1.120547466,-0.139318907,0.461189151,1.061697209,1.361951238,24.86829778,22.74249373,18.49088561,14.23927749,8.12248763,3.418900329,2.31796225,1.293091217,0.168147099,-0.732614691,-1.485247525,-0.616516113,0.316264759,0.02802346,0.832697088,1.18499201,0.424355247,-0.296248002,-1.048878063,-0.728609952,-0.308258057,-0.148124001,1.072898171,1.537286932,0.396331787,-0.532443653,-0.800669583,-1.056894179,-0.552468932,-0.220187794,0.628525672,0.848712971,0.008012152,0.344300803,0.108092568,-0.660564868,-0.564483246,-0.908772456,-0.760651626,-0.168145712,0.24821274,1.156983413,1.148977701,1.261063613,0.832697088,-1.048885989,-1.689430138,-0.740630707,-0.468399841,-1.004848133,-0.492405285,0.448387245,0.412353119,0.188161478,0.528442383,0.696579178,-0.104095063,-1.20902817,-0.66055714,0.744642183,0.616531768,0.724617103,1.621375939,0.74063586,-0.75263006,-1.128960944,-0.864746688,-0.08808562,0.09207193,1.193006639,2.46608962,0.916783519,-0.43236195,-0.856729086,-1.577344226,-1.549319577,-1.112946349,0.304254705,1.48526219,1.181008475,0.768655356,0.088077694,-1.028869431,-1.000846962,-1.152973126,-1.120547466,-0.139318907,0.461189151,1.061697209,1.361951238]}

Slot 3: neutralised 1 vertical climb(s)
Slot 3:
Outcome check: Negative
Index Rising data : 0.000000
Index Break data : 0.000000
Index Transition time: 26.333333
{"outcome":{"outcome":"Negative","transition_time":{"x":26.33333333,"y":-1.033329423,"i":79},"plateau_point":{"x":28,"y":0.400079306,"i":84},"increase":1.433408729,"suspect_score":3,"arm_width":1.333333333,"window_rate":0.208679942,"rise_width":4.333333333,"shape_flag":0,"climbs_fixed":0,"climb_first_i":-1},"peak_features":{"main_peak":{"x":27,"y":1.442044444,"i":81},"left_arm":{"x":26.33333333,"y":-0.833273454,"i":79},"right_arm":{"x":27.66666667,"y":0.664891726,"i":83}},"time_data":[0,0.333333333,0.666666667,1,1.333333333,1.666666667,2,2.333333333,2.666666667,3,3.333333333,3.666666667,4,4.333333333,4.666666667,5,5.333333333,5.666666667,6,6.333333333,6.666666667,7,7.333333333,7.666666667,8,8.333333333,8.666666667,9,9.333333333,9.666666667,10,10.33333333,10.66666667,11,11.33333333,11.66666667,12,12.33333333,12.66666667,13,13.33333333,13.66666667,14,14.33333333,14.66666667,15,15.33333333,15.66666667,16,16.33333333,16.66666667,17,17.33333333,17.66666667,18,18.33333333,18.66666667,19,19.33333333,19.66666667,20,20.33333333,20.66666667,21,21.33333333,21.66666667,22,22.33333333,22.66666667,23,23.33333333,23.66666667,24,24.33333333,24.66666667,25,25.33333333,25.66666667,26,26.33333333,26.66666667,27,27.33333333,27.66666667,28,28.33333333,28.66666667,29,29.33333333,29.66666667],"raw_data":[176.8617,191.4893,198.8032,202.1277,205.4521,206.7819,206.117,206.117,206.117,207.4468,207.4468,208.7766,206.7819,207.4468,208.1117,206.7819,207.4468,205.4521,208.7766,206.7819,207.4468,207.4468,209.4415,207.4468,206.7819,206.117,208.1117,208.7766,206.117,206.7819,206.7819,206.7819,206.7819,206.7819,207.4468,206.7819,207.4468,205.4521,207.4468,207.4468,207.4468,207.4468,206.117,206.7819,206.7819,206.7819,207.4468,207.4468,207.4468,206.7819,207.4468,206.7819,206.117,207.4468,206.7819,207.4468,207.4468,207.4468,207.4468,207.4468,206.117,207.4468,207.4468,206.117,208.1117,207.4468,208.1117,208.1117,207.4468,206.7819,208.7766,206.7819,206.7819,208.1117,206.7819,207.4468,208.7766,206.7819,206.7819,205.4521,205.4521,206.117,207.4468,208.7766,207.4468,205.4521,207.4468,208.1117,208.1117,206.117],"processed_data":[-27.01137908,-17.99904762,-10.7036389,-5.125152931,-1.263589702,-0.748370084,-0.428877595,-0.356922298,-0.118022242,0.10360982,0.428861874,0.800168719,0.808803542,0.76850574,0.215866815,0.10361233,0.210108373,0.092096568,-0.089238485,0.460522474,0.82031217,1.171466051,0.569896417,0.541112792,0.644731464,0.460519568,0.146782681,0.302211481,0.290698031,0.132388094,-0.362685893,-0.371321707,-0.077732433,0.126629916,-0.048945571,-0.123779693,-0.126656074,-0.086358339,0.089219725,0.178449292,0.149664016,0.253281432,-0.17271311,-0.273456128,-0.230281681,0.017255841,0.247522528,0.330996427,0.420224276,0.172687415,-0.000012683,-0.158321628,-0.17271311,-0.043187129,0.040284392,0.299335364,0.604438088,0.354024251,0.310850465,0.284944807,-0.005765775,-0.020158578,-0.008645392,0.189958382,0.607314007,0.73396004,0.670635471,0.990130734,0.771378554,0.55550302,0.472031829,0.359775296,0.256154246,0.503692429,0.431734358,0.791525506,0.595800028,0.023015076,-0.449029171,-1.033329423,-1.004544807,-0.241786874,-0.043181845,0.253284933,0.400079306,0.584291268,0.545720861,0.407847774,0.170672006,-0.165806441],"differential_data":[27.03699438,24.46161026,19.31084203,14.1600738,6.565174271,1.25206816,0.587171678,0.46628303,0.690798177,0.820326173,1.044838348,0.569912502,-0.047494467,-0.88940509,-0.997340116,-0.008637664,-0.017273643,-0.449020287,0.552638859,1.364325982,1.066415366,-0.375623629,-0.945529888,0.11225257,-0.120889837,-0.746923174,-0.23746213,0.215873025,-0.25473508,-0.980075886,-0.755564702,0.42743019,0.746927435,0.043180292,-0.375614414,-0.116565754,0.056132032,0.323813699,0.397211446,0.090666437,0.11224821,-0.48356569,-0.79010634,-0.086352856,0.436067953,0.716706313,0.470610879,0.259052623,-0.237463518,-0.630355439,-0.496513565,-0.259050642,0.172701749,0.319496254,0.51378374,0.846230544,0.082033331,-0.440381434,-0.103619167,-0.47492436,-0.457655077,-0.004319426,0.31517544,0.923939098,0.816002487,0.094982197,0.384256041,0.151114625,-0.651941572,-0.449020088,-0.293591586,-0.323816374,0.2158757,0.263370167,0.431749616,0.246098506,-1.152765646,-1.567243799,-1.584516748,-0.833273454,1.187313823,1.442044444,0.742607711,0.664891726,0.496509502,0.218462332,-0.264665242,-0.562573282,-0.860481322,-1.009435342,27.03699438,24.46161026,19.31084203,14.1600738,6.565174271,1.25206816,0.587171678,0.46628303,0.690798177,0.820326173,1.044838348,0.569912502,-0.047494467,-0.88940509,-0.997340116,-0.008637664,-0.017273643,-0.449020287,0.552638859,1.364325982,1.066415366,-0.375623629,-0.945529888,0.11225257,-0.120889837,-0.746923174,-0.23746213,0.215873025,-0.25473508,-0.980075886,-0.755564702,0.42743019,0.746927435,0.043180292,-0.375614414,-0.116565754,0.056132032,0.323813699,0.397211446,0.090666437,0.11224821,-0.48356569,-0.79010634,-0.086352856,0.436067953,0.716706313,0.470610879,0.259052623,-0.237463518,-0.630355439,-0.496513565,-0.259050642,0.172701749,0.319496254,0.51378374,0.846230544,0.082033331,-0.440381434,-0.103619167,-0.47492436,-0.457655077,-0.004319426,0.31517544,0.923939098,0.816002487,0.094982197,0.384256041,0.151114625,-0.651941572,-0.449020088,-0.293591586,-0.323816374,0.2158757,0.263370167,0.431749616,0.246098506,-1.152765646,-1.567243799,-1.584516748,-0.833273454,1.187313823,1.442044444,0.742607711,0.664891726,0.496509502,0.218462332,-0.264665242,-0.562573282,-0.860481322,-1.009435342]}

Slot 4: neutralised 1 vertical climb(s)
Slot 4:
Outcome check: Negative
Index Rising data : 9.666667
Index Break data : 0.000000
Index Transition time: 10.333333
{"outcome":{"outcome":"Negative","transition_time":{"x":10.33333333,"y":-1.558899454,"i":31},"plateau_point":{"x":11.33333333,"y":0.462966457,"i":34},"increase":2.021865911,"suspect_score":2,"arm_width":1,"window_rate":0.570526519,"rise_width":5,"shape_flag":0,"climbs_fixed":0,"climb_first_i":-1},"peak_features":{"main_peak":{"x":11,"y":2.6649594,"i":33},"left_arm":{"x":10.33333333,"y":0.788227428,"i":31},"right_arm":{"x":11.33333333,"y":0.743185861,"i":34}},"time_data":[0,0.333333333,0.666666667,1,1.333333333,1.666666667,2,2.333333333,2.666666667,3,3.333333333,3.666666667,4,4.333333333,4.666666667,5,5.333333333,5.666666667,6,6.333333333,6.666666667,7,7.333333333,7.666666667,8,8.333333333,8.666666667,9,9.333333333,9.666666667,10,10.33333333,10.66666667,11,11.33333333,11.66666667,12,12.33333333,12.66666667,13,13.33333333,13.66666667,14,14.33333333,14.66666667,15,15.33333333,15.66666667,16,16.33333333,16.66666667,17,17.33333333,17.66666667,18,18.33333333,18.66666667,19,19.33333333,19.66666667,20,20.33333333,20.66666667,21,21.33333333,21.66666667,22,22.33333333,22.66666667,23,23.33333333,23.66666667,24,24.33333333,24.66666667,25,25.33333333,25.66666667,26,26.33333333,26.66666667,27,27.33333333,27.66666667,28,28.33333333,28.66666667,29,29.33333333,29.66666667],"raw_data":[272.8324,286.7052,292.4855,297.1098,298.2659,299.422,298.8439,299.422,301.1561,301.1561,297.6879,300.578,300,302.3121,300,299.422,298.8439,300,300,297.1098,299.422,304.0462,300,301.7341,300,300,300,297.1098,300.578,297.1098,297.6879,298.2659,299.422,298.2659,300.578,301.7341,301.1561,298.2659,299.422,299.422,300,298.2659,298.8439,301.7341,300,300,300,300,301.7341,299.422,301.1561,297.6879,298.8439,299.422,301.7341,300.578,297.6879,297.1098,299.422,298.8439,300,300,300.578,300,298.8439,300.578,300,302.3121,299.422,300,303.4682,298.8439,300.578,300.578,303.4682,301.1561,301.1561,304.0462,300,301.7341,301.1561,300.578,299.422,300.578,299.422,300,300.578,297.6879,299.422,300],"processed_data":[-23.59729485,-15.80433368,-9.445199374,-4.519891925,-1.028411337,-0.52544479,0.290309889,0.080113134,0.16769396,-0.037495403,0.385394868,0.533031117,0.48548724,0.440445673,0.620611942,0.347860229,-0.247689383,-1.303663906,-0.593008066,-0.200145507,0.497998787,0.868340562,1.243686957,1.781683455,0.640630417,-0.100053135,-0.272712476,-1.065944523,-1.481327866,-1.636471042,-1.839158095,-1.558899454,-1.313673143,0.072606206,0.462966457,0.568063447,0.372883322,0.402911033,-0.275214786,-1.018400646,-0.773174335,-0.230173218,-0.112564681,0.097629299,0.112643155,0.703188149,0.528026498,0.595588849,0.633123489,0.285302497,-0.310247116,-0.462887983,-0.265205548,0.105136227,-0.345279446,-0.197643197,-0.770672026,-1.188557678,-1.493839413,-0.910801347,0.035071567,0.210233218,0.135163939,0.022560021,0.295311734,0.432938745,0.180205506,0.963428316,1.16111075,0.965930625,0.640630417,0.773252809,1.366300112,1.171119987,1.609024114,2.304666098,2.244610675,2.132006757,1.749153434,1.536457144,1.131083038,0.435441054,0.437943364,0.297814043,-0.004965382,-0.250191693,-0.342026444,-0.386317318,-0.383064316,-0.332267438],"differential_data":[23.3788835,21.22814321,16.92666263,12.62518206,5.991670703,1.978081839,0.908336887,-0.183923895,-0.176412805,0.326551363,0.855789779,0.150138558,-0.138878166,0.202687053,-0.138878166,-1.302451988,-2.477286203,-0.517978024,1.655277599,1.636510279,1.602729104,1.118532255,1.370014339,-0.90458481,-2.822604885,-1.370014339,-1.448837082,-1.812923085,-0.855789779,-0.536745344,0.116357382,0.788227428,2.447258491,2.6649594,0.743185861,-0.135124702,-0.24772862,-0.972147161,-2.13196752,-0.746939325,1.182341142,0.990914481,0.491703777,0.337811755,0.908338274,0.623075015,-0.16139895,0.157645486,-0.465429529,-1.415055907,-1.122285719,0.067562351,0.852036315,-0.120110846,-0.454169137,-0.63808887,-1.486371722,-1.08475108,0.416634498,2.293366469,1.681551847,0.150138558,-0.281509796,0.240221692,0.615568087,-0.172659341,0.795734356,1.471357866,0.003753464,-0.7807205,-0.289016724,1.088504544,0.596800767,0.364086002,1.700319166,0.953379842,-0.258989012,-0.743185861,-0.893324419,-0.927105594,-1.651524135,-1.039709512,-0.206440517,-0.664363118,-0.822008604,-0.505591593,-0.204188439,-0.061556809,0.081074821,0.152390636,23.3788835,21.22814321,16.92666263,12.62518206,5.991670703,1.978081839,0.908336887,-0.183923895,-0.176412805,0.326551363,0.855789779,0.150138558,-0.138878166[stack],0.202687053,-0.138878166,-1.302451988, Control=2128/4096-2.477286203,-0.517978024,1.655277599,1.636510279,1.602729104, Sensor=1520/102401.118532255,1.370014339,-0.90458481,-2.822604885,-1.370014339,-1.448837082,-1.812923085,-0.855789779 Display=6080/10240,-0.536745344,0.116357382,0.788227428,2.447258491, Network=2208/61442.6649594,0.743185861,-0.135124702,-0.24772862 Input=1488/6144,-0.972147161,-2.13196752,-0.746939325, Setting=7016/81921.182341142, | unused=24616 B
0.990914481,0.491703777,0.337811755,0.908338274,0.623075015,-0.16139895,0.157645486,-0.465429529,-1.415055907,-1.122285719,0.067562351,0.852036315,-0.120110846,-0.454169137,-0.63808887,-1.486371722,-1.08475108,0.416634498,2.293366469,1.681551847,0.150138558,-0.281509796,0.240221692,0.615568087,-0.172659341,0.795734356,1.471357866,0.003753464,-0.7807205,-0.289016724,1.088504544,0.596800767,0.364086002,1.700319166,0.953379842,-0.258989012,-0.743185861,-0.893324419,-0.927105594,-1.651524135,-1.039709512,-0.206440517,-0.664363118,-0.822008604,-0.505591593,-0.204188439,-0.061556809,0.081074821,0.152390636]}

Slot 5: neutralised 1 vertical climb(s)
Slot 5:
Outcome check: Negative
Index Rising data : 0.000000
Index Break data : 0.000000
Index Transition time: 12.666667
{"outcome":{"outcome":"Negative","transition_time":{"x":12.66666667,"y":0.064578102,"i":38},"plateau_point":{"x":14,"y":3.009543415,"i":42},"increase":2.944965313,"suspect_score":2,"arm_width":1.333333333,"window_rate":0.80712775,"rise_width":3.666666667,"shape_flag":0,"climbs_fixed":0,"climb_first_i":-1},"peak_features":{"main_peak":{"x":13.33333333,"y":2.986723615,"i":40},"left_arm":{"x":12.66666667,"y":1.099103853,"i":38},"right_arm":{"x":14,"y":0.84959476,"i":42}},"time_data":[0,0.333333333,0.666666667,1,1.333333333,1.666666667,2,2.333333333,2.666666667,3,3.333333333,3.666666667,4,4.333333333,4.666666667,5,5.333333333,5.666666667,6,6.333333333,6.666666667,7,7.333333333,7.666666667,8,8.333333333,8.666666667,9,9.333333333,9.666666667,10,10.33333333,10.66666667,11,11.33333333,11.66666667,12,12.33333333,12.66666667,13,13.33333333,13.66666667,14,14.33333333,14.66666667,15,15.33333333,15.66666667,16,16.33333333,16.66666667,17,17.33333333,17.66666667,18,18.33333333,18.66666667,19,19.33333333,19.66666667,20,20.33333333,20.66666667,21,21.33333333,21.66666667,22,22.33333333,22.66666667,23,23.33333333,23.66666667,24,24.33333333,24.66666667,25,25.33333333,25.66666667,26,26.33333333,26.66666667,27,27.33333333,27.66666667,28,28.33333333,28.66666667,29,29.33333333,29.66666667],"raw_data":[266.537,286.6407,289.8833,294.4229,300.2594,299.6109,298.3139,297.6654,299.6109,300.2594,298.3139,299.6109,300.9079,295.7198,299.6109,300.2594,298.9624,298.3139,298.9624,298.3139,298.9624,302.205,297.0169,298.9624,298.9624,300.2594,302.205,300.9079,301.5564,297.0169,300.2594,299.6109,298.9624,300.2594,299.6109,299.6109,300.9079,297.0169,299.6109,298.9624,302.8535,300.2594,303.502,302.205,302.205,302.0428238,301.8806915,301.7185593,301.5564,299.6109,297.6654,298.9624,302.8535,299.6109,300.9079,300.2594,298.3139,302.8535,302.205,300.2594,300.2594,299.6109,299.6109,300.9079,298.9624,298.3139,299.6109,303.502,300.9079,298.9624,298.9624,298.9624,302.205,302.205,300.9079,300.9079,302.205,300.2594,297.6654,302.205,301.5564,298.3139,299.6109,300.9079,300.2594,300.2594,299.6109,298.9624,297.0169,297.6654],"processed_data":[-27.94368416,-18.25143007,-10.43592071,-4.497156066,-0.435136143,-0.45479052,0.421117345,0.112303234,-0.547435017,0.258290873,0.174066981,-0.058948071,-0.28915577,-0.269507602,-0.179668212,-0.334071304,-0.429519984,-0.294762549,-0.188079966,-0.241422315,-0.039289466,-0.072981137,-0.272306104,0.112307726,0.322865011,1.061208221,1.687256652,1.493547184,1.268953001,0.533411199,0.030889206,0.042120863,0.014046013,0.974172881,0.415500261,0.364967379,-0.140366327,-0.019649621,0.064578102,0.713086281,1.501964751,2.704235358,3.009543415,3.270631864,2.943570158,3.217288987,2.758278124,2.167313745,0.992415061,0.72992419,0.401458872,0.454098293,0.918023444,0.940486759,1.28018347,1.437398935,1.29141711,1.838864413,1.754641182,1.586192738,1.577767508,0.791693485,0.398657068,-0.042104614,0.263900823,0.901181968,1.184728581,1.201571378,1.055585589,0.943290545,0.833808271,0.67378902,1.282993201,2.170131271,2.723191166,2.02133945,1.280186244,1.423360849,1.280185452,0.845036494,0.665359299,0.95452141,1.18192572,0.685014865,0.932067607,0.934873903,0.536783524,-0.16029523,-1.15636236,-2.451417865],"differential_data":[29.07676225,26.26164517,20.63141101,15.00117685,6.063548318,1.284380232,0.850640631,-1.452828544,0.218981458,1.082252998,-0.475858416,-0.694834127,-0.315839297,0.164231338,-0.096845553,-0.374777658,0.058963132,0.362160026,0.080010352,0.22318575,0.252661767,-0.349524956,0.277933294,0.892756673,1.423350743,2.046587461,0.648508443,-0.627455476,-1.440203976,-1.857095694,-0.736935504,-0.02526479,1.398078027,0.602181373,-0.913808253,-0.833799882,-0.576925501,0.307416643,1.099103853,2.156079973,2.986723615,2.261367996,0.84959476,-0.098959886,-0.080014316,-0.27793805,-1.574962864,-2.648794595,-2.156084333,-0.886434283,-0.413738845,0.774846857,0.7295827,0.543240039,0.745368264,0.016850459,0.602198217,0.694836109,-0.379007513,-0.26531051,-1.191748879,-1.768665661,-1.250697148,-0.202134368,1.414929873,1.381241637,0.450584114,-0.193714489,-0.387421249,-0.332665976,-0.404252288,0.673777394,2.244513375,2.160296948,-0.223187731,-2.164507383,-0.8969679,-1.188996551e-6,-0.867486533,-0.922239229,0.164227374,0.774849632,-0.404259818,-0.37478717,0.374788557,-0.592926124,-1.6427537,-2.539718826,-3.436683952,-3.885166515,29.07676225,26.26164517,20.63141101,15.00117685,6.063548318,1.284380232,0.850640631,-1.452828544,0.218981458,1.082252998,-0.475858416,-0.694834127,-0.315839297,0.164231338,-0.096845553,-0.374777658,0.058963132,0.362160026,0.080010352,0.22318575,0.252661767,-0.349524956,0.277933294,0.892756673,1.423350743,2.046587461,0.648508443,-0.627455476,-1.440203976,-1.857095694,-0.736935504,-0.02526479,1.398078027,0.602181373,-0.913808253,-0.833799882,-0.576925501,0.307416643,1.099103853,2.156079973,2.986723615,2.261367996,0.84959476,-0.098959886,-0.080014316,-0.27793805,-1.574962864,-2.648794595,-2.156084333,-0.886434283,-0.413738845,0.774846857,0.7295827,0.543240039,0.745368264,0.016850459,0.602198217,0.694836109,-0.379007513,-0.26531051,-1.191748879,-1.768665661,-1.250697148,-0.202134368,1.414929873,1.381241637,0.450584114,-0.193714489,-0.387421249,-0.332665976,-0.404252288,0.673777394,2.244513375,2.160296948,-0.223187731,-2.164507383,-0.8969679,-1.188996551e-6,-0.867486533,-0.922239229,0.164227374,0.774849632,-0.404259818,-0.37478717,0.374788557,-0.592926124,-1.6427537,-2.539718826,-3.436683952,-3.885166515]}

Slot 6: neutralised 3 vertical climb(s)
Slot 6:
Outcome check: Negative
Index Rising data : 0.000000
Index Break data : 0.000000
Index Transition time: 20.333333
{"outcome":{"outcome":"Negative","transition_time":{"x":20.33333333,"y":0.933854338,"i":61},"plateau_point":{"x":21.33333333,"y":2.381824906,"i":64},"increase":1.447970568,"suspect_score":3,"arm_width":1,"window_rate":0.36013031,"rise_width":5,"shape_flag":0,"climbs_fixed":0,"climb_first_i":-1},"peak_features":{"main_peak":{"x":20.66666667,"y":1.767740621,"i":62},"left_arm":{"x":20.33333333,"y":0.385576917,"i":61},"right_arm":{"x":21.33333333,"y":0.415391798,"i":64}},"time_data":[0,0.333333333,0.666666667,1,1.333333333,1.666666667,2,2.333333333,2.666666667,3,3.333333333,3.666666667,4,4.333333333,4.666666667,5,5.333333333,5.666666667,6,6.333333333,6.666666667,7,7.333333333,7.666666667,8,8.333333333,8.666666667,9,9.333333333,9.666666667,10,10.33333333,10.66666667,11,11.33333333,11.66666667,12,12.33333333,12.66666667,13,13.33333333,13.66666667,14,14.33333333,14.66666667,15,15.33333333,15.66666667,16,16.33333333,16.66666667,17,17.33333333,17.66666667,18,18.33333333,18.66666667,19,19.33333333,19.66666667,20,20.33333333,20.66666667,21,21.33333333,21.66666667,22,22.33333333,22.66666667,23,23.33333333,23.66666667,24,24.33333333,24.66666667,25,25.33333333,25.66666667,26,26.33333333,26.66666667,27,27.33333333,27.66666667,28,28.33333333,28.66666667,29,29.33333333,29.66666667],"raw_data":[271.3712,283.9931,290.3041,296.615,297.7625,298.9099,298.3362,300.0574,300.6311,300.6311,298.9099,300.6311,298.9099,300.0574,298.9099,300.0574,300.0574,301.7785,301.2048,300.6311,300.6311,300.0574,301.7785,300.6311,299.4836,300.0574,300.6311,300.6311,302.926,302.3523,300.6311,300.0574,299.4836,302.3523,302.926,300.6311,300.6311,301.7785,302.3523,300.0574,302.3523,298.9099,301.491684,301.491684,300.9179535,300.9179535,302.0654144,301.491684,301.491684,300.344223,302.0654144,300.344223,303.7865753,300.9179535,302.0654144,301.491684,302.0654144,301.491684,302.0654144,300.9179535,300.0573578,301.2048187,301.7785492,300.0573578,302.3522491,304.0734406,301.7785492,300.6310883,301.7785492,301.2048187,300.6310883,301.7785492,301.2048187,301.7785492,301.2048187,301.7785492,299.4836578,303.4997101,301.7785492,302.9259796,302.9259796,301.2048187,301.2048187,301.7785492,301.2048187,302.3522491,302.3522491,304.0734406,300.0573578,300.6310883],"processed_data":[-25.76788404,-17.52712929,-10.76663027,-5.486386967,-1.686399386,-0.633331431,0.146537484,0.014905525,0.402358018,0.367589249,0.466936516,4.359654018e-6,-0.2359454,-0.38993089,-0.019864169,0.245881844,0.817123347,1.097776735,1.20209414,1.21947793,1.284055636,0.936346145,0.779875388,0.707846505,0.424711549,0.591119675,0.961184943,1.614385167,2.029157366,1.606934254,1.259219611,1.346145828,1.159872344,1.251770548,1.574644543,2.061440868,1.86523279,1.743530273,1.374708101,1.436800408,1.336215329,1.105238613,0.954975145,1.312620287,1.343665053,1.954642424,1.556015675,1.71000394,1.426867002,1.687648955,1.620586247,1.883854523,2.017972674,2.266341503,2.085034721,2.263863105,1.95464936,1.959613949,1.53366254,1.54856463,1.122615996,0.933854338,1.379667274,2.112348086,2.381824906,2.389275951,2.379343867,2.168236208,1.592029984,1.197126446,1.507583882,1.619349558,1.785753457,1.467849599,1.626803906,1.529941774,1.785757816,2.232811271,2.595422192,2.630189772,2.744437808,1.98692771,1.917385283,1.572156303,2.193068665,2.600383742,2.498552753,2.193062839,1.683914,0.971106234],"differential_data":[24.72226424,22.50188066,18.06111349,13.62034633,7.279583304,2.749405304,0.972355434,0.383730802,0.529025586,0.096867747,-0.551377334,-1.054322874,-0.584902875,0.324121847,0.953719102,1.255481274,1.277842336,0.577456189,0.182551793,0.122942243,-0.424697678,-0.756270371,-0.342749459,-0.532745758,-0.175090245,0.804710091,1.534898238,1.601958634,-0.011176369,-1.154906632,-0.391182639,-0.149020901,-0.14156292,0.622158298,1.21450548,0.43588237,-0.476865892,-0.735787032,-0.460094799,-0.057739159,-0.497342692,-0.571860276,0.311072511,0.583034862,0.963033206,0.318525934,-0.366957726,-0.19372301,-0.033532477,0.290578867,0.294308353,0.596079641,0.573730469,0.100593071,-0.003717596,-0.195578043,-0.456373735,-0.631480229,-0.616573978,-0.616569816,-0.922065438,0.385576917,1.767740621,1.503236449,0.415391798,-0.003721559,-0.331559615,-1.180970824,-1.456664643,-0.126669153,0.633334668,0.417254361,-0.227249938,-0.238424326,0.093138261,0.238430865,1.054304247,1.214496563,0.596067751,0.223523425,-0.964893093,-1.240578788,-0.622157109,0.413525074,1.542341158,0.458226132,-0.610981354,-1.221958131,-1.832934907,-2.138423295,24.72226424,22.50188066,18.06111349,13.62034633,7.279583304,2.749405304,0.972355434,0.383730802,0.529025586,0.096867747,-0.551377334,-1.054322874,-0.584902875,0.324121847,0.953719102,1.255481274,1.277842336,0.577456189,0.182551793,0.122942243,-0.424697678,-0.756270371,-0.342749459,-0.532745758,-0.175090245,0.804710091,1.534898238,1.601958634,-0.011176369,-1.154906632,-0.391182639,-0.149020901,-0.14156292,0.622158298,1.21450548,0.43588237,-0.476865892,-0.735787032,-0.460094799,-0.057739159,-0.497342692,-0.571860276,0.311072511,0.583034862,0.963033206,0.318525934,-0.366957726,-0.19372301,-0.033532477,0.290578867,0.294308353,0.596079641,0.573730469,0.100593071,-0.003717596,-0.195578043,-0.456373735,-0.631480229,-0.616573978,-0.616569816,-0.922065438,0.385576917,1.767740621,1.503236449,0.415391798,-0.003721559,-0.331559615,-1.180970824,-1.456664643,-0.126669153,0.633334668,0.417254361,-0.227249938,-0.238424326,0.093138261,0.238430865,1.054304247,1.214496563,0.596067751,0.223523425,-0.964893093,-1.240578788,-0.622157109,0.413525074,1.542341158,0.458226132,-0.610981354,-1.221958131,-1.832934907,-2.138423295]}

Slot 7: neutralised 1 vertical climb(s)
Slot 7:
Outcome check: Negative
Index Rising data : 0.000000
Index Break data : 0.000000
Index Transition time: 5.000000
{"outcome":{"outcome":"Negative","transition_time":{"x":5,"y":-2.39876672,"i":15},"plateau_point":{"x":6.666666667,"y":0.211471095,"i":20},"increase":2.610237815,"suspect_score":2,"arm_width":0.666666667,"window_rate":0.473861166,"rise_width":6,"shape_flag":0,"climbs_fixed":0,"climb_first_i":-1},"peak_features":{"main_peak":{"x":5.333333333,"y":2.493780557,"i":16},"left_arm":{"x":5,"y":0.742913977,"i":15},"right_arm":{"x":5.666666667,"y":1.104328899,"i":17}},"time_data":[0,0.333333333,0.666666667,1,1.333333333,1.666666667,2,2.333333333,2.666666667,3,3.333333333,3.666666667,4,4.333333333,4.666666667,5,5.333333333,5.666666667,6,6.333333333,6.666666667,7,7.333333333,7.666666667,8,8.333333333,8.666666667,9,9.333333333,9.666666667,10,10.33333333,10.66666667,11,11.33333333,11.66666667,12,12.33333333,12.66666667,13,13.33333333,13.66666667,14,14.33333333,14.66666667,15,15.33333333,15.66666667,16,16.33333333,16.66666667,17,17.33333333,17.66666667,18,18.33333333,18.66666667,19,19.33333333,19.66666667,20,20.33333333,20.66666667,21,21.33333333,21.66666667,22,22.33333333,22.66666667,23,23.33333333,23.66666667,24,24.33333333,24.66666667,25,25.33333333,25.66666667,26,26.33333333,26.66666667,27,27.33333333,27.66666667,28,28.33333333,28.66666667,29,29.33333333,29.66666667],"raw_data":[268.3983,285.0959,291.8986,296.846,298.0829,298.7013,299.9382,299.9382,300.5566,303.0303,299.9382,303.0303,298.0829,298.0829,299.3197,298.0829,299.9382,299.3197,299.3197,302.4119,300.5566,299.9382,302.4119,299.3197,300.5566,301.7935,298.7013,298.0829,300.5566,299.3197,302.1026459,301.4842377,299.628952,303.3395233,300.2473602,300.2473602,299.628952,297.7736359,301.4842377,303.3395233,299.0105133,301.4842377,302.7210846,300.865799,300.865799,302.1026459,298.3920746,301.4842377,299.628952,302.7210846,300.2473602,301.4842377,300.2473602,303.3395233,302.1026459,300.865799,299.628952,299.628952,300.865799,300.2473602,300.865799,302.1026459,302.7210846,300.2473602,302.7210846,299.0105133,303.9579315,299.628952,303.9579315,299.628952,302.7210846,301.4842377,302.7210846,303.9579315,302.1026459,300.865799,299.628952,301.4842377,300.865799,302.1026459,302.1026459,300.2473602,302.7210846,303.3395233,300.2473602,300.2473602,298.3920746,300.865799,300.865799,300.865799],"processed_data":[-28.13881189,-18.93358755,-11.44845316,-5.683408689,-1.638454157,-1.360025777,-0.473881577,-0.361438041,0.623761858,0.918253845,0.473841944,0.026754008,-0.977185138,-1.77498412,-1.839237098,-2.39876672,-1.343961113,-0.736246348,-0.607741847,0.195408148,0.211471095,0.216824354,0.42029271,0.077613864,-0.275771897,-0.551523448,-1.310500306,-1.032077079,-0.792470164,-0.837984159,0.293129066,0.788406,0.741555086,0.840611578,-0.239634262,-0.793815646,-0.381529242,-0.831294138,-0.400262412,0.239585513,0.812501519,1.00258468,0.919586776,0.424303658,0.761626999,-0.124519315,-0.186090841,-0.060264092,0.129818805,-0.05490687,0.627774656,0.764306601,1.227456956,0.932968932,0.820530681,0.392182784,-0.006715651,-0.750973194,-0.627823537,0.156587081,0.509970198,1.155169268,0.721468641,1.181943093,0.6706035,0.890132425,0.673281913,1.053442951,0.855333138,1.14447147,1.104314697,1.934236006,1.84053317,1.931553894,1.270292934,0.791079765,0.239583664,0.223521509,0.335959496,0.638475228,1.350604235,1.374699382,1.495174325,0.745564184,0.242253886,-0.073654043,-0.194394317,-0.22678726,-0.170832871,-0.02653115],"differential_data":[27.615673,25.0355381,19.8752683,14.7149985,6.485074368,1.746858869,1.497881604,1.646465153,1.919537829,-0.224879872,-1.337249756,-2.176540622,-2.702607192,-1.29307794,-0.935673899,0.742913977,2.493780557,1.104328899,1.397481745,1.228819414,0.032124309,0.313232422,-0.208815736,-1.04409691,-0.943705967,-1.552092614,-0.720830447,0.777045213,0.29113938,1.628398846,2.439585797,0.672639029,0.078307808,-1.471784022,-2.451640835,-0.212842471,-0.056217739,-0.028099754,1.606319477,1.819145896,1.144498751,0.160627885,-0.867421534,-0.236939666,-0.823234459,-1.42157676,0.096382835,0.473864469,0.008035833,0.746933776,1.228820206,0.89952345,0.252993497,-0.610389412,-0.811179223,-1.240869497,-1.714733966,-0.931661829,1.361340411,1.706690602,1.497873282,0.317247663,0.040160736,-0.07629771,-0.437716001,0.004017619,0.244965789,0.273076838,0.136542779,0.373472338,1.184646805,1.10432771,-0.004023168,-0.855360353,-1.710711194,-1.546063906,-0.851337383,0.144563749,0.622430578,1.521967108,1.104336231,0.216855136,-0.943702797,-1.87938066,-1.22882734,-0.654972304,-0.229699826,0.035342169,0.300384165,0.432905162,27.615673,25.0355381,19.8752683,14.7149985,6.485074368,1.746858869,1.497881604,1.646465153,1.919537829,-0.224879872,-1.337249756,-2.176540622,-2.702607192,-1.29307794,-0.935673899,0.742913977,2.493780557,1.104328899,1.397481745,1.228819414,0.032124309,0.313232422,-0.208815736,-1.04409691,-0.943705967,-1.552092614,-0.720830447,0.777045213,0.29113938,1.628398846,2.439585797,0.672639029,0.078307808,-1.471784022,-2.451640835,-0.212842471,-0.056217739,-0.028099754,1.606319477,1.819145896,1.144498751,0.160627885,-0.867421534,-0.236939666,-0.823234459,-1.42157676,0.096382835,0.473864469,0.008035833,0.746933776,1.228820206,0.89952345,0.252993497,-0.610389412,-0.811179223,-1.240869497,-1.714733966,-0.931661829,1.361340411,1.706690602,1.497873282,0.317247663,0.040160736,-0.07629771,-0.437716001,0.004017619,0.244965789,0.273076838,0.136542779,0.373472338,1.184646805,1.10432771,-0.004023168,-0.855360353,-1.710711194,-1.546063906,-0.851337383,0.144563749,0.622430578,1.521967108,1.104336231,0.216855136,-0.943702797,-1.87938066,-1.22882734,-0.654972304,-0.229699826,0.035342169,0.300384165,0.432905162]}

Slot 8: neutralised 1 vertical climb(s)
Slot 8:
Outcome check: Negative
Index Rising data : 21.666667
Index Break data : 0.000000
Index Transition time: 5.000000
{"outcome":{"outcome":"Negative","transition_time":{"x":5,"y":-2.327846114,"i":15},"plateau_point":{"x":7,"y":1.143520207,"i":21},"increase":3.471366321,"suspect_score":2,"arm_width":1.666666667,"window_rate":0.433582587,"rise_width":7.666666667,"shape_flag":0,"climbs_fixed":0,"climb_first_i":-1},"peak_features":{"main_peak":{"x":6,"y":2.585152762,"i":18},"left_arm":{"x":5.333333333,"y":1.172089614,"i":16},"right_arm":{"x":7,"y":0.187864229,"i":21}},"time_data":[0,0.333333333,0.666666667,1,1.333333333,1.666666667,2,2.333333333,2.666666667,3,3.333333333,3.666666667,4,4.333333333,4.666666667,5,5.333333333,5.666666667,6,6.333333333,6.666666667,7,7.333333333,7.666666667,8,8.333333333,8.666666667,9,9.333333333,9.666666667,10,10.33333333,10.66666667,11,11.33333333,11.66666667,12,12.33333333,12.66666667,13,13.33333333,13.66666667,14,14.33333333,14.66666667,15,15.33333333,15.66666667,16,16.33333333,16.66666667,17,17.33333333,17.66666667,18,18.33333333,18.66666667,19,19.33333333,19.66666667,20,20.33333333,20.66666667,21,21.33333333,21.66666667,22,22.33333333,22.66666667,23,23.33333333,23.66666667,24,24.33333333,24.66666667,25,25.33333333,25.66666667,26,26.33333333,26.66666667,27,27.33333333,27.66666667,28,28.33333333,28.66666667,29,29.33333333,29.66666667],"raw_data":[271.0692,284.9057,294.3396,295.5975,295.5975,299.3711,300.6289,301.8868,300,298.7422,299.3711,303.1447,301.2579,300,298.7422,298.1132,298.1132,299.3711,300.6289,301.2579,300.6289,302.5157,301.2579,301.8868,300.6289,298.7422,298.1132,299.3711,301.2579,299.3711,301.2579,300,300.6289,299.3711,296.2264,300.6289,299.3711,300,301.2579,300,301.2579,302.5157,301.2579,299.3711,299.3711,297.4843,300.6289,300,299.3711,301.8868,301.2579,300,300.6289,300.6289,299.3711,300,302.5157,300.6289,298.1132,298.7422,303.7736,298.7422,299.3711,299.3711,298.7422,298.1132,299.3711,300,301.2579,300.6289,301.2579,302.5157,299.3711,300.6289,299.3711,298.7422,297.4843,298.1132,297.4843,299.3711,302.5157,298.7422,300,299.3711,294.3396454,298.7421722,300.0000153,298.7421722,300.0000153,298.1132355],"processed_data":[-26.1656988,-17.89811364,-11.12117657,-5.834887576,-2.039246662,-1.042756977,-0.778659441,-0.598965599,-0.133390088,-0.166061996,-0.054429884,-0.057153347,0.000019949,-0.487335337,-1.434816435,-2.327846114,-1.990238338,-1.546453038,-0.585358327,0.176982137,0.833140452,1.143520207,0.958383271,0.283166266,-0.574464872,-1.140777059,-1.475658863,-1.402148226,-0.988301727,-0.302197609,0.212382263,-0.642526734,-1.187056108,-1.413037849,-1.911278399,-1.579118076,-1.366747043,-0.789548932,0.127983721,0.33218212,0.691567821,0.672510453,-0.174230534,-0.618027196,-1.200671968,-1.829602791,-1.511051062,-0.729654816,-0.272246786,0.157933883,0.081695821,0.070799724,-0.362099387,-0.55812555,-0.106165766,-0.027211111,-0.792270545,-0.375709435,-0.247750683,-0.533629711,-0.882124864,-0.699702804,-0.857616474,-1.546445376,-2.374125031,-1.652624882,-1.377640365,-0.955633651,0.065357027,0.492813705,0.596270541,0.435634993,0.038133762,-0.601687213,-1.404869047,-2.349631702,-2.798868947,-2.523879278,-2.044695437,-1.391256621,-0.351201507,-0.873947936,-1.576386159,-2.303334818,-2.986716332,-2.395903418,-2.312046114,-2.123367369,-1.829867184,-1.431545558],"differential_data":[24.80275546,22.56678334,18.0948391,13.62289486,7.1881959,1.890880832,0.665687066,0.967904029,0.649355405,0.118440306,0.163362974,0.081674749,-0.645272986,-2.152254575,-2.760766166,-0.833132855,1.172089614,2.107320018,2.585152762,2.127748167,1.449807105,0.187864229,-1.290530911,-2.299272215,-2.135914988,-1.351790986,-0.39205675,0.731035703,1.649925926,1.801025985,-0.510493687,-2.099157556,-1.155766673,-1.086333436,-0.249120341,0.816797034,1.184353717,2.242096145,1.682596578,0.845376151,0.510492498,-1.298697534,-1.935806473,-1.539662151,-1.817363392,-0.465568642,1.649921962,1.858206415,1.331383049,0.53091391,-0.130701238,-0.665692812,-0.943387911,0.383900432,0.796371658,-1.029157168,-0.522747486,0.816779793,-0.236880414,-0.951561271,-0.24910964,0.036762584,-1.270113858,-2.274762835,-0.159269259,1.494726998,1.045486847,2.164496087,2.172671033,0.796370271,-0.085768068,-0.837205168,-1.555983308,-2.164504212,-2.621916734,-2.090999851,-0.261371365,1.131260265,1.698933985,2.540240895,0.775963028,-1.837776977,-2.144080323,-2.115495261,-0.1388529,1.012005328,0.408804074,0.723268395,1.037732716,1.194964877,24.80275546,22.56678334,18.0948391,13.62289486,7.1881959,1.890880832,0.665687066,0.967904029,0.649355405,0.118440306,0.163362974,0.081674749,-0.645272986,-2.152254575,-2.760766166,-0.833132855,1.172089614,2.107320018,2.585152762,2.127748167,1.449807105,0.187864229,-1.290530911,-2.299272215,-2.135914988,-1.351790986,-0.39205675,0.731035703,1.649925926,1.801025985,-0.510493687,-2.099157556,-1.155766673,-1.086333436,-0.249120341,0.816797034,1.184353717,2.242096145,1.682596578,0.845376151,0.510492498,-1.298697534,-1.935806473,-1.539662151,-1.817363392,-0.465568642,1.649921962,1.858206415,1.331383049,0.53091391,-0.130701238,-0.665692812,-0.943387911,0.383900432,0.796371658,-1.029157168,-0.522747486,0.816779793,-0.236880414,-0.951561271,-0.24910964,0.036762584,-1.270113858,-2.274762835,-0.159269259,1.494726998,1.045486847,2.164496087,2.172671033,0.796370271,-0.085768068,-0.837205168,-1.555983308,-2.164504212,-2.621916734,-2.090999851,-0.261371365,1.131260265,1.698933985,2.540240895,0.775963028,-1.837776977,-2.144080323,-2.115495261,-0.1388529,1.012005328,0.408804074,0.723268395,1.037732716,1.194964877]}

Slot 9:
Outcome check: Break
Index Rising data : 0.000000
Index Break data : 13.000000
Index Transition time: -0.333333
{"outcome":{"outcome":"Break","transition_time":{"x":-1,"y":-1,"i":-1},"plateau_point":{"x":-1,"y":-1,"i":-1},"increase":-1,"suspect_score":0,"arm_width":-1,"window_rate":-1,"rise_width":-1,"shape_flag":0,"climbs_fixed":0,"climb_first_i":-1},"peak_features":{"main_peak":{"x":-1,"y":-1,"i":-1},"left_arm":{"x":-1,"y":-1,"i":-1},"right_arm":{"x":-1,"y":-1,"i":-1}},"time_data":[0,0.333333333,0.666666667,1,1.333333333,1.666666667,2,2.333333333,2.666666667,3,3.333333333,3.666666667,4,4.333333333,4.666666667,5,5.333333333,5.666666667,6,6.333333333,6.666666667,7,7.333333333,7.666666667,8,8.333333333,8.666666667,9,9.333333333,9.666666667,10,10.33333333,10.66666667,11,11.33333333,11.66666667,12,12.33333333,12.66666667,13,13.33333333,13.66666667,14,14.33333333,14.66666667,15,15.33333333,15.66666667,16,16.33333333,16.66666667,17,17.33333333,17.66666667,18,18.33333333,18.66666667,19,19.33333333,19.66666667,20,20.33333333,20.66666667,21,21.33333333,21.66666667,22,22.33333333,22.66666667,23,23.33333333,23.66666667,24,24.33333333,24.66666667,25,25.33333333,25.66666667,26,26.33333333,26.66666667,27,27.33333333,27.66666667,28,28.33333333,28.66666667,29,29.33333333,29.66666667],"raw_data":[272.0247,284.3895,291.3447,295.2086,293.6631,295.9814,296.7542,295.9814,296.7542,298.2998,298.2998,299.8454,302.9366,303.7094,300.6182,298.2998,301.391,304.4822,302.9366,302.9366,302.1638,297.527,302.1638,296.7542,296.7542,295.2086,301.391,298.2998,299.0726,302.1638,300.6182,303.7094,299.8454,299.8454,304.4822,300.6182,291.3447,299.0726,299.8454,298.2998,331.5301,329.9845,327.6661,329.2117,335.3941,331.5301,326.1205,334.6213,333.0757,329.9845,332.3029,331.5301,330.7573,330.7573,333.8485,334.6213,332.3029,327.6661,324.575,330.7573,328.4389,332.3029,330.7573,330.7573,329.9845,329.2117,326.1205,331.5301,336.1669,330.7573,332.3029,332.3029,335.3941,323.8022,332.3029,333.8485,332.3029,332.3029,334.6213,333.8485,329.9845,334.6213,329.9845,329.2117,333.8485,332.3029,331.5301,329.9845,332.3029,329.2117],"processed_data":[-23.21467969,-15.94569924,-10.06173278,-5.562780313,-2.448841838,-2.311681574,-2.187900296,-1.957064938,-1.354885745,-0.695834073,0.889904468,2.539206369,2.950695484,2.783423486,3.097894842,3.111276602,3.134694682,4.011199951,4.168435629,4.536434025,3.355493719,1.926990856,0.117107837,-0.615543514,-0.883178711,-0.799542712,-0.595470874,0.618923831,2.044081254,2.933968284,2.291643812,3.29862124,4.282180588,2.693096607,1.482047341,0.388088474,-2.927245301,-1.418450029,3.730187222,11.83619538,20.18307588,27.08472565,33.24034033,34.67888136,31.95234502,33.02957669,33.42099316,33.23699396,32.81212309,33.48455652,33.5079746,32.40063397,33.14666708,34.39117075,34.58186083,33.45110212,32.61139669,31.03234903,29.96180824,29.8413724,30.81489543,32.19990758,33.07641284,31.6746735,30.86507426,31.00558736,31.62449705,32.37053215,33.03627536,35.13721099,34.70564726,33.08310557,32.34375872,32.84557749,32.57794229,33.03961301,34.15364451,35.37807554,34.89967762,34.67887859,33.875973,33.374157,32.94259525,33.19684868,33.25372116,33.0897946,32.82383213,32.54114245,32.24172557,31.9255815],"differential_data":[21.80694136,19.72942037,15.57437839,11.41933641,4.876648108,0.391412314,0.531924954,1.249521825,1.891846298,3.36718532,4.852560663,3.091186523,0.366325676,0.220799037,0.491779674,0.055199759,1.349885024,1.550611422,0.787851111,-1.219412866,-3.914164754,-4.857578823,-3.813801555,-1.500429822,-0.275998797,0.431561755,2.127699815,3.959328193,3.472566679,0.371343836,0.546979434,2.985805165,-0.908286949,-4.20019987,-3.457512199,-6.613938963,-2.709807755,9.986148785,19.88196811,24.67933298,22.8727954,19.58589668,11.39123357,-1.931992964,-2.473957012,2.202972214,0.311125916,-0.913305109,0.371343836,1.043777268,-1.625883821,-0.541961274,2.985805165,2.152790615,-1.410102943,-2.955696205,-3.628129637,-3.974382673,-1.786464939,1.279630785,3.537802758,3.39227612,-0.787851111,-3.317007882,-1.003629214,1.139134196,2.047417182,2.117667458,4.150018271,2.504057847,-3.08115813,-3.542832808,-0.35629213,0.351275357,0.291053277,2.363553332,3.507693799,1.119049667,-1.048795428,-1.535556942,-1.957082377,-1.400066623,-0.265962477,0.466688874,-0.160581118,-0.644833552,-0.82297823,-0.87315983,-0.923341429,-0.948432229]}

Slot 10:
Outcome check: Positive
Index Rising data : 27.000000
Index Break data : 0.000000
Index Transition time: 16.666667
{"outcome":{"outcome":"Positive","transition_time":{"x":16.66666667,"y":-4.297476896,"i":50},"plateau_point":{"x":18.66666667,"y":43.6711011,"i":56},"increase":47.96857799,"suspect_score":1,"arm_width":2,"window_rate":11.03451951,"rise_width":1.666666667,"shape_flag":0,"climbs_fixed":0,"climb_first_i":-1},"peak_features":{"main_peak":{"x":17.66666667,"y":30.54224842,"i":53},"left_arm":{"x":16.66666667,"y":4.159975919,"i":50},"right_arm":{"x":18.66666667,"y":10.40851484,"i":56}},"time_data":[0,0.333333333,0.666666667,1,1.333333333,1.666666667,2,2.333333333,2.666666667,3,3.333333333,3.666666667,4,4.333333333,4.666666667,5,5.333333333,5.666666667,6,6.333333333,6.666666667,7,7.333333333,7.666666667,8,8.333333333,8.666666667,9,9.333333333,9.666666667,10,10.33333333,10.66666667,11,11.33333333,11.66666667,12,12.33333333,12.66666667,13,13.33333333,13.66666667,14,14.33333333,14.66666667,15,15.33333333,15.66666667,16,16.33333333,16.66666667,17,17.33333333,17.66666667,18,18.33333333,18.66666667,19,19.33333333,19.66666667,20,20.33333333,20.66666667,21,21.33333333,21.66666667,22,22.33333333,22.66666667,23,23.33333333,23.66666667,24,24.33333333,24.66666667,25,25.33333333,25.66666667,26,26.33333333,26.66666667,27,27.33333333,27.66666667,28,28.33333333,28.66666667,29,29.33333333,29.66666667],"raw_data":[272.0053,281.9325,293.8451,293.1833,295.1688,303.1105,297.1542,289.8742,301.1251,299.8015,307.7432,298.4778,299.8015,303.7723,308.405,300.4633,301.1251,297.816,300.4633,299.8015,301.1251,303.1105,299.1396,303.1105,298.4778,298.4778,297.1542,296.4924,301.1251,298.4778,306.4196,300.4633,297.816,304.4341,289.2124,309.0668,301.7869,293.8451,299.8015,295.1688,303.7723,292.5215,303.7723,304.4341,295.8306,295.8306,301.1251,295.8306,301.1251,293.8451,295.1688,307.0814,301.1251,306.4196,350.0993,340.8339,336.2012,342.1575,337.5248,342.1575,338.1866,334.8776,336.2012,339.5103,334.2157,341.4957,334.2157,332.2303,342.8193,342.1575,338.8484,338.1866,333.5539,344.1429,338.1866,341.4957,340.8339,334.8776,337.5248,342.1575,340.8339,334.8776,336.863,340.8339,338.8484,340.8339,342.1575,343.4811,337.5248,342.8193],"processed_data":[-24.9162581,-16.86218576,-10.36237361,-5.416821646,-2.02552987,-1.644490824,-2.701672575,-0.701911035,0.114608831,0.106014103,1.701815122,4.294640611,3.873490503,4.317562351,3.183026995,3.647152459,2.375093931,0.670420857,0.332348712,1.028545958,1.853665174,2.481096672,2.140160631,1.598678787,-0.011444092,-0.744884541,-1.518437373,-0.979815595,0.848049279,1.151738551,3.369243275,1.369482792,0.902489732,1.764853605,0.283650848,1.034279827,-0.025767669,0.226353104,-0.08592812,-2.730313256,-0.338042817,1.320789288,0.415449795,1.048608029,-0.466976942,0.664690158,-1.323618571,-3.013962915,-1.438214587,-1.154580913,-4.297476896,1.618736366,10.65492599,21.19236683,31.01642493,37.53142029,43.6711011,44.47043018,39.4566949,39.41658753,39.61713862,37.68899496,38.26772464,37.9325181,37.12745766,37.35379068,37.96689966,38.58860495,40.19013865,38.9295394,40.50528773,40.31619368,39.14728047,40.18440385,40.67718136,40.27608579,40.39355205,39.81482079,40.04688504,38.94672965,39.20171393,39.68876324,39.21317466,39.01548919,40.84049109,41.90626744,42.42597613,42.57323594,42.34804687,41.75040894],"differential_data":[24.16221702,21.83082674,17.16804617,12.50526561,5.658496232,-1.014214057,1.413869684,4.224422108,1.211887706,2.380809437,6.282939762,3.257513071,0.03438261,-1.035695262,-1.005614838,-1.211899596,-4.465097403,-3.064117828,0.537187651,2.281974693,2.178826072,0.429743185,-1.323626828,-3.227407084,-3.515344991,-2.260489922,-0.352396581,3.549729979,3.197331218,3.781790993,0.326616362,-3.700130314,0.593056221,-0.928258326,-1.095860667,-0.464127776,-1.211890084,-0.090240677,-4.43499954,-0.378172045,6.076653815,1.130238917,-0.408271889,-1.323640105,-0.575876806,-1.284962444,-5.51797961,-0.171894024,2.789073003,-4.288893464,4.159975919,22.42860432,29.36044569,30.54224842,24.5085802,18.98201425,10.40851484,-6.321609299,-7.580763978,0.240665584,-2.591388851,-2.024120975,0.365284709,-1.71040047,-0.868091137,1.259163002,1.852221402,3.334858486,0.511401684,0.472723626,2.07998142,-2.037010886,-0.197684746,2.294851328,0.137522908,-0.425443971,-0.691897504,-0.520000507,-1.302136706,-1.267756673,1.113050387,0.017191107,-1.009911079,2.440974644,4.336167373,2.378227551,1.00045275,-0.116893877,-1.234240505,-1.792913818,24.16221702,21.83082674,17.16804617,12.50526561,5.658496232,-1.014214057,1.413869684,4.224422108,1.211887706,2.380809437,6.282939762,3.257513071,0.03438261,-1.035695262,-1.005614838,-1.211899596,-4.465097403,-3.064117828,0.537187651,2.281974693,2.178826072,0.429743185,-1.323626828,-3.227407084,-3.515344991,-2.260489922,-0.352396581,3.549729979,3.197331218,3.781790993,0.326616362,-3.700130314,0.593056221,-0.928258326,-1.095860667,-0.464127776,-1.211890084,-0.090240677,-4.43499954,-0.378172045,6.076653815,1.130238917,-0.408271889,-1.323640105,-0.575876806,-1.284962444,-5.51797961,-0.171894024,2.789073003,-4.288893464,4.159975919,22.42860432,29.36044569,30.54224842,24.5085802,18.98201425,10.40851484,-6.321609299,-7.580763978,0.240665584,-2.591388851,-2.024120975,0.365284709,-1.71040047,-0.868091137,1.259163002,1.852221402,3.334858486,0.511401684,0.472723626,2.07998142,-2.037010886,-0.197684746,2.294851328,0.137522908,-0.425443971,-0.691897504,-0.520000507,-1.302136706,-1.267756673,1.113050387,0.017191107,-1.009911079,2.440974644,4.336167373,2.378227551,1.00045275,-0.116893877,-1.234240505,-1.792913818]}

[len] set(90) was=90 APPLIED

>>> {"Slot":[409,430,439,445,448,450,453,450,452,451,455,454,456,452,452,476,476,477,476,478,476,476,478...(372 B)
data received from Serial port

Receive long json data in 1 receiving[dash] heap free=97964 maxAlloc=86004 intFree=97964 intLargest=86004 clients=0 ap=0

{"Slot":[409,430,439,445,448,450,453,450,452,451,455,454,456,452,452,476,476,477,476,478,476,476,478,482,480,486,488,494,497,505,514,525,535,546,559,572,584,592,603,607,614,619,624,625,624,628,630,631,633,633,631,633,633,635,638,635,635,636,634,639,637,636,638,639,638,639,637,636,641,641,642,642,643,643,645,642,642,644,646,643,643,646,645,645,644,645,646,646,648,649]}0
Json data received

>>> {"Slot":[432,461,473,485,487,484,483,482,484,490,487,485,488,490,488,488,487,489,490,492,487,487,490...(372 B)
data received from Serial port

Receive long json data in 1 receiving
{"Slot":[432,461,473,485,487,484,483,482,484,490,487,485,488,490,488,488,487,489,490,492,487,487,490,493,496,497,503,502,509,522,525,533,553,566,580,588,602,620,622,633,639,641,644,650,651,651,653,648,652,656,654,654,655,656,664,655,657,659,662,663,596,596,660,664,662,663,662,666,661,662,665,666,666,666,669,668,667,666,670,666,671,673,670,668,672,673,674,671,677,672]}1
Json data received

>>> {"Slot":[407,424,438,445,450,447,452,450,449,455,449,453,451,452,450,452,454,451,453,452,451,452,458...(372 B)
data received from Serial port

Receive long json data in 1 receiving
{"Slot":[407,424,438,445,450,447,452,450,449,455,449,453,451,452,450,452,454,451,453,452,451,452,458,459,457,462,462,469,472,486,488,502,513,521,538,553,559,572,580,585,587,591,595,593,598,603,603,606,606,605,607,607,608,612,613,612,611,612,612,617,615,613,614,617,610,614,616,616,615,614,620,620,617,618,615,618,617,618,623,623,619,620,623,619,625,669,666,662,671,668]}2
Json data received

>>> {"Slot":[468,493,503,512,519,514,521,519,514,520,523,516,510,520,519,518,517,524,528,523,524,529,524...(372 B)
data received from Serial port

Receive long json data in 1 receiving
{"Slot":[468,493,503,512,519,514,521,519,514,520,523,516,510,520,519,518,517,524,528,523,524,529,524,536,544,542,553,562,576,584,602,614,633,645,657,668,673,679,683,687,687,690,693,693,694,700,696,701,699,701,700,701,703,699,706,709,702,703,706,703,775,773,778,777,777,780,780,772,783,779,781,778,778,785,781,783,783,783,785,784,783,783,789,782,786,785,784,789,787,789]}3
Json data received

>>> {"Slot":[416,436,448,457,459,462,462,461,465,464,461,461,461,461,458,460,458,462,462,463,464,462,459...(372 B)
data received from Serial port

Receive long json data in 1 receiving
{"Slot":[416,436,448,457,459,462,462,461,465,464,461,461,461,461,458,460,458,462,462,463,464,462,459,461,522,523,520,522,522,525,522,525,524,525,523,523,528,524,526,529,527,526,527,525,529,531,537,537,544,547,556,562,574,591,599,611,618,639,649,655,661,665,669,674,679,680,679,680,682,686,686,685,685,683,686,688,685,687,685,690,690,692,693,696,688,693,694,692,690,699]}4
Json data received

>>> {"Slot":[470,499,513,515,518,523,524,521,522,522,523,530,523,524,527,528,525,523,522,523,532,527,525...(372 B)
finish one round maintenance
data received from Serial port
[stack]
Receive long json data in 1 receiving
{"Slot":[470,499,513,515,518,523,524,521,522,522,523,530,523,524,527,528,525,523,522,523,532,527,525,526,531,532,538,587,548,558,564,576,593,604,625,637,653,658,668,677,684,684,695,695,695,702,701,707,697,703,709,700,702,705,707,706,707,709,706,706,709,707,709,713,713,712,712,707,713,716,708,718,714,723,717,716,721,722,716,718,719,717,719,720,714,721,722,726,728,723]}5
 Control=2128/4096 Sensor=1520/10240 Display=6080/10240 Network=2208/6144 Input=1488/6144 Setting=7016/8192 | unused=24616 B
Json data received

>>> {"Slot":[436,460,476,487,480,481,483,490,485,488,480,479,484,484,485,483,483,494,489,486,494,478,480...(372 B)
data received from Serial port

Receive long json data in 1 receiving
{"Slot":[436,460,476,487,480,481,483,490,485,488,480,479,484,484,485,483,483,494,489,486,494,478,480,489,496,502,512,502,509,523,525,548,550,560,588,594,604,611,634,628,631,641,640,654,636,656,650,646,658,658,649,657,652,662,657,658,660,649,657,655,664,656,663,662,658,671,665,658,665,650,660,660,666,675,671,660,670,677,654,676,663,675,664,667,665,659,654,662,665,675]}6
[dash] heap free=97964 maxAlloc=86004 intFree=97964 intLargest=86004 clients=0 ap=0
Json data received

>>> {"Slot":[429,453,465,470,474,477,476,476,474,478,474,476,479,477,478,455,454,454,456,455,457,456,459...(372 B)
data received from Serial port

Receive long json data in 1 receiving
{"Slot":[429,453,465,470,474,477,476,476,474,478,474,476,479,477,478,455,454,454,456,455,457,456,459,460,460,464,466,468,478,483,494,508,516,530,542,557,567,580,589,594,601,601,609,610,611,615,613,618,617,615,618,619,619,622,623,621,621,623,620,624,622,625,623,628,623,626,629,624,629,630,628,627,629,632,628,626,630,631,631,633,632,632,632,634,631,634,632,636,636,638]}7
Json data received

>>> {"Slot":[352,371,378,383,382,388,383,389,388,388,386,392,388,389,387,388,390,387,387,392,390,388,393...(372 B)
data received from Serial port

Receive long json data in 1 receiving
{"Slot":[352,371,378,383,382,388,383,389,388,388,386,392,388,389,387,388,390,387,387,392,390,388,393,395,395,400,398,405,406,413,421,430,441,452,463,472,481,490,499,498,508,510,515,517,519,519,517,523,522,525,526,526,525,524,523,523,526,526,525,530,528,526,526,530,533,524,529,530,530,530,531,533,530,532,534,532,531,534,535,530,537,532,535,532,534,536,534,537,537,536]}8
Json data received

>>> {"Slot":[410,425,442,448,449,449,454,452,452,451,451,453,453,452,455,454,454,455,454,455,449,455,453...(372 B)
data received from Serial port

Receive long json data in 1 receiving
{"Slot":[410,425,442,448,449,449,454,452,452,451,451,453,453,452,455,454,454,455,454,455,449,455,453,454,453,454,453,455,454,456,454,454,449,454,454,452,457,452,449,455,453,454,453,453,452,454,453,459,456,450,451,452,454,457,449,456,452,449,452,453,453,457,453,453,455,454,449,452,454,453,450,452,450,452,454,454,452,456,454,454,455,453,452,455,452,456,453,449,456,457]}9
Json data received

>>> getResult
data received from Serial port
getResult
<AmpStart/>
<AmpStart>
{"calibration":{"slopes":[1.508,1.622,1.504,1.73,1.542,1.743,1.617,1.59,1.294,1.511],"origins":[0,0,0,0,0,0,0,0,0,0]},"led_power":[150,150,150,150,150,150,150,150,150,150],"units":"nM FAM","device_id":"RPL01015","slots":10,"amplification_time":30,"reading_interval":0.333333,"software_version":"v2.4.5AT1"}
Amplification Time[min],Sensor 1 Fluorescence[nM FAM],Sensor 2 Fluorescence[nM FAM],Sensor 3 Fluorescence[nM FAM],Sensor 4 Fluorescence[nM FAM],Sensor 5 Fluorescence[nM FAM],Temperature[C]
0.00,271.22,266.34,270.61,270.52,269.78,269.65,269.64,269.81,272.02,271.34,65.80
0.33,285.15,284.22,281.91,284.97,282.75,286.29,284.48,284.91,286.71,281.27,65.80
0.67,291.11,291.62,291.22,290.75,290.53,294.32,294.37,292.45,292.12,292.52,65.80
1.00,295.09,299.01,295.88,295.95,296.37,295.47,301.18,295.60,295.98,296.49,65.80
1.33,297.08,300.25,299.20,300.00,297.67,297.19,296.85,298.11,295.21,297.15,65.80
1.67,298.41,298.40,297.21,297.11,299.61,300.06,297.46,300.00,299.85,297.15,65.80
2.00,300.40,297.78,300.53,301.16,299.61,300.63,298.70,299.37,295.98,300.46,65.80
2.33,298.41,297.16,299.20,300.00,298.96,298.91,303.03,299.37,300.62,299.14,65.80
2.67,299.73,298.40,298.54,297.11,301.56,299.48,299.94,298.11,299.85,299.14,65.80
3.00,299.07,302.10,302.53,300.58,300.91,299.48,301.79,300.63,299.85,298.48,65.80
3.33,301.72,300.25,298.54,302.31,298.96,300.06,296.85,298.11,298.30,298.48,65.80
3.67,301.06,299.01,301.20,298.27,298.96,304.07,296.23,299.37,302.94,299.80,65.80
4.00,302.39,300.86,299.87,294.80,298.96,300.06,299.32,301.26,299.85,299.80,65.80
4.33,299.73,302.10,300.53,300.58,298.96,300.63,299.32,300.00,300.62,299.14,65.80
4.67,299.73,300.86,299.20,300.00,297.02,302.35,299.94,300.63,299.07,301.13,65.80
5.00,315.65,300.86,300.53,299.42,298.31,302.93,298.70,286.16,299.85,300.46,65.80
5.33,315.65,300.25,301.86,298.84,297.02,301.20,298.70,285.53,301.39,300.46,65.80
5.67,316.31,301.48,299.87,302.89,299.61,300.06,305.50,285.53,299.07,301.13,65.80
6.00,315.65,302.10,301.20,305.20,299.61,299.48,302.41,286.79,299.07,300.46,65.80
6.33,316.98,303.33,300.53,302.31,300.26,300.06,300.56,286.16,302.94,301.13,65.80
6.67,315.65,300.25,299.87,302.89,300.91,305.22,305.50,287.42,301.39,297.15,65.80
7.00,315.65,300.25,300.53,305.78,299.61,302.35,295.61,286.79,299.85,301.13,65.80
7.33,316.98,302.10,304.52,302.89,297.67,301.20,296.85,288.68,303.71,299.80,65.80
7.67,319.63,303.95,305.19,309.83,298.96,301.78,302.41,289.31,305.26,300.46,65.80
8.00,318.30,305.80,303.86,314.45,338.52,304.65,306.74,289.31,305.26,299.80,65.80
8.33,322.28,306.41,307.18,313.29,339.17,305.22,310.45,291.82,309.12,300.46,65.80
8.67,323.61,310.11,307.18,319.65,337.22,308.66,316.64,293.08,307.57,299.80,65.80
9.00,327.59,309.49,311.84,324.86,338.52,336.78,310.45,294.34,312.98,301.13,65.80
9.33,329.58,313.81,313.83,332.95,338.52,314.40,314.78,300.63,313.76,300.46,65.80
9.67,334.88,321.82,323.14,337.57,340.47,320.14,323.44,303.77,319.17,301.79,65.80
10.00,340.85,323.67,324.47,347.98,338.52,323.58,324.68,310.69,325.35,300.46,65.80
10.33,348.14,328.61,333.78,354.91,340.47,330.46,338.90,319.50,332.30,300.46,65.80
10.67,354.77,340.94,341.09,365.90,339.82,340.22,340.14,324.53,340.80,297.15,65.80
11.00,362.07,348.95,346.41,372.83,340.47,346.53,346.32,333.33,349.30,300.46,65.80
11.33,370.69,357.58,357.71,379.77,339.17,358.58,363.64,340.88,357.81,300.46,65.80
11.67,379.31,362.52,367.69,386.13,339.17,365.46,367.35,350.31,364.76,299.14,65.80
12.00,387.27,371.15,371.68,389.02,342.41,374.64,373.53,356.60,371.72,302.45,65.80
12.33,392.57,382.24,380.32,392.49,339.82,377.51,377.86,364.78,378.67,299.14,65.80
12.67,399.87,383.48,385.64,394.80,341.12,383.25,392.08,370.44,385.63,297.15,65.80
13.00,402.52,390.26,388.96,397.11,343.06,388.41,388.37,373.58,384.85,301.13,65.80
13.33,407.16,393.96,390.29,397.11,341.76,392.43,390.23,377.99,392.58,299.80,65.80
13.67,410.48,395.19,392.95,398.84,341.12,392.43,396.41,377.99,394.13,300.46,65.80
14.00,413.79,397.04,395.61,400.58,341.76,398.74,395.79,383.02,397.99,299.80,65.80
14.33,414.46,400.74,394.28,400.58,340.47,398.74,404.45,383.65,399.54,299.80,65.80
14.67,413.79,401.36,397.61,401.16,343.06,398.74,393.32,384.28,401.08,299.14,65.80
15.00,416.45,401.36,400.93,404.62,344.36,402.75,405.69,386.79,401.08,300.46,65.80
15.33,417.77,402.59,400.93,402.31,348.25,402.18,401.98,385.53,399.54,299.80,65.80
15.67,418.43,399.51,402.93,405.20,348.25,405.62,399.51,388.68,404.17,303.77,65.80
16.00,419.76,401.97,402.93,404.05,352.79,399.89,406.93,388.05,403.40,301.79,65.80
16.33,419.76,404.44,402.26,405.20,354.73,403.33,406.93,386.79,405.72,297.82,65.80
16.67,418.43,403.21,403.59,404.62,360.57,406.77,401.36,388.68,406.49,298.48,65.80
17.00,419.76,403.21,403.59,405.20,364.46,401.61,406.31,389.31,406.49,299.14,65.80
17.33,419.76,403.82,404.26,406.36,372.24,402.75,403.22,389.31,405.72,300.46,65.80
17.67,421.09,404.44,406.91,404.05,383.27,404.48,409.40,391.19,404.95,302.45,65.80
18.00,423.08,409.37,407.58,408.09,388.46,405.62,406.31,391.82,404.17,297.15,65.80
18.33,421.09,403.82,406.91,409.83,396.24,405.05,406.93,390.57,404.17,301.79,65.80
18.67,421.09,405.06,406.25,405.78,400.78,405.62,408.16,390.57,406.49,299.14,65.80
19.00,421.75,406.29,406.91,406.36,414.40,406.77,401.36,391.82,406.49,297.15,65.80
19.33,420.42,408.14,406.91,408.09,420.88,405.05,406.31,389.94,405.72,299.14,65.80
19.67,423.74,408.75,410.24,406.36,424.77,405.05,405.07,392.45,409.58,299.80,65.80
20.00,422.41,367.45,408.91,447.98,428.66,406.77,410.64,391.19,408.04,299.80,65.80
20.33,421.75,367.45,407.58,446.82,431.26,405.62,405.69,393.08,406.49,302.45,65.80
20.67,423.08,406.91,408.24,449.71,433.85,406.77,410.02,391.82,406.49,299.80,65.80
21.00,423.74,409.37,410.24,449.13,437.09,409.06,409.40,394.97,409.58,299.80,65.80
21.33,423.08,408.14,405.59,449.13,440.34,409.06,406.93,391.82,411.90,301.13,65.80
21.67,423.74,408.75,408.24,450.87,440.99,408.49,414.97,393.71,404.95,300.46,65.80
22.00,422.41,408.14,409.57,450.87,440.34,408.49,411.26,395.60,408.81,297.15,65.80
22.33,421.75,410.60,409.57,446.24,440.99,405.62,406.93,392.45,409.58,299.14,65.80
22.67,425.07,407.52,408.91,452.60,442.28,409.06,411.26,395.60,409.58,300.46,65.80
23.00,425.07,408.14,408.24,450.29,444.88,410.79,401.98,396.23,409.58,299.80,65.80
23.33,425.73,409.99,412.23,451.45,444.88,406.20,408.16,394.97,410.36,297.82,65.80
23.67,425.73,410.60,412.23,449.71,444.23,411.93,408.16,394.34,411.90,299.14,65.80
24.00,426.39,410.60,410.24,449.71,444.23,409.64,411.87,395.60,409.58,297.82,65.80
24.33,426.39,410.60,410.90,453.76,442.93,414.80,417.44,397.48,411.13,299.14,65.80
24.67,427.72,412.45,408.91,451.45,444.88,411.36,414.97,394.97,412.67,300.46,65.80
25.00,425.73,411.84,410.90,452.60,446.17,410.79,408.16,393.71,411.13,300.46,65.80
25.33,425.73,411.22,410.24,452.60,444.23,413.65,414.35,396.23,410.36,299.14,65.80
25.67,427.06,410.60,410.90,452.60,445.53,414.23,418.68,396.86,412.67,301.79,65.80
26.00,428.38,413.07,414.23,453.76,444.23,410.79,404.45,396.86,413.45,300.46,65.80
26.33,426.39,410.60,414.23,453.18,447.47,411.93,418.06,398.11,409.58,300.46,65.80
26.67,426.39,413.69,411.57,452.60,447.47,412.51,410.02,397.48,414.99,301.13,65.80
27.00,428.38,414.92,412.23,452.60,448.77,411.36,417.44,397.48,411.13,299.80,65.80
27.33,427.72,413.07,414.23,456.07,449.42,412.51,410.64,397.48,413.45,299.14,65.80
27.67,427.72,411.84,411.57,452.02,451.36,413.08,412.49,398.74,411.13,301.13,65.80
28.00,427.06,414.30,415.56,454.34,446.17,409.64,411.26,396.86,412.67,299.14,65.80
28.33,427.72,414.92,444.81,453.76,449.42,413.65,407.54,398.74,414.22,301.79,65.80
28.67,428.38,415.54,442.82,453.18,450.06,414.23,404.45,397.48,412.67,299.80,65.80
29.00,428.38,413.69,440.16,456.07,448.77,416.52,409.40,400.00,414.99,297.15,65.80
29.33,429.71,417.39,446.14,454.91,447.47,417.67,411.26,400.00,414.99,301.79,65.80
29.67,430.37,414.30,444.15,456.07,453.31,414.80,417.44,401.26,414.22,302.45,65.80
load algo para from flash
Slot 1:
Outcome check: Positive
Index Rising data : 7.000000
Index Break data : 0.000000
Index Transition time: 8.666667
{"outcome":{"outcome":"Positive","transition_time":{"x":8.666666667,"y":23.41909645,"i":26},"plateau_point":{"x":13.66666667,"y":110.0508556,"i":41},"increase":86.63175918,"suspect_score":1,"arm_width":4.333333333,"window_rate":19.22000291,"rise_width":5.666666667,"shape_flag":0,"climbs_fixed":0,"climb_first_i":-1},"peak_features":{"main_peak":{"x":11.33333333,"y":24.13104506,"i":34},"left_arm":{"x":9,"y":10.26990737,"i":27},"right_arm":{"x":13.33333333,"y":10.52395689,"i":40}},"time_data":[0,0.333333333,0.666666667,1,1.333333333,1.666666667,2,2.333333333,2.666666667,3,3.333333333,3.666666667,4,4.333333333,4.666666667,5,5.333333333,5.666666667,6,6.333333333,6.666666667,7,7.333333333,7.666666667,8,8.333333333,8.666666667,9,9.333333333,9.666666667,10,10.33333333,10.66666667,11,11.33333333,11.66666667,12,12.33333333,12.66666667,13,13.33333333,13.66666667,14,14.33333333,14.66666667,15,15.33333333,15.66666667,16,16.33333333,16.66666667,17,17.33333333,17.66666667,18,18.33333333,18.66666667,19,19.33333333,19.66666667,20,20.33333333,20.66666667,21,21.33333333,21.66666667,22,22.33333333,22.66666667,23,23.33333333,23.66666667,24,24.33333333,24.66666667,25,25.33333333,25.66666667,26,26.33333333,26.66666667,27,27.33333333,27.66666667,28,28.33333333,28.66666667,29,29.33333333,29.66666667],"raw_data":[271.2202,285.1459,291.114,295.0928,297.0822,298.4085,300.3979,298.4085,299.7347,299.0716,301.7241,301.061,302.3873,299.7347,299.7347,315.6499,315.6499,316.313,315.6499,316.9761,315.6499,315.6499,316.9761,319.6286,318.3024,322.2812,323.6074,327.5862,329.5756,334.8806,340.8488,348.1432,354.7745,362.069,370.6896,379.3103,387.2679,392.5729,399.8674,402.5199,407.1618,410.4774,413.7931,414.4562,413.7931,416.4456,417.7719,418.435,419.7613,419.7613,418.435,419.7613,419.7613,421.0875,423.0769,421.0875,421.0875,421.7507,420.4244,423.7401,422.4138,421.7507,423.0769,423.7401,423.0769,423.7401,422.4138,421.7507,425.0663,425.0663,425.7294,425.7294,426.3926,426.3926,427.7188,425.7294,425.7294,427.0557,428.382,426.3926,426.3926,428.382,427.7188,427.7188,427.0557,427.7188,428.382,428.382,429.7082,430.3713],"processed_data":[-26.14341764,-17.97486147,-11.30337139,-6.128947389,-2.451589477,-1.610475086,-1.280341739,-0.921506147,-0.680367606,-0.045945205,0.30714793,-0.677498689,0.137777617,2.506100741,5.64951156,9.358445205,13.04154526,16.12754234,17.04329414,15.42135514,15.82612088,15.95530417,16.72751726,17.59446287,19.43457652,21.28904202,23.41909645,26.15487275,30.26570136,34.84158655,40.54565364,46.97887232,54.48572887,62.48060548,70.42381188,78.56796886,86.12076017,92.78364015,98.27240875,103.0348844,107.1055249,110.0508556,112.0373724,113.89471,114.9827019,116.0190216,117.1041424,118.0399844,118.8351661,118.8897068,118.9040608,119.4781999,119.9690879,120.52026,121.2350649,121.0255081,121.2293314,121.2924884,121.1977613,121.6254922,122.0474832,122.30871,122.7938551,122.7163445,122.5957764,122.641709,122.6101383,122.9574927,123.5775619,124.2952319,125.0961543,125.9286564,126.0119085,126.0607104,125.9458828,126.2731383,126.3850915,126.2616528,126.3850933,126.8874694,127.140095,127.0166548,126.9391469,127.2979821,127.2836273,127.2520501,127.6381562,128.2438692,129.0691891,130.114116],"differential_data":[24.5056685,22.26006937,17.76887112,13.27767286,6.777708455,1.756871607,1.033453409,0.899961199,1.313341413,1.481273304,-0.947330227,-0.254055469,4.775399146,8.267600914,10.2785167,11.08805055,10.1536457,6.002623323,-1.059280792,-1.825759888,0.800923533,1.352094576,2.458738055,4.060588886,5.54186873,5.976779888,7.298746084,10.26990737,13.03007071,15.41992841,18.20592865,20.91011285,23.25259974,23.90712451,24.13104506,23.54542244,21.32350694,18.22747288,15.37686633,13.24967421,10.52395689,7.397771266,5.765781551,4.417994313,3.186467356,3.182160613,3.031444203,2.596535621,1.274583693,0.103342032,0.882739575,1.597540719,1.563090139,1.898965414,0.757872148,-0.00860021,0.400470486,-0.047355156,0.499505774,1.2745829,1.024826644,1.119557765,0.611451781,-0.297117952,-0.111953339,0.021542834,0.473675616,1.451135412,2.006608839,2.277888509,2.450136655,1.373631267,0.198081078,-0.099038458,0.318641762,0.65881308,-0.017228164,2.576159169e-6,0.938724865,1.132502568,0.1937781,-0.301422119,0.421990927,0.51672066,-0.06889799,0.531793233,1.487728585,2.146549393,2.805370202,3.134780606,24.5056685,22.26006937,17.76887112,13.27767286,6.777708455,1.756871607,1.033453409,0.899961199,1.313341413,1.481273304,-0.947330227,-0.254055469,4.775399146,8.267600914,10.2785167,11.08805055,10.1536457,6.002623323,-1.059280792,-1.825759888,0.800923533,1.352094576,2.458738055,4.060588886,5.54186873,5.976779888,7.298746084,10.26990737,13.03007071,15.41992841,18.20592865,20.91011285,23.25259974,23.90712451,24.13104506,23.54542244,21.32350694,18.22747288,15.37686633,13.24967421,10.52395689,7.397771266,5.765781551,4.417994313,3.186467356,3.182160613,3.031444203,2.596535621,1.274583693,0.103342032,0.882739575,1.597540719,1.563090139,1.898965414,0.757872148,-0.00860021,0.400470486,-0.047355156,0.499505774,1.2745829,1.024826644,1.119557765,0.611451781,-0.297117952,-0.111953339,0.021542834,0.473675616,1.451135412,2.006608839,2.277888509,2.450136655,1.373631267,0.198081078,-0.099038458,0.318641762,0.65881308,-0.017228164,2.576159169e-6,0.938724865,1.132502568,0.1937781,-0.301422119,0.421990927,0.51672066,-0.06889799,0.531793233,1.487728585,2.146549393,2.805370202,3.134780606]}

Slot 2: neutralised 1 vertical climb(s)
Slot 2:
Outcome check: Positive
Index Rising data : 6.666667
Index Break data : 0.000000
Index Transition time: 9.000000
{"outcome":{"outcome":"Positive","transition_time":{"x":9,"y":12.24504453,"i":27},"plateau_point":{"x":13.33333333,"y":93.86892832,"i":40},"increase":81.6238838,"suspect_score":0,"arm_width":3.666666667,"window_rate":19.70204153,"rise_width":4,"shape_flag":0,"climbs_fixed":0,"climb_first_i":-1},"peak_features":{"main_peak":{"x":11.33333333,"y":26.61056281,"i":34},"left_arm":{"x":9.333333333,"y":10.82918162,"i":28},"right_arm":{"x":13,"y":12.31845489,"i":39}},"time_data":[0,0.333333333,0.666666667,1,1.333333333,1.666666667,2,2.333333333,2.666666667,3,3.333333333,3.666666667,4,4.333333333,4.666666667,5,5.333333333,5.666666667,6,6.333333333,6.666666667,7,7.333333333,7.666666667,8,8.333333333,8.666666667,9,9.333333333,9.666666667,10,10.33333333,10.66666667,11,11.33333333,11.66666667,12,12.33333333,12.66666667,13,13.33333333,13.66666667,14,14.33333333,14.66666667,15,15.33333333,15.66666667,16,16.33333333,16.66666667,17,17.33333333,17.66666667,18,18.33333333,18.66666667,19,19.33333333,19.66666667,20,20.33333333,20.66666667,21,21.33333333,21.66666667,22,22.33333333,22.66666667,23,23.33333333,23.66666667,24,24.33333333,24.66666667,25,25.33333333,25.66666667,26,26.33333333,26.66666667,27,27.33333333,27.66666667,28,28.33333333,28.66666667,29,29.33333333,29.66666667],"raw_data":[266.3379,284.217,291.6153,299.0136,300.2466,298.397,297.7805,297.164,298.397,302.0962,300.2466,299.0136,300.8631,302.0962,300.8631,300.8631,300.2466,301.4796,302.0962,303.3292,300.2466,300.2466,302.0962,303.9457,305.7953,306.4118,310.111,309.4944,313.8101,321.8249,323.6745,328.6067,340.9371,348.9519,357.5832,362.5154,371.1467,382.2441,383.4772,390.2589,393.9581,395.1911,397.0407,400.7398,401.3564,401.3564,402.5894,399.5068,401.9729,404.439,403.2059,403.2059,403.8224,404.439,409.3712,403.8224,405.0555,406.2885,408.1381,408.7546,408.1381124,407.5215861,406.9051,409.3712,408.1381,408.7546,408.1381,410.6042,407.5216,408.1381,409.9877,410.6042,410.6042,410.6042,412.4538,411.8372,411.2207,410.6042,413.0703,410.6042,413.6868,414.9199,413.0703,411.8372,414.3033,414.9199,415.5364,413.6868,417.386,414.3033],"processed_data":[-28.74972386,-18.24081079,-9.883055901,-3.676459203,0.378979307,-0.242883591,-0.392345478,-0.691267402,-0.539132783,0.080060686,0.910099971,1.483920143,1.604021213,1.257057355,1.550635796,1.68408071,1.972326634,2.121785746,2.175166407,2.028378705,2.020371738,2.233887511,2.650235527,4.072778611,5.909001074,7.216776002,9.464017265,12.24504453,15.06076222,19.46449894,25.10127741,32.77445105,40.32751901,47.8378856,57.29924084,65.57826081,72.6349124,79.65953903,85.65662506,90.47404592,93.86892832,96.35370335,98.89452517,100.5866275,101.456696,101.918414,102.3507749,102.4708771,102.844531,103.298254,103.3703192,104.9796855,105.3826952,105.5641789,106.0018818,106.4315759,106.9573553,107.4217507,107.6646243,108.5320281,108.8069318,108.7508805,108.676153,108.5186816,109.1645601,109.498175,109.4074286,109.1378655,109.4661442,109.7623928,110.039963,110.4910116,111.5959496,112.1030526,111.9349122,112.279207,112.132416,112.0736953,112.4366664,113.2266657,113.5496059,113.8271807,113.899246,114.6572264,114.2809057,114.9187769,115.199015,115.52596,115.8996119,116.3199705],"differential_data":[31.52673922,28.30000194,21.84652738,15.39305281,5.150363417,-1.156987178,-0.672575715,-0.220180957,1.156992132,2.173849131,2.105789185,1.040881863,-0.340294182,-0.080078125,0.640535033,0.632536256,0.656557554,0.304259659,-0.140110561,-0.232192002,0.308263209,0.944795683,2.758336649,4.88814832,4.715996086,5.332524287,7.542402788,8.395117425,10.82918162,15.06077278,19.96492817,22.8393624,22.59515183,25.45758275,26.61056281,23.00350734,21.12191733,19.53256899,16.22176034,12.31845489,8.819486147,7.538395275,6.34938624,3.84325617,1.997679673,1.341118354,0.828694728,0.740634274,1.241065285,0.788682219,2.522147241,3.018564001,0.876740096,0.928779899,1.301095541,1.433210299,1.485262256,1.060903508,1.665416107,1.713461277,0.328278513,-0.196168247,-0.348298374,0.732610661,1.469240197,0.364302664,-0.540464327,0.088073532,0.936790962,0.860728078,1.092928205,2.333980015,2.418061492,0.508443857,0.264231694,0.296255731,-0.308267569,0.456375518,1.729455527,1.669409219,0.900772491,0.524460235,1.245068637,0.572489553,0.392325661,1.377163994,0.910774766,1.050895235,1.191015704,1.261075939,31.52673922,28.30000194,21.84652738,15.39305281,5.150363417,-1.156987178,-0.672575715,-0.220180957,1.156992132,2.173849131,2.105789185,1.040881863,-0.340294182,-0.080078125,0.640535033,0.632536256,0.656557554,0.304259659,-0.140110561,-0.232192002,0.308263209,0.944795683,2.758336649,4.88814832,4.715996086,5.332524287,7.542402788,8.395117425,10.82918162,15.06077278,19.96492817,22.8393624,22.59515183,25.45758275,26.61056281,23.00350734,21.12191733,19.53256899,16.22176034,12.31845489,8.819486147,7.538395275,6.34938624,3.84325617,1.997679673,1.341118354,0.828694728,0.740634274,1.241065285,0.788682219,2.522147241,3.018564001,0.876740096,0.928779899,1.301095541,1.433210299,1.485262256,1.060903508,1.665416107,1.713461277,0.328278513,-0.196168247,-0.348298374,0.732610661,1.469240197,0.364302664,-0.540464327,0.088073532,0.936790962,0.860728078,1.092928205,2.333980015,2.418061492,0.508443857,0.264231694,0.296255731,-0.308267569,0.456375518,1.729455527,1.669409219,0.900772491,0.524460235,1.245068637,0.572489553,0.392325661,1.377163994,0.910774766,1.050895235,1.191015704,1.261075939]}

Slot 3: neutralised 1 vertical climb(s)
Slot 3:
Outcome check: Positive
Index Rising data : 8.000000
Index Break data : 0.000000
Index Transition time: 8.666667
[dash] heap free=83516 maxAlloc=69620 intFree=83516 intLargest=69620 clients=0 ap=0
{"outcome":{"outcome":"Positive","transition_time":{"x":8.666666667,"y":8.289586715,"i":26},"plateau_point":{"x":13.33333333,"y":91.32356956,"i":40},"increase":83.03398284,"suspect_score":1,"arm_width":4,"window_rate":19.32220961,"rise_width":4.333333333,"shape_flag":0,"climbs_fixed":0,"climb_first_i":-1},"peak_features":{"main_peak":{"x":11.33333333,"y":25.42569525,"i":34},"left_arm":{"x":9,"y":10.65124036,"i":27},"right_arm":{"x":13,"y":10.18929063,"i":39}},"time_data":[0,0.333333333,0.666666667,1,1.333333333,1.666666667,2,2.333333333,2.666666667,3,3.333333333,3.666666667,4,4.333333333,4.666666667,5,5.333333333,5.666666667,6,6.333333333,6.666666667,7,7.333333333,7.666666667,8,8.333333333,8.666666667,9,9.333333333,9.666666667,10,10.33333333,10.66666667,11,11.33333333,11.66666667,12,12.33333333,12.66666667,13,13.33333333,13.66666667,14,14.33333333,14.66666667,15,15.33333333,15.66666667,16,16.33333333,16.66666667,17,17.33333333,17.66666667,18,18.33333333,18.66666667,19,19.33333333,19.66666667,20,20.33333333,20.66666667,21,21.33333333,21.66666667,22,22.33333333,22.66666667,23,23.33333333,23.66666667,24,24.33333333,24.66666667,25,25.33333333,25.66666667,26,26.33333333,26.66666667,27,27.33333333,27.66666667,28,28.33333333,28.66666667,29,29.33333333,29.66666667],"raw_data":[270.6117,281.9149,291.2234,295.8777,299.2021,297.2074,300.5319,299.2021,298.5372,302.5266,298.5372,301.1968,299.867,300.5319,299.2021,300.5319,301.8617,299.867,301.1968,300.5319,299.867,300.5319,304.5213,305.1862,303.8564,307.1808,307.1808,311.8351,313.8298,323.1383,324.4681,333.7766,341.0904,346.4095,357.7127,367.6862,371.6755,380.3191,385.6383,388.9627,390.2925,392.9521,395.6117,394.2819,397.6064,400.9308,400.9308,402.9255,402.9255,402.2606,403.5904,403.5904,404.2553,406.9149,407.5798,406.9149,406.25,406.9149,406.9149,410.2393,408.9095,407.5798,408.2447,410.2393,405.5851,408.2447,409.5745,409.5745,408.9095,408.2447,412.234,412.234,410.2393,410.9042,408.9095,410.9042,410.2393,410.9042,414.2287,414.2287,411.5691,412.234,414.2287,411.5691,415.5585,415.5585,415.5585,415.5585,415.5585,415.5585],"processed_data":[-27.63596247,-18.54304264,-11.17423981,-5.529553976,-1.608985141,-0.869254504,-0.307980888,-0.39433097,-0.195721383,0.201492111,0.178464287,0.279203341,0.08059415,-0.040296282,0.368421811,0.302222974,0.667773358,0.650504901,0.359790092,0.261927749,0.909548144,1.735630184,2.768951416,3.831062218,5.299009909,6.191291974,8.289586715,11.1707905,15.39041362,20.55989227,26.40001953,32.74385276,40.78877635,48.4451257,57.29885574,65.39558919,73.31098561,79.98007268,84.53070914,88.45962894,91.32356956,92.70804388,94.40337857,96.06993321,97.99553268,99.71389229,101.0350451,102.3964943,102.770671,102.7447598,103.2628602,103.9853249,105.0934867,106.0116736,106.5671938,106.6967193,107.062266,107.3644883,107.7185228,108.0236234,108.9072717,108.725933,108.2826679,107.7818403,108.1186103,108.5388456,108.2596494,108.5302098,109.8686275,110.1334299,110.6486476,110.772415,110.9566306,110.7321233,109.7707661,109.9636145,111.1034298,111.828769,112.4332158,112.9541893,112.9052534,112.8534444,112.8189079,113.4895627,114.5056177,115.0496267,115.3944527,115.5867259,115.6264463,115.5136138],"differential_data":[27.27875949,24.69258399,19.520233,14.347882,6.990449207,1.951506379,0.712385301,0.168389258,0.893734622,0.561278504,0.116566844,-0.146805206,-0.479249434,0.431741492,0.513778885,0.449027322,0.52242289,-0.461974899,-0.582865727,0.824637079,2.210553652,2.789104908,3.143148051,3.79508774,3.540344635,4.485865209,7.469247793,10.65124036,14.08365264,16.51440885,18.27594073,21.58313523,23.55190941,24.76511908,25.42569525,24.01819482,21.87672523,16.82958529,12.71933439,10.18929063,6.372622403,4.619713523,5.042833997,5.388231154,5.465938618,4.559268704,4.023902992,2.603438737,0.522398317,0.738283826,1.860847572,2.745939775,3.039523038,2.210560588,1.027568669,0.742608405,1.001653498,0.984385106,0.988702551,1.783123462,1.053464419,-0.9369057,-1.416139082,-0.246086418,1.135507955,0.211558553,-0.012953721,2.413467209,2.40483014,1.170030074,0.958477664,0.461974503,-0.060437487,-1.778796704,-1.152763268,1.998995496,2.79773187,1.994679042,1.688130366,0.708056363,-0.1511173,-0.129518187,0.95417746,2.530064769,2.340096015,1.333252468,0.805648744,0.347990299,-0.109668147,-0.33849737,27.27875949,24.69258399,19.520233,14.347882,6.990449207,1.951506379,0.712385301,0.168389258,0.893734622,0.561278504,0.116566844,-0.146805206,-0.479249434,0.431741492,0.513778885,0.449027322,0.52242289,-0.461974899,-0.582865727,0.824637079,2.210553652,2.789104908,3.143148051,3.79508774,3.540344635,4.485865209,7.469247793,10.65124036,14.08365264,16.51440885,18.27594073,21.58313523,23.55190941,24.76511908,25.42569525,24.01819482,21.87672523,16.82958529,12.71933439,10.18929063,6.372622403,4.619713523,5.042833997,5.388231154,5.465938618,4.559268704,4.023902992,2.603438737,0.522398317,0.738283826,1.860847572,2.745939775,3.039523038,2.210560588,1.027568669,0.742608405,1.001653498,0.984385106,0.988702551,1.783123462,1.053464419,-0.9369057,-1.416139082,-0.246086418,1.135507955,0.211558553,-0.012953721,2.413467209,2.40483014,1.170030074,0.958477664,0.461974503,-0.060437487,-1.778796704,-1.152763268,1.998995496,2.79773187,1.994679042,1.688130366,0.708056363,-0.1511173,-0.129518187,0.95417746,2.530064769,2.340096015,1.333252468,0.805648744,0.347990299,-0.109668147,-0.33849737]}

Slot 4: neutralised 1 vertical climb(s)
Slot 4:
Outcome check: Positive
Index Rising data : 7.333333
Index Break data : 0.000000
Index Transition time: 8.000000
{"outcome":{"outcome":"Positive","transition_time":{"x":8,"y":12.32641403,"i":24},"plateau_point":{"x":12.33333333,"y":93.46645814,"i":37},"increase":81.14004411,"suspect_score":0,"arm_width":4,"window_rate":19.48552132,"rise_width":4.333333333,"shape_flag":0,"climbs_fixed":0,"climb_first_i":-1},"peak_features":{"main_peak":{"x":10.33333333,"y":25.83889156,"i":31},"left_arm":{"x":8,"y":10.16065167,"i":24},"right_arm":{"x":12,"y":11.03521154,"i":36}},"time_data":[0,0.333333333,0.666666667,1,1.333333333,1.666666667,2,2.333333333,2.666666667,3,3.333333333,3.666666667,4,4.333333333,4.666666667,5,5.333333333,5.666666667,6,6.333333333,6.666666667,7,7.333333333,7.666666667,8,8.333333333,8.666666667,9,9.333333333,9.666666667,10,10.33333333,10.66666667,11,11.33333333,11.66666667,12,12.33333333,12.66666667,13,13.33333333,13.66666667,14,14.33333333,14.66666667,15,15.33333333,15.66666667,16,16.33333333,16.66666667,17,17.33333333,17.66666667,18,18.33333333,18.66666667,19,19.33333333,19.66666667,20,20.33333333,20.66666667,21,21.33333333,21.66666667,22,22.33333333,22.66666667,23,23.33333333,23.66666667,24,24.33333333,24.66666667,25,25.33333333,25.66666667,26,26.33333333,26.66666667,27,27.33333333,27.66666667,28,28.33333333,28.66666667,29,29.33333333,29.66666667],"raw_data":[270.5202,284.9711,290.7514,295.9538,300,297.1098,301.1561,300,297.1098,300.578,302.3121,298.2659,294.7977,300.578,300,299.422,298.8439,302.8902,305.2023,302.3121,302.8902,305.7803,302.8902,309.8266,314.4509,313.2948,319.6532,324.8555,332.948,337.5723,347.9769,354.9133,365.8959,372.8324,379.7688,386.1272,389.0173,392.4855,394.7977,397.1098,397.1098,398.8439,400.578,400.578,401.1561,404.6243,402.3121,405.2023,404.0462,405.2023,404.6243,405.2023,406.3584,404.0462,408.0925,409.8266,405.7803,406.3584,408.0925,406.3584,405.7803,404.6243,407.5144,406.9364,406.9364,408.6705,408.6705,404.0462,410.4046,408.0925,409.2485,407.5144,407.5144,411.5607,409.2485,410.4046,410.4046,410.4046,411.5607,410.9827,410.4046,410.4046,413.8728,409.8266,412.1387,411.5607,410.9827,413.8728,412.7168,413.8728],"processed_data":[-26.04407903,-16.87434729,-9.49877495,-3.917362005,-0.130108458,0.252747243,0.377864557,0.695655063,1.000936797,0.510484175,-0.290254799,-0.220190139,-0.015000777,-0.878297484,-0.860781319,0.940881374,2.334667652,2.399727693,3.715942383,4.036235198,4.38405804,5.42252155,6.826324199,9.506302474,12.32641403,16.28007025,21.01445027,25.95651853,32.0821878,40.16215984,48.26965993,56.85259336,65.49558763,73.7707398,80.46693559,86.10965045,90.26849933,93.46645814,95.59843465,97.31001922,98.83393272,99.61716068,100.9133587,101.7190996,102.9652496,103.7059331,104.4691375,105.1247425,105.3749734,105.6752506,105.8103753,105.652727,106.7762685,107.3543053,107.7296536,108.1600515,108.3452217,108.4778421,107.2742281,106.8288124,107.1541154,106.9038844,106.981456,108.1500345,108.0324231,108.4728342,108.3277036,108.8156559,109.013339,108.580436,109.1784906,109.8591159,109.5563357,110.2319678,110.5422606,111.2604292,111.5982448,111.4230837,111.4506137,111.9110386,111.9535733,112.1112154,112.2213151,112.161259,112.4915645,112.5891565,112.9344765,113.3924009,113.9629297,114.646063],"differential_data":[27.50919522,24.81795613,19.43547793,14.05299974,6.255163871,0.761959522,0.664361731,0.93460836,-0.277756332,-1.936787395,-1.096011471,0.412881034,-0.987161017,-1.268670813,2.728768287,4.793173456,2.188269479,2.071912097,2.454761257,1.002173486,2.079429527,3.663399238,6.125671387,8.250134753,10.16065167,13.03205436,14.51467242,16.60160629,21.30846197,24.28120819,25.03565028,25.83889156,25.37721966,22.45702194,18.50836598,14.70234561,11.03521154,7.99490297,5.765341622,4.85324711,3.460712185,3.11913904,3.152908325,3.077836272,2.980250371,2.25583183,2.128214056,1.358753947,0.825762068,0.653102726,-0.033785337,1.448839856,2.552367371,1.430077689,1.208619353,0.92335213,0.476685957,-1.606490494,-2.473544629,-0.180169044,0.11260808,-0.258989012,1.869225044,1.576450695,0.484199623,0.442920635,0.514232487,1.028453084,-0.352829772,0.247727431,1.918019877,0.566767705,0.559277819,1.478887385,1.54269211,1.58397625,0.243981696,-0.221446644,0.731932405,0.754439317,0.300265225,0.401612715,0.075065316,0.405374106,0.641846298,0.664368013,1.204866563,1.542679903,1.880493243,2.049399913,27.50919522,24.81795613,19.43547793,14.05299974,6.255163871,0.761959522,0.664361731,0.93460836,-0.277756332,-1.936787395,-1.096011471,0.412881034,-0.987161017,-1.268670813,2.728768287,4.793173456,2.188269479,2.071912097,2.454761257,1.002173486,2.079429527,3.663399238,6.125671387,8.250134753,10.16065167,13.03205436,14.51467242,16.60160629,21.30846197,24.28120819,25.03565028,25.83889156,25.37721966,22.45702194,18.50836598,14.70234561,11.03521154,7.99490297,5.765341622,4.85324711,3.460712185,3.11913904,3.152908325,3.077836272,2.980250371,2.25583183,2.128214056,1.358753947,0.825762068,0.653102726,-0.033785337,1.448839856,2.552367371,1.430077689,1.208619353,0.92335213,0.476685957,-1.606490494,-2.473544629,-0.180169044,0.11260808,-0.258989012,1.869225044,1.576450695,0.484199623,0.442920635,0.514232487,1.028453084,-0.352829772,0.247727431,1.918019877,0.566767705,0.559277819,1.478887385,1.54269211,1.58397625,0.243981696,-0.221446644,0.731932405,0.754439317,0.300265225,0.401612715,0.075065316,0.405374106,0.641846298,0.664368013,1.204866563,1.542679903,1.880493243,2.049399913]}

Slot 5: neutralised 1 vertical climb(s)
Slot 5:
Outcome check: Positive
Index Rising data : 14.333333
Index Break data : 0.000000
Index Transition time: 16.000000
{"outcome":{"outcome":"Positive","transition_time":{"x":16,"y":13.42776714,"i":48},"plateau_point":{"x":20.33333333,"y":93.10446431,"i":61},"increase":79.67669717,"suspect_score":0,"arm_width":3.666666667,"window_rate":19.25031205,"rise_width":4.333333333,"shape_flag":0,"climbs_fixed":0,"climb_first_i":-1},"peak_features":{"main_peak":{"x":18.33333333,"y":24.83281837,"i":55},"left_arm":{"x":16.33333333,"y":11.91739228,"i":49},"right_arm":{"x":20,"y":10.54879087,"i":60}},"time_data":[0,0.333333333,0.666666667,1,1.333333333,1.666666667,2,2.333333333,2.666666667,3,3.333333333,3.666666667,4,4.333333333,4.666666667,5,5.333333333,5.666666667,6,6.333333333,6.666666667,7,7.333333333,7.666666667,8,8.333333333,8.666666667,9,9.333333333,9.666666667,10,10.33333333,10.66666667,11,11.33333333,11.66666667,12,12.33333333,12.66666667,13,13.33333333,13.66666667,14,14.33333333,14.66666667,15,15.33333333,15.66666667,16,16.33333333,16.66666667,17,17.33333333,17.66666667,18,18.33333333,18.66666667,19,19.33333333,19.66666667,20,20.33333333,20.66666667,21,21.33333333,21.66666667,22,22.33333333,22.66666667,23,23.33333333,23.66666667,24,24.33333333,24.66666667,25,25.33333333,25.66666667,26,26.33333333,26.66666667,27,27.33333333,27.66666667,28,28.33333333,28.66666667,29,29.33333333,29.66666667],"raw_data":[269.7795,282.7497,290.5318,296.3684,297.6654,299.6109,299.6109,298.9624,301.5564,300.9079,298.9624,298.9624,298.9624,298.9624,297.0169,298.3139,297.0169,299.6109,299.6109,300.2594,300.9079,299.6109,297.6654,298.9624,299.6109,300.2594,298.3139,299.6109,299.6109,301.5564,299.6109,301.5564,300.9079,301.5564,300.2594,300.2594,303.502,300.9079,302.2049,304.1505,302.8534,302.2049,302.8534,301.5564,304.1505,305.4475,309.3385,309.3385,313.8781,315.8236,321.6602,325.5512,333.3333,344.358,349.5461,357.3282,361.8677,375.4864,381.9715,385.8625,389.7536,392.3476,394.9417,398.1842,401.4267,402.0752,401.4267,402.0752,403.3723,405.9663,405.9663,405.3178,405.3178,404.0208,405.9663,407.2633,405.3178,406.6148,405.3178,408.5603,408.5603,409.8573,410.5058,412.4514,407.2633,410.5058,411.1544,409.8573,408.5603,414.3969],"processed_data":[-27.3064172,-18.43953663,-11.16725758,-5.489580057,-1.406504049,-0.221788018,0.52217003,0.612007438,0.642892813,0.342503271,0.269512226,-0.314427099,-1.049962031,-1.65916608,-1.737773152,-1.785502248,-1.555296134,-0.828179826,0.174059847,0.277930454,0.258280304,-0.303197687,-0.325659682,-0.662553928,-0.758007099,-0.634482247,-0.016856008,-0.075812005,0.182473055,0.496901079,1.212786654,1.344731451,1.061181271,1.23804781,1.515978396,1.32788218,1.883748637,2.45364578,2.981436725,3.284632035,2.818603912,2.964590758,2.619281719,3.135846027,4.230736142,6.055545691,8.006687709,10.8000446,13.42776714,16.5945095,21.37269533,27.62195762,34.72186345,41.75438951,49.49718749,58.07658868,66.05239974,73.39093414,80.48521866,86.07193707,90.42901532,93.10446431,96.0803043,98.60415425,100.395272,101.5884164,102.6103065,103.4356815,104.120685,105.1060836,105.6226442,105.6956363,105.8640792,105.6254541,105.9511097,105.9679536,106.3048405,106.762444,107.0852925,107.6748422,109.4715725,110.0246327,110.5243464,110.5889212,110.8135161,110.0021788,110.3059383,110.8497291,111.6335514,112.657405],"differential_data":[26.6006417,24.20873942,19.42493486,14.6411303,7.901688058,2.893011118,1.250693185,0.181084175,-0.404256251,-0.56007088,-0.985395555,-1.979211386,-2.017108471,-1.031716681,-0.189504252,0.273715527,1.435983633,2.594033972,1.65916542,0.126330685,-0.871692212,-0.875909979,-0.53903436,-0.648521126,0.04210752,1.111726637,0.838005363,0.298993594,0.859069626,1.545470399,1.271745558,-0.227408075,-0.16002546,0.682195688,0.134751555,0.551655361,1.6886454,1.646532133,1.246479381,-0.24424922,-0.480061915,-0.298983289,0.256882903,2.417181634,4.379549497,5.663927351,7.116748364,8.131619144,8.691697356,11.91739228,16.54117218,20.02375219,21.19864783,22.16298606,24.48329876,24.83281837,22.97151818,21.64922838,19.02150439,14.91569499,10.54879087,8.476933467,8.249534904,6.472451544,4.476393266,3.322551777,2.770897605,2.26556773,2.505603146,2.252938803,0.884329065,0.362152496,-0.105273358,0.130545678,0.513749358,0.53059625,1.191735602,1.170678077,1.368597254,3.579420015,3.524685748,1.579160814,0.846432773,0.433754463,-0.880113676,-0.761366708,1.271325545,1.991419705,2.711513866,3.071560946,26.6006417,24.20873942,19.42493486,14.6411303,7.901688058,2.893011118,1.250693185,0.181084175,-0.404256251,-0.56007088,-0.985395555,-1.979211386,-2.017108471,-1.031716681,-0.189504252,0.273715527,1.435983633,2.594033972,1.65916542,0.126330685,-0.871692212,-0.875909979,-0.53903436,-0.648521126,0.04210752,1.111726637,0.838005363,0.298993594,0.859069626,1.545470399,1.271745558,-0.227408075,-0.16002546,0.682195688,0.134751555,0.551655361,1.6886454,1.646532133,1.246479381,-0.24424922,-0.480061915,-0.298983289,0.256882903,2.417181634,4.379549497,5.663927351,7.116748364,8.131619144,8.691697356,11.91739228,16.54117218,20.02375219,21.19864783,22.16298606,24.48329876,24.83281837,22.97151818,21.64922838,19.02150439,14.91569499,10.54879087,8.476933467,8.249534904,6.472451544,4.476393266,3.322551777,2.770897605,2.26556773,2.505603146,2.252938803,0.884329065,0.362152496,-0.105273358,0.130545678,0.513749358,0.53059625,1.191735602,1.170678077,1.368597254,3.579420015,3.524685748,1.579160814,0.846432773,0.433754463,-0.880113676,-0.761366708,1.271325545,1.991419705,2.711513866,3.071560946]}

Slot 6:
Outcome check: Positive
Index Rising data : 7.000000
Index Break data : 0.000000
Index Transition time: 10.000000
{"outcome":{"outcome":"Positive","transition_time":{"x":10,"y":25.62382038,"i":30},"plateau_point":{"x":13.33333333,"y":91.14005111,"i":40},"increase":65.51623073,"suspect_score":0,"arm_width":2.666666667,"window_rate":17.75376043,"rise_width":4,"shape_flag":0,"climbs_fixed":0,"climb_first_i":-1},"peak_features":{"main_peak":{"x":10.66666667,"y":28.75695563,"i":32},"left_arm":{"x":10,"y":8.169972606,"i":30},"right_arm":{"x":12.66666667,"y":13.07269545,"i":38}},"time_data":[0,0.333333333,0.666666667,1,1.333333333,1.666666667,2,2.333333333,2.666666667,3,3.333333333,3.666666667,4,4.333333333,4.666666667,5,5.333333333,5.666666667,6,6.333333333,6.666666667,7,7.333333333,7.666666667,8,8.333333333,8.666666667,9,9.333333333,9.666666667,10,10.33333333,10.66666667,11,11.33333333,11.66666667,12,12.33333333,12.66666667,13,13.33333333,13.66666667,14,14.33333333,14.66666667,15,15.33333333,15.66666667,16,16.33333333,16.66666667,17,17.33333333,17.66666667,18,18.33333333,18.66666667,19,19.33333333,19.66666667,20,20.33333333,20.66666667,21,21.33333333,21.66666667,22,22.33333333,22.66666667,23,23.33333333,23.66666667,24,24.33333333,24.66666667,25,25.33333333,25.66666667,26,26.33333333,26.66666667,27,27.33333333,27.66666667,28,28.33333333,28.66666667,29,29.33333333,29.66666667],"raw_data":[269.65,286.288,294.3201,295.4676,297.1888,300.0574,300.6311,298.9099,299.4836,299.4836,300.0574,304.0734,300.0574,300.6311,302.3523,302.926,301.2048,300.0574,299.4836,300.0574,305.2209,302.3523,301.2048,301.7785,304.6472,305.2209,308.6632,336.7757,314.4005,320.1377,323.58,330.4647,340.218,346.529,[stack]358.5771,365.4619,374.6414,377.51,383.2473, Control=2128/4096388.4108,392.4268,392.4268,398.7378,398.7378,398.7378,402.7539, Sensor=1520/10240402.1801,405.6225,399.8853,403.3276,406 Display=6080/10240.7699,401.6064,402.7539,404.475,405.6225,405.0488 Network=2208/6144,405.6225,406.7699,405.0488,405.0488,406 Input=1488/6144.7699,405.6225, Setting=7016/8192406.7699, | unused=24616 B
409.0648,409.0648,408.4911,408.4911,405.6225,409.0648,410.786,406.1962,411.9334,409.6385,414.8021,411.3597,410.786,413.6546,414.2283,410.786,411.9334,412.5072,411.3597,412.5072,413.0809,409.6385,413.6546,414.2283,416.5232,417.6707,414.8021],"processed_data":[-26.48965195,-17.55868567,-10.34889092,-4.860267685,-1.092815977,-0.911508271,-0.822099694,-0.839486919,-0.2756995,-0.14158452,0.084429324,0.645738214,1.219464851,1.639201111,1.552272912,0.906522941,0.491750081,0.481814826,0.591098273,0.854364569,1.207043536,1.79814868,2.133442932,0.208610766,4.691600189,9.470145089,13.93575376,17.46005196,20.12500938,23.24696185,25.62382038,28.69361025,38.84926047,47.86491401,56.97991824,65.09400405,72.16495663,78.81865874,83.13772913,87.53378904,91.14005111,94.14775079,96.5246084,98.10420987,100.3767514,101.571393,101.5217228,102.8628946,103.3173992,102.8827571,102.8455007,102.9324291,103.8389656,103.6725679,104.1245927,105.2993601,105.3266796,105.3763507,105.2794872,105.2273309,105.4583089,106.0668039,107.0403914,107.9692712,107.8525397,107.8351536,108.1679644,107.4253518,107.7829973,107.8823442,109.0993345,110.4305708,110.5324029,111.0688712,112.4721328,112.1865084,112.2957864,111.8661169,112.074746,111.8437689,111.7245573,111.2899223,111.5382891,111.3892678,111.7866486,113.130304,113.8396351,114.6098161,115.4408469,116.3327274],"differential_data":[26.79289884,24.21114155,19.04762698,13.88411241,5.923139121,0.406074425,0.108032028,0.819600291,1.046853598,0.540193236,1.180984101,1.702553291,1.490194345,0.499212092,-1.099017255,-1.590784246,-0.637062172,0.149022288,0.558824613,0.923917894,1.415676166,1.389599094,-2.38430687,3.837235884,13.89230149,13.86623036,11.98486031,9.283883429,8.680364832,8.248216505,8.169972606,19.83816013,28.75695563,27.19598666,25.84363506,22.77755757,20.58698203,16.45915876,13.07269545,12.00348297,9.920942629,8.07683593,5.934688618,5.778214492,5.20077475,1.717457164,1.937252292,2.693514539,0.029793876,-0.707847694,0.074507874,1.490197318,1.110208288,0.428440639,2.440188321,1.803130311,0.115485848,-0.070788495,-0.223529766,0.268232469,1.259209571,2.373123763,2.85370091,1.218222482,-0.201176433,0.473137001,-0.614702695,-0.577450641,0.685488614,1.974505734,3.822339937,2.149602717,0.957450569,2.909594845,1.676455807,-0.26451963,-0.480587253,-0.331560606,-0.033521974,-0.525283021,-0.830769923,-0.279402299,0.149018325,0.372539173,2.611554233,3.079479842,2.219268165,2.401817579,2.584366994,2.675641701,26.79289884,24.21114155,19.04762698,13.88411241,5.923139121,0.406074425,0.108032028,0.819600291,1.046853598,0.540193236,1.180984101,1.702553291,1.490194345,0.499212092,-1.099017255,-1.590784246,-0.637062172,0.149022288,0.558824613,0.923917894,1.415676166,1.389599094,-2.38430687,3.837235884,13.89230149,13.86623036,11.98486031,9.283883429,8.680364832,8.248216505,8.169972606,19.83816013,28.75695563,27.19598666,25.84363506,22.77755757,20.58698203,16.45915876,13.07269545,12.00348297,9.920942629,8.07683593,5.934688618,5.778214492,5.20077475,1.717457164,1.937252292,2.693514539,0.029793876,-0.707847694,0.074507874,1.490197318,1.110208288,0.428440639,2.440188321,1.803130311,0.115485848,-0.070788495,-0.223529766,0.268232469,1.259209571,2.373123763,2.85370091,1.218222482,-0.201176433,0.473137001,-0.614702695,-0.577450641,0.685488614,1.974505734,3.822339937,2.149602717,0.957450569,2.909594845,1.676455807,-0.26451963,-0.480587253,-0.331560606,-0.033521974,-0.525283021,-0.830769923,-0.279402299,0.149018325,0.372539173,2.611554233,3.079479842,2.219268165,2.401817579,2.584366994,2.675641701]}

Slot 7:
Outcome check: Positive
Index Rising data : 6.333333
Index Break data : 0.000000
Index Transition time: 9.000000
{"outcome":{"outcome":"Positive","transition_time":{"x":9,"y":14.47554895,"i":27},"plateau_point":{"x":13.33333333,"y":94.43496638,"i":40},"increase":79.95941743,"suspect_score":1,"arm_width":3.333333333,"window_rate":19.11039922,"rise_width":5.666666667,"shape_flag":0,"climbs_fixed":0,"climb_first_i":-1},"peak_features":{"main_peak":{"x":11.66666667,"y":25.27528302,"i":35},"left_arm":{"x":9.333333333,"y":11.90677573,"i":28},"right_arm":{"x":12.66666667,"y":12.02322725,"i":38}},"time_data":[0,0.333333333,0.666666667,1,1.333333333,1.666666667,2,2.333333333,2.666666667,3,3.333333333,3.666666667,4,4.333333333,4.666666667,5,5.333333333,5.666666667,6,6.333333333,6.666666667,7,7.333333333,7.666666667,8,8.333333333,8.666666667,9,9.333333333,9.666666667,10,10.33333333,10.66666667,11,11.33333333,11.66666667,12,12.33333333,12.66666667,13,13.33333333,13.66666667,14,14.33333333,14.66666667,15,15.33333333,15.66666667,16,16.33333333,16.66666667,17,17.33333333,17.66666667,18,18.33333333,18.66666667,19,19.33333333,19.66666667,20,20.33333333,20.66666667,21,21.33333333,21.66666667,22,22.33333333,22.66666667,23,23.33333333,23.66666667,24,24.33333333,24.66666667,25,25.33333333,25.66666667,26,26.33333333,26.66666667,27,27.33333333,27.66666667,28,28.33333333,28.66666667,29,29.33333333,29.66666667],"raw_data":[269.6351,284.4774,294.3723,301.175,296.846,297.4644,298.7013,303.0303,299.9382,301.7935,296.846,296.2276,299.3197,299.3197,299.9382,298.7013,298.7013,305.504,302.4119,300.5566,305.504,295.6092,296.846,302.4119,306.7409,310.4514,316.6357,310.4514,314.7805,323.4385,324.6753,338.8992,340.136,346.3203,363.6364,367.347,373.5312,377.8602,392.0841,388.3735,390.2288,396.4131,395.7947,404.4527,393.321,405.6895,401.979,399.5052,406.9264,406.9264,401.3605,406.308,403.2159,409.4001,406.308,406.9264,408.1633,401.3605,406.308,405.0711,410.637,405.6895,410.0186,409.4001,406.9264,414.966,411.2554,406.9264,411.2554,401.979,408.1633,408.1633,411.8738,417.4397,414.966,408.1633,414.3476,418.6766,404.4527,418.0581,410.0186,417.4397,410.637,412.4923,411.2554,407.5448,404.4527,409.4001,411.2554,417.4397],"processed_data":[-25.62757476,-16.55353421,-9.206275405,-3.585798335,0.307896998,0.516721255,0.811215355,0.776410784,0.91830484,0.345388966,-0.535403033,-1.244855476,-1.011942546,-1.544704421,-0.048158588,1.153892088,1.194047143,2.923505114,3.282248361,2.401459137,0.961134345,-0.374781093,0.326641132,3.41075339,6.120058002,9.870789103,12.97097012,14.47554895,17.99336949,22.41339944,26.88161769,35.13536818,43.14817605,51.36177043,59.06937914,67.26691149,75.91956782,81.83346465,86.05002954,89.84894948,94.43496638,95.80836454,97.12286192,100.1694963,100.8923328,101.4759574,103.3017994,103.3767577,105.4703123,104.2227516,105.5318936,106.2467001,105.8477983,107.2774164,107.7084435,107.1033957,106.3618155,106.0030783,106.1610306,106.6563093,107.8610403,108.6347458,109.261207,110.6774333,110.4231048,112.0133528,110.6908228,109.8019969,108.5196227,106.6402407,108.0457614,110.8568027,111.801852,113.563438,115.3062858,114.2327381,113.9703763,112.5273755,113.6544637,114.3210818,113.5580851,113.6009183,114.6396631,111.4993287,110.3909748,108.0430837,108.438502,109.9958173,112.7150294,116.5961383],"differential_data":[27.22212164,24.63194903,19.45160382,14.2712586,6.153779384,0.754977536,0.389534294,0.160634227,-0.646532728,-2.180561809,-2.385366663,-0.714809269,-0.449773417,1.445675937,4.047894763,1.863308597,2.65441954,3.132301826,-0.783068967,-3.481671024,-4.164360344,-0.951739819,5.678301725,8.690125304,9.690053568,10.27636818,6.907139766,7.533599061,11.90677573,13.33237229,19.08295312,24.39983754,24.33960337,23.88180463,23.85771159,25.27528302,21.84982974,15.19569258,12.02322725,12.57740526,8.939122584,4.031843309,6.541697713,5.654206313,1.95969163,3.614199948,2.851200451,3.252769371,1.268990851,0.092371953,3.035922756,0.473856938,1.546074409,2.790967867,-0.261031114,-2.019942048,-1.650476035,-0.301177384,0.979846508,2.550014545,2.967654736,2.100250046,3.064031229,1.742846799,2.003879299,0.401577045,-3.317033842,-3.256800268,-4.742634365,-0.710791848,6.324842973,5.634135853,4.059952971,5.256650652,1.003950243,-2.003864239,-2.558044037,-0.473868828,2.690559486,-0.144567911,-1.080245179,1.622366967,-3.152384374,-6.373032409,-5.184367589,-2.928709194,2.929100354,6.414790978,9.900481603,11.64332692,27.22212164,24.63194903,19.45160382,14.2712586,6.153779384,0.754977536,0.389534294,0.160634227,-0.646532728,-2.180561809,-2.385366663,-0.714809269,-0.449773417,1.445675937,4.047894763,1.863308597,2.65441954,3.132301826,-0.783068967,-3.481671024,-4.164360344,-0.951739819,5.678301725,8.690125304,9.690053568,10.27636818,6.907139766,7.533599061,11.90677573,13.33237229,19.08295312,24.39983754,24.33960337,23.88180463,23.85771159,25.27528302,21.84982974,15.19569258,12.02322725,12.57740526,8.939122584,4.031843309,6.541697713,5.654206313,1.95969163,3.614199948,2.851200451,3.252769371,1.268990851,0.092371953,3.035922756,0.473856938,1.546074409,2.790967867,-0.261031114,-2.019942048,-1.650476035,-0.301177384,0.979846508,2.550014545,2.967654736,2.100250046,3.064031229,1.742846799,2.003879299,0.401577045,-3.317033842,-3.256800268,-4.742634365,-0.710791848,6.324842973,5.634135853,4.059952971,5.256650652,1.003950243,-2.003864239,-2.558044037,-0.473868828,2.690559486,-0.144567911,-1.080245179,1.622366967,-3.152384374,-6.373032409,-5.184367589,-2.928709194,2.929100354,6.414790978,9.900481603,11.64332692]}

Slot 8: neutralised 1 vertical climb(s)
Slot 8:
Outcome check: Positive
Index Rising data : 7.000000
Index Break data : 0.000000
Index Transition time: 8.666667
{"outcome":{"outcome":"Positive","transition_time":{"x":8.666666667,"y":6.998542158,"i":26},"plateau_point":{"x":13.33333333,"y":91.5094191,"i":40},"increase":84.51087694,"suspect_score":1,"arm_width":4,"window_rate":19.58466273,"rise_width":4.666666667,"shape_flag":0,"climbs_fixed":0,"climb_first_i":-1},"peak_features":{"main_peak":{"x":11.33333333,"y":24.09131731,"i":34},"left_arm":{"x":9,"y":10.27116652,"i":27},"right_arm":{"x":13,"y":11.81490613,"i":39}},"time_data":[0,0.333333333,0.666666667,1,1.333333333,1.666666667,2,2.333333333,2.666666667,3,3.333333333,3.666666667,4,4.333333333,4.666666667,5,5.333333333,5.666666667,6,6.333333333,6.666666667,7,7.333333333,7.666666667,8,8.333333333,8.666666667,9,9.333333333,9.666666667,10,10.33333333,10.66666667,11,11.33333333,11.66666667,12,12.33333333,12.66666667,13,13.33333333,13.66666667,14,14.33333333,14.66666667,15,15.33333333,15.66666667,16,16.33333333,16.66666667,17,17.33333333,17.66666667,18,18.33333333,18.66666667,19,19.33333333,19.66666667,20,20.33333333,20.66666667,21,21.33333333,21.66666667,22,22.33333333,22.66666667,23,23.33333333,23.66666667,24,24.33333333,24.66666667,25,25.33333333,25.66666667,26,26.33333333,26.66666667,27,27.33333333,27.66666667,28,28.33333333,28.66666667,29,29.33333333,29.66666667],"raw_data":[269.8113,284.9057,292.4529,295.5975,298.1132,300,299.3711,299.3711,298.1132,300.6289,298.1132,299.3711,301.2579,300,300.6289,299.6855,299.0566,299.0566,300.3145,299.6855,300.9434,300.3145,302.2013,302.8302,302.8302,305.3459,306.6038,307.8616,314.1509,317.2956,324.2138,333.0189,338.0503,346.8553,354.4025,363.8365,370.1258,378.3019,383.9623,387.1069,391.5094,391.5094,396.5409,397.1698,397.7988,400.3145,399.0566,402.2013,401.5723,400.3145,402.2013,402.8302,402.8302,404.717,405.3459,404.0881,404.0881,405.3459,403.4591,405.9749,404.717,406.6038,405.3459,408.4906,405.3459,407.2327,409.1195,405.9749,409.1195,409.7484,408.4906,407.8616,409.1195,411.0063,408.4906,407.2327,409.7484,410.3774,410.3774,411.6352,411.0063,411.0063,411.0063,412.2642,410.3774,412.2642,411.0063,413.522,413.522,414.7799],"processed_data":[-26.42109153,-17.21773423,-9.811322801,-4.201857252,-0.389337581,-0.155187301,0.22325775,0.125239253,-0.348501759,-0.356675053,-0.087130592,0.347132035,0.777312308,0.67793558,0.726938619,0.407024962,-0.055823124,0.111614409,0.06805486,0.494147495,1.147582479,1.569592629,2.149513674,3.165063371,3.783105495,5.305059524,6.998542158,9.601384151,13.8459865,18.78758814,25.06872836,31.99513978,39.45791005,47.49787777,55.48611622,63.55875598,71.37819602,78.30732734,83.63281501,87.94003507,91.5094191,93.76104525,95.98545038,97.51285781,98.89324291,100.4070298,100.7419114,101.3545025,101.8745255,102.0079373,102.5987524,103.1351112,104.0526424,104.6897427,105.1117547,105.0681941,105.2370011,104.9484002,105.2315532,105.4221343,106.1518014,106.4104513,106.7888986,107.2953127,107.5267397,107.60025,108.2455203,108.5477348,109.1167642,108.9288989,109.3318489,110.0342871,109.4598091,109.2910062,109.5469399,109.6694654,109.8736665,110.2602831,111.1723643,111.6052564,111.7958362,111.7304916,111.9047439,111.646095,111.8965813,112.1661278,112.6809807,113.3659974,114.2211781,115.2465227],"differential_data":[27.61007191,24.91465309,19.52381546,14.13297783,6.070004926,0.918892997,0.420639831,-0.857639263,-0.722871458,0.39205675,1.055710632,1.296664349,0.496205318,-0.075560533,-0.406365927,-1.174142615,-0.443115829,0.185816975,0.573799629,1.619291429,1.613167701,1.502896792,2.393206113,2.450387732,3.209994229,4.823154994,6.44448694,10.27116652,13.77930599,16.83411279,19.81132745,21.58377254,23.25410699,24.04230925,24.09131731,23.83811971,22.12285703,18.38192848,14.4490616,11.81490613,8.731515265,6.714046924,5.627718839,4.361688787,4.341258061,2.773002724,1.421208964,1.698921105,0.980152279,1.086340372,1.690760823,2.18083508,2.331947228,1.588668427,0.567677089,0.18786958,-0.179690869,-0.008171775,0.710601212,1.380372283,1.48247538,0.955645673,1.327292108,1.106761784,0.457405982,1.078170776,1.421227195,1.30686594,0.571746232,0.32262708,1.658082244,0.191940308,-1.114921273,0.130696086,0.567688781,0.490089912,0.886226505,1.948046796,2.017460018,0.935207813,0.187852736,0.163361587,-0.126594841,-0.01224389,0.780049113,1.176598963,1.79980445,2.310296155,2.820787861,3.076033714,27.61007191,24.91465309,19.52381546,14.13297783,6.070004926,0.918892997,0.420639831,-0.857639263,-0.722871458,0.39205675,1.055710632,1.296664349,0.496205318,-0.075560533,-0.406365927,-1.174142615,-0.443115829,0.185816975,0.573799629,1.619291429,1.613167701,1.502896792,2.393206113,2.450387732,3.209994229,4.823154994,6.44448694,10.27116652,13.77930599,16.83411279,19.81132745,21.58377254,23.25410699,24.04230925,24.09131731,23.83811971,22.12285703,18.38192848,14.4490616,11.81490613,8.731515265,6.714046924,5.627718839,4.361688787,4.341258061,2.773002724,1.421208964,1.698921105,0.980152279,1.086340372,1.690760823,2.18083508,2.331947228,1.588668427,0.567677089,0.18786958,-0.179690869,-0.008171775,0.710601212,1.380372283,1.48247538,0.955645673,1.327292108,1.106761784,0.457405982,1.078170776,1.421227195,1.30686594,0.571746232,0.32262708,1.658082244,0.191940308,-1.114921273,0.130696086,0.567688781,0.490089912,0.886226505,1.948046796,2.017460018,0.935207813,0.187852736,0.163361587,-0.126594841,-0.01224389,0.780049113,1.176598963,1.79980445,2.310296155,2.820787861,3.076033714]}

Slot 9:
Outcome check: Positive
Index Rising data : 8.000000
Index Break data : 0.000000
Index Transition time: 9.000000
{"outcome":{"outcome":"Positive","transition_time":{"x":9,"y":11.89308953,"i":27},"plateau_point":{"x":13.66666667,"y":95.0708568,"i":41},"increase":83.17776727,"suspect_score":0,"arm_width":4,"window_rate":19.16688323,"rise_width":4.666666667,"shape_flag":0,"climbs_fixed":0,"climb_first_i":-1},"peak_features":{"main_peak":{"x":10.66666667,"y":24.7144706,"i":32},"left_arm":{"x":9.333333333,"y":11.67726333,"i":28},"right_arm":{"x":13.33333333,"y":10.26215947,"i":40}},"time_data":[0,0.333333333,0.666666667,1,1.333333333,1.666666667,2,2.333333333,2.666666667,3,3.333333333,3.666666667,4,4.333333333,4.666666667,5,5.333333333,5.666666667,6,6.333333333,6.666666667,7,7.333333333,7.666666667,8,8.333333333,8.666666667,9,9.333333333,9.666666667,10,10.33333333,10.66666667,11,11.33333333,11.66666667,12,12.33333333,12.66666667,13,13.33333333,13.66666667,14,14.33333333,14.66666667,15,15.33333333,15.66666667,16,16.33333333,16.66666667,17,17.33333333,17.66666667,18,18.33333333,18.66666667,19,19.33333333,19.66666667,20,20.33333333,20.66666667,21,21.33333333,21.66666667,22,22.33333333,22.66666667,23,23.33333333,23.66666667,24,24.33333333,24.66666667,25,25.33333333,25.66666667,26,26.33333333,26.66666667,27,27.33333333,27.66666667,28,28.33333333,28.66666667,29,29.33333333,29.66666667],"raw_data":[272.0247,286.7079,292.1175,295.9814,295.2086,299.8454,295.9814,300.6182,299.8454,299.8454,298.2998,302.9366,299.8454,300.6182,299.0726,299.8454,301.391,299.0726,299.0726,302.9366,301.391,299.8454,303.7094,305.255,305.255,309.119,307.5734,312.983,313.7558,319.1654,325.3477,332.3029,340.8037,349.3045,357.8052,364.7604,371.7156,378.6708,385.6259,384.8531,392.5811,394.1267,397.9907,399.5363,401.0819,401.0819,399.5363,404.1731,403.4003,405.7187,406.4915,406.4915,405.7187,404.9459,404.1731,404.1731,406.4915,406.4915,405.7187,409.5827,408.0371,406.4915,406.4915,409.5827,411.9011,404.9459,408.8099,409.5827,409.5827,409.5827,410.3555,411.9011,409.5827,411.1283,412.6739,411.1283,410.3555,412.6739,413.4467,409.5827,414.9922,411.1283,413.4467,411.1283,412.6739,414.2195,412.6739,414.9922,414.9922,414.2195],"processed_data":[-23.65626905,-16.25848916,-10.1905235,-5.452372075,-2.044034884,-1.562294304,-0.759388713,-0.789497673,0.097043917,0.207443435,1.063876065,0.66242327,0.592169031,0.829695268,0.816313508,-0.20739112,0.267661355,0.70256855,0.806277188,0.896604067,1.50881958,2.428812795,3.763647963,4.422700164,6.383131812,8.112730084,9.524512221,11.89308953,15.2853667,19.67793175,25.92387793,32.91919447,41.22927698,49.39550821,57.43795816,65.81160403,72.44226761,78.58450238,83.676269,88.22941715,91.95289962,95.0708568,97.80743184,99.7511343,100.6410186,101.5208693,102.1531574,103.1868984,104.4146748,105.7193964,106.6427378,106.3884844,106.0104497,105.4283431,105.3112527,105.0971446,105.8264505,106.910373,107.723315,107.7668057,107.5493521,108.6934925,108.7169106,108.332185,108.7670922,109.2287629,109.2789445,108.9711641,109.6067977,110.7643199,110.5803207,111.038646,111.5371165,111.5404619,111.5070075,112.0623506,112.0155144,112.3266403,112.2664224,112.9087469,112.9355104,112.5006032,112.7515112,113.0459099,112.8050383,113.7618341,114.1572651,114.5192417,114.8477639,115.1428317],"differential_data":[22.19333968,20.19861833,16.20917563,12.21973292,5.835116656,1.926969256,1.159194946,1.284648945,1.495411662,1.450248223,0.682469752,-0.707560552,0.250907997,0.336216716,-1.555629582,-0.82297823,1.364939504,0.80792375,0.291053277,1.053813588,2.298313091,3.382242574,2.990831053,3.929225773,5.535044881,4.712070614,5.670539162,8.641281722,11.67726333,15.95776684,19.86189409,22.95809857,24.7144706,24.31302177,24.62414372,22.50646418,19.15934753,16.85100209,14.46737215,12.41494592,10.26215947,8.781798326,7.02041626,4.250380083,2.654602447,2.268208293,2.49904365,3.39227612,3.798747075,3.34209452,1.003631988,-0.948432229,-1.440211903,-1.048795428,-0.496797834,0.772796631,2.719842688,2.845296686,1.284648945,-0.260944317,1.390030304,1.751337819,-0.541961274,0.075272399,1.344866864,0.767778471,-0.386398315,0.491779674,2.689733728,1.460284543,0.411489115,1.435193743,0.752723991,-0.045163439,0.782832951,0.762760311,0.396434635,0.376361996,0.87315983,1.003631988,-0.612215513,-0.275998797,0.81796007,0.080290559,1.073886227,2.028340248,1.136111411,1.035748212,0.935385013,0.885203414,22.19333968,20.19861833,16.20917563,12.21973292,5.835116656,1.926969256,1.159194946,1.284648945,1.495411662,1.450248223,0.682469752,-0.707560552,0.250907997,0.336216716,-1.555629582,-0.82297823,1.364939504,0.80792375,0.291053277,1.053813588,2.298313091,3.382242574,2.990831053,3.929225773,5.535044881,4.712070614,5.670539162,8.641281722,11.67726333,15.95776684,19.86189409,22.95809857,24.7144706,24.31302177,24.62414372,22.50646418,19.15934753,16.85100209,14.46737215,12.41494592,10.26215947,8.781798326,7.02041626,4.250380083,2.654602447,2.268208293,2.49904365,3.39227612,3.798747075,3.34209452,1.003631988,-0.948432229,-1.440211903,-1.048795428,-0.496797834,0.772796631,2.719842688,2.845296686,1.284648945,-0.260944317,1.390030304,1.751337819,-0.541961274,0.075272399,1.344866864,0.767778471,-0.386398315,0.491779674,2.689733728,1.460284543,0.411489115,1.435193743,0.752723991,-0.045163439,0.782832951,0.762760311,0.396434635,0.376361996,0.87315983,1.003631988,-0.612215513,-0.275998797,0.81796007,0.080290559,1.073886227,2.028340248,1.136111411,1.035748212,0.935385013,0.885203414]}

Slot 10:
Outcome check: Negative
Index Rising data : 16.333333
Index Break data : 0.000000
Index Transition time: 17.000000
{"outcome":{"outcome":"Negative","transition_time":{"x":17,"y":-0.320859703,"i":51},"plateau_point":{"x":17.66666667,"y":1.209050298,"i":53},"increase":1.529910001,"suspect_score":3,"arm_width":0.666666667,"window_rate":0.438343395,"rise_width":8,"shape_flag":0,"climbs_fixed":0,"climb_first_i":-1},"peak_features":{"main_peak":{"x":17.33333333,"y":2.294865001,"i":52},"left_arm":{"x":17,"y":-0.434047154,"i":51},"right_arm":{"x":17.66666667,"y":0.816531689,"i":53}},"time_data":[0,0.333333333,0.666666667,1,1.333333333,1.666666667,2,2.333333333,2.666666667,3,3.333333333,3.666666667,4,4.333333333,4.666666667,5,5.333333333,5.666666667,6,6.333333333,6.666666667,7,7.333333333,7.666666667,8,8.333333333,8.666666667,9,9.333333333,9.666666667,10,10.33333333,10.66666667,11,11.33333333,11.66666667,12,12.33333333,12.66666667,13,13.33333333,13.66666667,14,14.33333333,14.66666667,15,15.33333333,15.66666667,16,16.33333333,16.66666667,17,17.33333333,17.66666667,18,18.33333333,18.66666667,19,19.33333333,19.66666667,20,20.33333333,20.66666667,21,21.33333333,21.66666667,22,22.33333333,22.66666667,23,23.33333333,23.66666667,24,24.33333333,24.66666667,25,25.33333333,25.66666667,26,26.33333333,26.66666667,27,27.33333333,27.66666667,28,28.33333333,28.66666667,29,29.33333333,29.66666667],"raw_data":[271.3435,281.2707,292.5215,296.4924,297.1542,297.1542,300.4633,299.1396,299.1396,298.4778,298.4778,299.8015,299.8015,299.1396,301.1251,300.4633,300.4633,301.1251,300.4633,301.1251,297.1542,301.1251,299.8015,300.4633,299.8015,300.4633,299.8015,301.1251,300.4633,301.7869,300.4633,300.4633,297.1542,300.4633,300.4633,299.1396,302.4487,299.1396,297.1542,301.1251,299.8015,300.4633,299.8015,299.8015,299.1396,300.4633,299.8015,303.7723,301.7869,297.816,298.4778,299.1396,300.4633,302.4487,297.1542,301.7869,299.1396,297.1542,299.1396,299.8015,299.8015,302.4487,299.8015,299.8015,301.1251,300.4633,297.1542,299.1396,300.4633,299.8015,297.816,299.1396,297.816,299.1396,300.4633,300.4633,299.1396,301.7869,300.4633,300.4633,301.1251,299.8015,299.1396,301.1251,299.1396,301.7869,299.8015,297.1542,301.7869,302.4487],"processed_data":[-26.17627693,-17.52858156,-10.48814689,-5.054972925,-1.229059657,-0.014297287,-0.189063134,-0.306527935,-0.191932711,-0.100255,-0.54719048,-0.131769618,0.27792398,0.684755268,1.062930945,1.137416955,1.721870191,1.315042207,0.925405263,0.713396741,0.587338138,0.386792071,0.550096388,0.57588427,1.123094963,0.716266054,1.148878618,1.332238928,1.847935268,1.343699534,0.985576415,0.644643016,0.108890022,0.257868251,0.822274873,0.575889554,0.865251814,0.335230047,0.338092358,0.4125785,0.269328196,0.66469782,0.876708984,0.060188987,0.558697325,1.398142629,1.779186827,1.667449026,1.220510375,0.418313427,0.604534199,-0.320859703,0.315169429,1.209050298,0.859523889,0.26647183,-0.309387735,-0.81935615,0.094573314,0.097436154,0.759248412,1.369488737,1.655983401,1.240558575,0.57874777,0.020075282,0.312305401,-0.028627998,-0.234903179,-0.340909751,-0.312259558,-0.656058043,-0.527133826,-0.346640583,0.395393537,0.785031009,1.206185741,1.383810729,1.412459601,1.180396406,1.286396373,0.60166515,0.825138901,1.097315536,0.504264799,0.441235034,0.69965712,1.09989591,1.641951405,2.325823605],"differential_data":[25.9430861,23.53219505,18.71041295,13.88863085,7.561013457,1.559994784,-0.438345971,-0.004304366,0.309409402,-0.532886654,-0.047271927,1.237671691,1.224787328,1.177510447,0.678992532,0.988408869,0.266437877,-1.194697392,-0.902468198,-0.507100687,-0.489907005,-0.055862625,0.283638298,0.859497863,0.210572676,0.038675482,0.923959311,1.048584975,0.017190908,-1.293538279,-1.048584777,-1.31502959,-0.580162147,1.070077277,0.477031955,0.064465411,-0.360989261,-0.790739183,0.11602268,-0.103146243,0.37817898,0.911071183,-0.90676325,-0.477017489,2.006930463,1.830734253,0.403959596,-0.838014677,-1.873703399,-0.923964265,-1.108759694,-0.434047154,2.294865001,0.816531689,-1.413867703,-1.753367436,-1.62874197,0.605941574,1.375188456,0.997012646,1.908078875,1.345102484,-0.193395243,-1.615853446,-1.830724939,-0.399663554,-0.073054921,-0.820812869,-0.46842263,-0.11603457,-0.472722437,-0.322311401,0.464126191,1.383791044,1.697507388,1.216188307,0.898169579,0.309410789,-0.305121484,-0.189094841,-0.868096884,-0.691886208,0.74347558,-0.481311154,-0.984120753,0.293088482,0.987991313,1.413441428,1.838891542,2.051616599,25.9430861,23.53219505,18.71041295,13.88863085,7.561013457,1.559994784,-0.438345971,-0.004304366,0.309409402,-0.532886654,-0.047271927,1.237671691,1.224787328,1.177510447,0.678992532,0.988408869,0.266437877,-1.194697392,-0.902468198,-0.507100687,-0.489907005,-0.055862625,0.283638298,0.859497863,0.210572676,0.038675482,0.923959311,1.048584975,0.017190908,-1.293538279,-1.048584777,-1.31502959,-0.580162147,1.070077277,0.477031955,0.064465411,-0.360989261,-0.790739183,0.11602268,-0.103146243,0.37817898,0.911071183,-0.90676325,-0.477017489,2.006930463,1.830734253,0.403959596,-0.838014677,-1.873703399,-0.923964265,-1.108759694,-0.434047154,2.294865001,0.816531689,-1.413867703,-1.753367436,-1.62874197,0.605941574,1.375188456,0.997012646,1.908078875,1.345102484,-0.193395243,-1.615853446,-1.830724939,-0.399663554,-0.073054921,-0.820812869,-0.46842263,-0.11603457,-0.472722437,-0.322311401,0.464126191,1.383791044,1.697507388,1.216188307,0.898169579,0.309410789,-0.305121484,-0.189094841,-0.868096884,-0.691886208,0.74347558,-0.481311154,-0.984120753,0.293088482,0.987991313,1.413441428,1.838891542,2.051616599]}

[len] set(90) was=90 APPLIED

>>> {"Slot":[422,437,442,449,448,454,453,451,452,452,454,450,452,455,452,451,453,452,452,451,453,454,452...(372 B)
data received from Serial port

Receive long json data in 1 receiving
{"Slot":[422,437,442,449,448,454,453,451,452,452,454,450,452,455,452,451,453,452,452,451,453,454,452,454,450,453,451,452,453,452,452,451,452,453,451,452,456,452,453,452,453,451,450,454,453,453,453,450,454,453,452,452,452,454,451,453,457,452,452,452,453,451,453,455,452,451,454,450,453,453,452,454,452,451,453,453,452,451,453,452,452,451,451,450,453,453,454,453,452,451]}0
Json data received

>>> {"Slot":[460,469,479,483,483,486,487,489,487,489,485,479,492,492,479,482,487,486,485,483,484,487,482...(372 B)
data received from Serial port
finish one round maintenance

Receive long json data in 1 receiving
{"Slot":[460,469,479,483,483,486,487,489,487,489,485,479,492,492,479,482,487,486,485,483,484,487,482,493,487,480,483,487,487,487,486,489,483,488,484,491,484,486,481,482,490,485,483,487,489,485,489,489,491,486,478,484,491,487,485,485,486,489,488,485,484,490,488,486,484,490,483,486,484,482,483,489,491,486,488,490,485,489,487,493,485,485,480,482,484,489,487,485,485,486]}1
Json data received

>>> {"Slot":[422,437,448,441,457,455,453,450,454,449,451,457,448,459,445,452,452,448,446,450,452,449,453...(372 B)
data received from Serial port

Receive long json data in 1 receiving
{"Slot":[422,437,448,441,457,455,453,450,454,449,451,457,448,459,445,452,452,448,446,450,452,449,453,448,459,451,452,451,451,453,451,443,455,445,457,454,451,451,455,454,457,447,449,449,446,462,450,455,454,449,450,448,442,445,442,445,450,453,452,456,452,454,445,458,443,441,455,451,452,456,454,449,450,443,453,457,442,450,447,452,445,447,456,442,457,446,448,451,461,448]}2
Json data received
[dash] heap free=92996 maxAlloc=81908 intFree=92996 intLargest=81908 clients=0 ap=0

>>> {"Slot":[470,505,515,516,521,516,534,530,524,526,524,511,525,530,510,514,514,533,517,526,520,508,526...(372 B)
data received from Serial port

Receive long json data in 1 receiving
{"Slot":[470,505,515,516,521,516,534,530,524,526,524,511,525,530,510,514,514,533,517,526,520,508,526,524,510,523,523,521,529,525,530,525,524,528,514,530,514,531,507,523,519,525,511,532,537,515,504,507,508,525,516,522,525,515,519,511,520,518,511,525,515,531,519,508,521,520,516,517,517,512,522,515,523,523,526,538,517,516,507,533,527,518,519,526,519,535,515,504,515,518]}3
Json data received

>>> {"Slot":[434,453,474,467,470,467,447,468,458,454,463,467,460,458,457,460,453,468,474,464,475,481,474...(372 B)
data received from Serial port

Receive long json data in 1 receiving
{"Slot":[434,453,474,467,470,467,447,468,458,454,463,467,460,458,457,460,453,468,474,464,475,481,474,470,461,463,453,465,462,462,460,462,454,463,475,458,470,468,466,468,448,460,447,454,460,467,458,477,471,449,469,469,467,455,468,454,474,468,461,450,461,456,472,463,455,466,459,470,476,457,469,458,450,462,450,456,467,458,462,445,454,456,447,481,455,467,462,467,452,469]}4
Json data received

>>> {"Slot":[491,506,511,520,523,521,526,528,519,528,519,529,526,523,525,525,524,522,522,524,518,523,528...(372 B)
data received from Serial port

Receive long json data in 1 receiving
{"Slot":[491,506,511,520,523,521,526,528,519,528,519,529,526,523,525,525,524,522,522,524,518,523,528,525,526,527,530,532,535,536,540,544,557,569,581,593,606,619,636,651,659,670,680,687,685,690,695,696,696,700,700,703,697,701,703,710,713,705,708,708,713,706,707,716,705,707,715,712,714,716,714,719,713,719,715,720,714,710,719,712,718,718,719,725,712,721,724,724,720,723]}5
Json data received

>>> {"Slot":[462,489,485,474,485,492,483,484,491,479,493,491,492,490,492,482,491,478,492,491,501,472,494...(372 B)
data received from Serial port
[stack]
Receive long json data in 1 receiving
 Control=2128/4096{"Slot":[462,489,485,474,485,492,483,484,491,479,493,491,492,490,492,482,491,478,492,491,501,472,494,487,492,484,493,499,500,494,505,505,514,525,545,558,558,573,591,600,614,622,634,640,641,650,643,647,647,642,648,653,651,659,649,653,658,663,658,646,655,660,659,657,657,655,670,658,669,656,670,650,669,657,658,662,666,660,672,676,679,656,662,667,667,670,672,658,668,678]}6
 Sensor=1520/10240 Display=6080/10240 Network=2208/6144 Input=1488/6144 Setting=7016/8192 | unused=24616 B
Json data received

>>> {"Slot":[442,459,477,467,479,487,486,473,482,482,479,474,470,469,486,486,473,475,486,476,476,487,482...(372 B)
data received from Serial port

Receive long json data in 1 receiving
{"Slot":[442,459,477,467,479,487,486,473,482,482,479,474,470,469,486,486,473,475,486,476,476,487,482,469,476,475,472,487,471,470,488,489,491,508,514,519,530,515,530,535,541,553,548,538,560,550,549,552,553,546,545,553,545,558,549,554,551,555,554,564,561,552,558,563,557,570,566,557,564,551,558,572,562,565,564,560,577,571,565,567,567,558,569,566,556,575,577,554,573,564]}7
Json data received

>>> {"Slot":[173,186,187,198,187,199,193,196,202,194,197,194,198,195,189,195,190,197,193,200,191,194,194...(372 B)
data received from Serial port

Receive long json data in 1 receiving
{"Slot":[173,186,187,198,187,199,193,196,202,194,197,194,198,195,189,195,190,197,193,200,191,194,194,193,188,198,196,192,197,193,196,193,201,193,188,191,200,189,190,192,199,197,193,198,191,191,193,190,190,192,192,187,195,205,191,196,191,193,192,193,187,196,193,192,189,186,190,183,193,197,202,197,196,197,198,199,195,196,202,194,192,194,195,196,198,199,191,193,195,198]}8
Json data received

>>> {"Slot":[822,827,833,846,844,840,845,849,849,847,848,840,846,841,849,840,847,849,849,852,845,836,841...(372 B)
[dash] heap free=97964 maxAlloc=86004 intFree=97964 intLargest=86004 clients=0 ap=0
data received from Serial port

Receive long json data in 1 receiving
{"Slot":[822,827,833,846,844,840,845,849,849,847,848,840,846,841,849,840,847,849,849,852,845,836,841,848,847,847,846,848,853,844,853,853,843,852,851,838,835,853,847,843,847,850,836,848,851,852,842,841,842,847,854,840,851,851,842,851,851,842,850,845,845,854,843,843,840,844,851,850,846,849,844,851,843,852,854,843,847,848,850,845,843,847,848,846,841,853,853,845,848,854]}9
Json data received

>>> getResult
data received from Serial port
getResult
<AmpStart/>
<AmpStart>
{"calibration":{"slopes":[1.508,1.622,1.504,1.73,1.542,1.743,1.617,1.59,1.294,1.511],"origins":[0,0,0,0,0,0,0,0,0,0]},"led_power":[150,150,150,150,150,150,150,150,150,150],"units":"nM FAM","device_id":"RPL01015","slots":10,"amplification_time":30,"reading_interval":0.333333,"software_version":"v2.4.5AT1"}
Amplification Time[min],Sensor 1 Fluorescence[nM FAM],Sensor 2 Fluorescence[nM FAM],Sensor 3 Fluorescence[nM FAM],Sensor 4 Fluorescence[nM FAM],Sensor 5 Fluorescence[nM FAM],Temperature[C]
0.00,279.84,283.60,280.59,271.68,281.45,281.70,285.71,277.99,133.69,544.01,65.80
0.33,289.79,289.15,290.56,291.91,293.77,290.30,302.41,288.68,143.74,547.32,65.80
0.67,293.10,295.31,297.87,297.69,307.39,293.17,299.94,300.00,144.51,551.29,65.80
1.00,297.75,297.78,293.22,298.27,302.85,298.34,293.14,293.71,153.01,559.89,65.80
1.33,297.08,297.78,303.86,301.16,304.80,300.06,299.94,301.26,144.51,558.57,65.80
1.67,301.06,299.63,302.53,298.27,302.85,298.91,304.27,306.29,153.79,555.92,65.80
2.00,300.40,300.25,301.20,308.67,289.88,301.78,298.70,305.66,149.15,559.23,65.80
2.33,299.07,301.48,299.20,306.36,303.50,302.93,299.32,297.48,151.47,561.88,65.80
2.67,299.73,300.25,301.86,302.89,297.02,297.76,303.65,303.14,156.11,561.88,65.80
3.00,299.73,301.48,298.54,304.05,294.42,302.93,296.23,303.14,149.92,560.56,65.80
3.33,301.06,299.01,299.87,302.89,300.26,297.76,304.89,301.26,152.24,561.22,65.80
3.67,298.41,295.31,303.86,295.38,302.85,303.50,303.65,298.11,149.92,555.92,65.80
4.00,299.73,303.33,297.87,303.47,298.31,301.78,304.27,295.60,153.01,559.89,65.80
4.33,301.72,303.33,305.19,306.36,297.02,300.06,303.03,294.97,150.70,556.59,65.80
4.67,299.73,295.31,295.88,294.80,296.37,301.20,304.27,305.66,146.06,561.88,65.80
5.00,299.07,297.16,300.53,297.11,298.31,301.20,298.08,305.66,150.70,555.92,65.80
5.33,300.40,300.25,300.53,297.11,293.77,300.63,303.65,297.48,146.83,560.56,65.80
5.67,299.73,299.63,297.87,308.09,303.50,299.48,295.61,298.74,152.24,561.88,65.80
6.00,299.73,299.01,296.54,298.84,307.39,299.48,304.27,305.66,149.15,561.88,65.80
6.33,299.07,297.78,299.20,304.05,300.91,300.63,303.65,299.37,154.56,563.86,65.80
6.67,300.40,298.40,300.53,300.58,308.04,297.19,309.83,299.37,147.60,559.23,65.80
7.00,301.06,300.25,298.54,293.64,311.93,300.06,291.90,306.29,149.92,553.28,65.80
7.33,299.73,297.16,301.20,304.05,307.39,302.93,305.50,303.14,149.92,556.59,65.80
7.67,301.06,303.95,297.87,302.89,304.80,301.20,301.18,294.97,149.15,561.22,65.80
8.00,298.41,300.25,305.19,294.80,298.96,301.78,304.27,299.37,145.29,560.56,65.80
8.33,300.40,295.93,299.87,302.31,300.26,302.35,299.32,298.74,153.01,560.56,65.80
8.67,299.07,297.78,300.53,302.31,293.77,304.07,304.89,296.86,151.47,559.89,65.80
9.00,299.73,300.25,299.87,301.16,301.56,305.22,308.60,306.29,148.38,561.22,65.80
9.33,300.40,300.25,299.87,305.78,299.61,306.94,309.21,296.23,152.24,564.53,65.80
9.67,299.73,300.25,301.20,303.47,299.61,307.52,305.50,295.60,149.15,558.57,65.80
10.00,299.73,299.63,299.87,306.36,298.31,309.81,312.31,306.92,151.47,564.53,65.80
10.33,299.07,301.48,294.55,303.47,299.61,312.11,312.31,307.55,149.15,564.53,65.80
10.67,299.73,297.78,302.53,302.89,294.42,319.56,317.87,308.81,155.33,557.91,65.80
11.00,300.40,300.86,295.88,305.20,300.26,326.45,324.68,319.50,149.15,563.86,65.80
11.33,299.07,298.40,303.86,297.11,308.04,333.33,337.04,323.27,145.29,563.20,65.80
11.67,299.73,302.71,301.86,306.36,297.02,340.22,345.08,326.42,147.60,554.60,65.80
12.00,302.39,298.40,299.87,297.11,304.80,347.68,345.08,333.33,154.56,552.61,65.80
12.33,299.73,299.63,299.87,306.94,303.50,355.13,354.36,323.90,146.06,564.53,65.80
12.67,300.40,296.55,302.53,293.06,302.20,364.89,365.49,333.33,146.83,560.56,65.80
13.00,299.73,297.16,301.86,302.31,303.50,373.49,371.06,336.48,148.38,557.91,65.80
13.33,300.40,302.10,303.86,300.00,290.53,378.08,379.72,340.25,153.79,560.56,65.80
13.67,299.07,299.01,297.21,303.47,298.31,384.39,384.66,347.80,152.24,562.54,65.80
14.00,298.41,297.78,298.54,295.38,289.88,390.13,392.08,344.65,149.15,553.28,65.80
14.33,301.06,300.25,298.54,307.51,294.42,394.15,395.79,338.36,153.01,561.22,65.80
14.67,300.40,301.48,296.54,310.40,298.31,393.00,396.41,352.20,147.60,563.20,65.80
15.00,300.40,299.01,307.18,297.69,302.85,395.87,401.98,345.91,147.60,563.86,65.80
15.33,300.40,301.48,299.20,291.33,297.02,398.74,397.65,345.28,149.15,557.25,65.80
15.67,298.41,301.48,302.53,293.06,309.34,399.31,400.12,347.17,146.83,556.59,65.80
16.00,301.06,302.71,301.86,293.64,305.45,399.31,400.12,347.80,146.83,557.25,65.80
16.33,300.40,299.63,298.54,303.47,291.18,401.61,397.03,343.40,148.38,560.56,65.80
16.67,299.73,294.70,299.20,298.27,304.15,401.61,400.74,342.77,148.38,565.19,65.80
17.00,299.73,298.40,297.87,301.73,304.15,403.33,403.83,347.80,144.51,555.92,65.80
17.33,299.73,302.71,293.88,303.47,302.85,399.89,402.60,342.77,150.70,563.20,65.80
17.67,301.06,300.25,295.88,297.69,295.07,402.18,407.54,350.94,158.42,563.20,65.80
18.00,299.07,299.01,293.88,300.00,303.50,403.33,401.36,345.28,147.60,557.25,65.80
18.33,300.40,299.01,295.88,295.38,294.42,407.34,403.83,348.43,151.47,563.20,65.80
18.67,303.05,299.63,299.20,300.58,307.39,409.06,406.93,346.54,147.60,563.20,65.80
19.00,299.73,301.48,301.20,299.42,303.50,404.48,410.02,349.06,149.15,557.25,65.80
19.33,299.73,300.86,300.53,295.38,298.96,406.20,406.93,348.43,148.38,562.54,65.80
19.67,299.73,299.01,303.19,303.47,291.83,406.20,399.51,354.72,149.15,559.23,65.80
20.00,300.40,298.40,300.53,297.69,298.96,409.06,405.07,352.83,144.51,559.23,65.80
20.33,299.07,302.10,301.86,306.94,295.72,405.05,408.16,347.17,151.47,565.19,65.80
20.67,300.40,300.86,295.88,300.00,306.10,405.62,407.54,350.94,149.15,557.91,65.80
21.00,301.72,299.63,304.52,293.64,300.26,410.79,406.31,354.09,148.38,557.91,65.80
21.33,299.73,298.40,294.55,301.16,295.07,404.48,406.31,350.31,146.06,555.92,65.80
21.67,299.07,302.10,293.22,300.58,302.20,405.62,405.07,358.49,143.74,558.57,65.80
22.00,301.06,297.78,302.53,298.27,297.67,410.21,414.35,355.97,146.83,563.20,65.80
22.33,298.41,299.63,299.87,298.84,304.80,408.49,406.93,350.31,141.42,562.54,65.80
22.67,300.40,298.40,300.53,298.84,308.69,409.64,413.73,354.72,149.15,559.89,65.80
23.00,300.40,297.16,303.19,295.95,296.37,410.79,405.69,346.54,152.24,561.88,65.80
23.33,299.73,297.78,301.86,301.73,304.15,409.64,414.35,350.94,156.11,558.57,65.80
23.67,301.06,301.48,298.54,297.69,297.02,412.51,401.98,359.75,152.24,563.20,65.80
24.00,299.73,302.71,299.20,302.31,291.83,409.06,413.73,353.46,151.47,557.91,65.80
24.33,299.07,299.63,294.55,302.31,299.61,412.51,406.31,355.35,152.24,563.86,65.80
24.67,300.40,300.86,301.20,304.05,291.83,410.21,406.93,354.72,153.01,565.19,65.80
25.00,300.40,302.10,303.86,310.98,295.72,413.08,409.40,352.20,153.79,557.91,65.80
25.33,299.73,299.01,293.88,298.84,302.85,409.64,411.87,362.89,150.70,560.56,65.80
25.67,299.07,301.48,299.20,298.27,297.02,407.34,408.16,359.12,151.47,561.22,65.80
26.00,300.40,300.25,297.21,293.06,299.61,412.51,415.58,355.35,156.11,562.54,65.80
26.33,299.73,303.95,300.53,308.09,288.59,408.49,418.06,356.60,149.92,559.23,65.80
26.67,299.73,299.01,295.88,304.62,294.42,411.93,419.91,356.60,148.38,557.91,65.80
27.00,299.07,299.01,297.21,299.42,295.72,411.93,405.69,350.94,149.92,560.56,65.80
27.33,299.07,295.93,303.19,300.00,289.88,412.51,409.40,357.86,150.70,561.22,65.80
27.67,298.41,297.16,293.88,304.05,311.93,415.95,412.49,355.97,151.47,559.89,65.80
28.00,300.40,298.40,303.86,300.00,295.07,408.49,412.49,349.69,153.01,556.59,65.80
28.33,300.40,301.48,296.54,309.25,302.85,413.65,414.35,361.64,153.79,564.53,65.80
28.67,301.06,300.25,297.87,297.69,299.61,415.38,415.58,362.89,147.60,564.53,65.80
29.00,300.40,299.01,299.87,291.33,302.85,415.38,406.93,348.43,149.15,559.23,65.80
29.33,299.73,299.01,306.52,297.69,293.13,413.08,413.11,360.38,150.70,561.22,65.80
29.67,299.07,299.63,297.87,299.42,304.15,414.80,419.29,354.72,153.01,565.19,65.80
load algo para from flash
Slot 1:
Outcome check: Negative
Index Rising data : 0.000000
Index Break data : 0.000000
Index Transition time: 17.333333
{"outcome":{"outcome":"Negative","transition_time":{"x":17.33333333,"y":-0.143498673,"i":52},"plateau_point":{"x":18.33333333,"y":1.013391536,"i":55},"increase":1.156890209,"suspect_score":3,"arm_width":1,"window_rate":0.231807593,"rise_width":4.666666667,"shape_flag":0,"climbs_fixed":0,"climb_first_i":-1},"peak_features":{"main_peak":{"x":17.66666667,"y":1.498504044,"i":53},"left_arm":{"x":17.33333333,"y":2.576159193e-6,"i":52},"right_arm":{"x":18.33333333,"y":0.081808908,"i":55}},"time_data":[0,0.333333333,0.666666667,1,1.333333333,1.666666667,2,2.333333333,2.666666667,3,3.333333333,3.666666667,4,4.333333333,4.666666667,5,5.333333333,5.666666667,6,6.333333333,6.666666667,7,7.333333333,7.666666667,8,8.333333333,8.666666667,9,9.333333333,9.666666667,10,10.33333333,10.66666667,11,11.33333333,11.66666667,12,12.33333333,12.66666667,13,13.33333333,13.66666667,14,14.33333333,14.66666667,15,15.33333333,15.66666667,16,16.33333333,16.66666667,17,17.33333333,17.66666667,18,18.33333333,18.66666667,19,19.33333333,19.66666667,20,20.33333333,20.66666667,21,21.33333333,21.66666667,22,22.33333333,22.66666667,23,23.33333333,23.66666667,24,24.33333333,24.66666667,25,25.33333333,25.66666667,26,26.33333333,26.66666667,27,27.33333333,27.66666667,28,28.33333333,28.66666667,29,29.33333333,29.66666667],"raw_data":[279.8409,289.7878,293.1035,297.7454,297.0822,301.061,300.3979,299.0716,299.7347,299.7347,301.061,298.4085,299.7347,301.7241,299.7347,299.0716,300.3979,299.7347,299.7347,299.0716,300.3979,301.061,299.7347,301.061,298.4085,300.3979,299.0716,299.7347,300.3979,299.7347,299.7347,299.0716,299.7347,300.3979,299.0716,299.7347,302.3873,299.7347,300.3979,299.7347,300.3979,299.0716,298.4085,301.061,300.3979,300.3979,300.3979,298.4085,301.061,300.3979,299.7347,299.7347,299.7347,301.061,299.0716,300.3979,303.0504,299.7347,299.7347,299.7347,300.3979,299.0716,300.3979,301.7241,299.7347,299.0716,301.061,298.4085,300.3979,300.3979,299.7347,301.061,299.7347,299.0716,300.3979,300.3979,299.7347,299.0716,300.3979,299.7347,299.7347,299.0716,299.0716,298.4085,300.3979,300.3979,301.061,300.3979,299.7347,299.0716],"processed_data":[-18.0210268,-11.9985998,-7.100049066,-3.3253746,-0.6745764,-0.071727802,0.238304237,0.430641604,0.42202957,-0.2870346,0.048831031,0.427759476,0.278484394,0.292841527,0.221076998,0.502406529,0.034484995,-0.330088958,0.109126764,0.189503723,0.465090004,0.465088683,0.568432168,0.424897165,-0.025802414,-0.152108197,-0.045890643,-0.02866816,0.178022244,-0.117663891,0.117733514,-0.057375161,-0.413341968,0.063195959,0.333038726,0.677521413,0.657425521,0.775122176,0.869858647,0.157928731,-0.318608536,-0.080341157,-0.040152414,0.384714894,0.221084,0.479445685,0.591405695,0.269885967,0.275623404,0.114861955,0.378963718,0.43637904,-0.143498673,0.436380758,0.855504024,1.013391536,0.910043295,0.826791606,0.671773407,0.043097162,-0.054502281,0.536858497,0.430642925,0.680392179,0.404799953,0.333032121,0.086156275,-0.17507208,0.278496812,0.525373318,0.275623404,0.479443042,0.287107129,0.32155619,0.14931749,0.020138959,0.183768532,0.258401714,0.014390557,-0.048763127,-0.335833133,-0.467887053,-0.663091618,-0.31860629,0.12635321,0.602885721,0.62298041,0.46222159,0.12060926,-0.401856578],"differential_data":[18.06728099,16.3814666,13.0098378,9.638208999,4.880470197,1.369320956,0.753554109,0.275587998,-1.076514306,-0.559797807,1.072191115,0.344480044,-0.202376923,-0.086111093,0.314347502,-0.279888004,-1.248743231,0.111962653,0.779389022,0.533944861,0.41337744,0.155013245,-0.060287277,-0.891351873,-0.865508042,-0.030132343,0.185160055,0.335869331,-0.133493597,-0.090433096,0.090433096,-0.796613223,0.18085668,1.119571042,0.92148818,0.486580192,0.146401145,0.318649688,-0.925790167,-1.782700774,-0.357404833,0.417684183,0.697584078,0.391854621,0.142096185,0.555482542,-0.314339576,-0.473673437,-0.232536019,0.155010471,0.482275628,-0.783693586,2.576159193e-6,1.498504044,0.865516167,0.081808908,-0.279899894,-0.357404833,-1.175541667,-1.089413531,0.740642003,0.727717808,0.215300523,-0.038764458,-0.521040087,-0.477965516,-0.762156301,0.288510806,1.050668097,-0.004310112,-0.068895414,0.017225588,-0.236830278,-0.206684459,-0.452125847,0.051676564,0.357394132,-0.254066963,-0.460747261,-0.525335535,-0.628685889,-0.490887729,0.223921144,1.184167243,1.382238017,0.7449408,-0.210996197,-0.753556725,-1.296117252,-1.567397516,18.06728099,16.3814666,13.0098378,9.638208999,4.880470197,1.369320956,0.753554109,0.275587998,-1.076514306,-0.559797807,1.072191115,0.344480044,-0.202376923,-0.086111093,0.314347502,-0.279888004,-1.248743231,0.111962653,0.779389022,0.533944861,0.41337744,0.155013245,-0.060287277,-0.891351873,-0.865508042,-0.030132343,0.185160055,0.335869331,-0.133493597,-0.090433096,0.090433096,-0.796613223,0.18085668,1.119571042,0.92148818,0.486580192,0.146401145,0.318649688,-0.925790167,-1.782700774,-0.357404833,0.417684183,0.697584078,0.391854621,0.142096185,0.555482542,-0.314339576,-0.473673437,-0.232536019,0.155010471,0.482275628,-0.783693586,2.576159193e-6,1.498504044,0.865516167,0.081808908,-0.279899894,-0.357404833,-1.175541667,-1.089413531,0.740642003,0.727717808,0.215300523,-0.038764458,-0.521040087,-0.477965516,-0.762156301,0.288510806,1.050668097,-0.004310112,-0.068895414,0.017225588,-0.236830278,-0.206684459,-0.452125847,0.051676564,0.357394132,-0.254066963,-0.460747261,-0.525335535,-0.628685889,-0.490887729,0.223921144,1.184167243,1.382238017,0.7449408,-0.210996197,-0.753556725,-1.296117252,-1.567397516]}

Slot 2:
Outcome check: Negative
Index Rising data : 23.000000
Index Break data : 0.000000
Index Transition time: 14.333333
{"outcome":{"outcome":"Negative","transition_time":{"x":14.33333333,"y":-0.261554801,"i":43},"plateau_point":{"x":15.33333333,"y":1.71878567,"i":46},"increase":1.98034047,"suspect_score":2,"arm_width":0.666666667,"window_rate":0.543793682,"rise_width":5.666666667,"shape_flag":0,"climbs_fixed":0,"climb_first_i":-1},"peak_features":{"main_peak":{"x":15,"y":3.306804508,"i":45},"left_arm":{"x":14.66666667,"y":1.481243778,"i":44},"right_arm":{"x":15.33333333,"y":0.204180234,"i":46}},"time_data":[0,0.333333333,0.666666667,1,1.333333333,1.666666667,2,2.333333333,2.666666667,3,3.333333333,3.666666667,4,4.333333333,4.666666667,5,5.333333333,5.666666667,6,6.333333333,6.666666667,7,7.333333333,7.666666667,8,8.333333333,8.666666667,9,9.333333333,9.666666667,10,10.33333333,10.66666667,11,11.33333333,11.66666667,12,12.33333333,12.66666667,13,13.33333333,13.66666667,14,14.33333333,14.66666667,15,15.33333333,15.66666667,16,16.33333333,16.66666667,17,17.33333333,17.66666667,18,18.33333333,18.66666667,19,19.33333333,19.66666667,20,20.33333333,20.66666667,21,21.33333333,21.66666667,22,22.33333333,22.66666667,23,23.33333333,23.66666667,24,24.33333333,24.66666667,25,25.33333333,25.66666667,26,26.33333333,26.66666667,27,27.33333333,27.66666667,28,28.33333333,28.66666667,29,29.33333333,29.66666667],"raw_data":[283.6005,289.1492,295.3144,297.7805,297.7805,299.6301,300.2466,301.4796,300.2466,301.4796,299.0136,295.3144,303.3292,303.3292,295.3144,297.164,300.2466,299.6301,299.0136,297.7805,298.397,300.2466,297.164,303.9457,300.2466,295.9309,297.7805,300.2466,300.2466,300.2466,299.6301,301.4796,297.7805,300.8631,298.397,302.7127,298.397,299.6301,296.5475,297.164,302.0962,299.0136,297.7805,300.2466,301.4796,299.0136,301.4796,301.4796,302.7127,299.6301,294.6979,298.397,302.7127,300.2466,299.0136,299.0136,299.6301,301.4796,300.8631,299.0136,298.397,302.0962,300.8631,299.6301,298.397,302.0962,297.7805,299.6301,298.397,297.164,297.7805,301.4796,302.7127,299.6301,300.8631,302.0962,299.0136,301.4796,300.2466,303.9457,299.0136,299.0136,295.9309,297.164,298.397,301.4796,300.2466,299.0136,299.0136,299.6301],"processed_data":[-15.68744081,-10.78141322,-6.728108922,-3.527527912,-1.179670193,-0.256219377,0.301584351,0.955473004,0.064049923,-0.547135919,0.138781131,-0.141455976,-0.709939139,-1.040886156,-0.7633198,-0.651218563,-1.892268193,-1.985680915,-0.717940161,-1.609364035,-1.502609451,-0.483079786,-0.221527364,-0.453723726,-0.82470505,-1.152984619,-0.990179681,-1.702779002,-0.395003414,0.189493815,0.232194777,-0.549805348,-0.208182595,-0.232205346,0.037356422,-0.35230232,-0.982168355,-1.414531757,-1.254390964,-1.929629636,-1.470571278,-0.872737604,-0.346958837,-0.261554801,-0.485750669,0.725941051,1.71878567,0.862061207,-0.389666669,-0.55781073,-0.998181364,-1.134295971,-1.139633113,-0.573815416,0.208183123,0.016018029,-0.304254705,-0.368312951,-0.07740143,0.173476578,0.229527593,-0.3950013,0.114764193,0.173478032,0.002670486,-0.619193337,-0.934125364,-1.604027422,-1.950989959,-1.71612813,-0.776662323,-0.408351617,0.755304378,1.115613797,1.115615647,0.221525646,0.672569242,1.182333414,1.198351047,0.520439775,-0.210845419,-1.756152925,-2.244571702,-2.439407415,-1.470589642,-0.926124606,-0.691790164,-0.564211032,-0.543387211,-0.6293187],"differential_data":[14.71808277,13.43899784,10.88082797,8.322658093,4.906962803,2.221881817,1.817538571,-0.356301642,-2.253913384,0.112096811,0.608519913,-1.273080405,-1.34914527,-0.080070991,0.58450139,-1.69342259,-2.001693527,1.761492048,0.56447532,-1.177003935,1.689426373,1.921623131,0.044034091,-0.904766529,-1.04889134,-0.248211947,-0.824691574,0.892764401,2.838409226,0.940797286,-1.108948745,-0.660566057,0.476400004,0.368308526,-0.180145462,-1.529287165,-1.593344156,-0.408333915,-0.772646817,-0.324270471,1.585338048,1.685418662,0.916774205,-0.208187747,1.481243778,3.306804508,0.204180234,-3.162678508,-2.129807906,-0.912772042,-0.864727862,-0.212177623,0.840720833,2.021724354,0.884750168,-0.768656743,-0.576496471,0.340279914,0.812684294,0.460393534,-0.852716817,-0.1721451,0.852718997,-0.16814056,-1.189007053,-1.405193775,-1.477251127,-1.525296892,-0.168151063,1.761491453,1.96166477,2.297950051,2.285948122,0.540466903,-1.341132226,-0.664569607,1.441211651,0.788672707,-0.992840457,-2.113794698,-3.414889051,-3.050589425,-1.024881734,1.160973091,2.269924213,1.168199217,0.542870361,0.22260443,-0.097661501,-0.257794467,14.71808277,13.43899784,10.88082797,8.322658093,4.906962803,2.221881817,1.817538571,-0.356301642,-2.253913384,0.112096811,0.608519913,-1.273080405,-1.34914527,-0.080070991,0.58450139,-1.69342259,-2.001693527,1.761492048,0.56447532,-1.177003935,1.689426373,1.921623131,0.044034091,-0.904766529,-1.04889134,-0.248211947,-0.824691574,0.892764401,2.838409226,0.940797286,-1.108948745,-0.660566057,0.476400004,0.368308526,-0.180145462,-1.529287165,-1.593344156,-0.408333915,-0.772646817,-0.324270471,1.585338048,1.685418662,0.916774205,-0.208187747,1.481243778,3.306804508,0.204180234,-3.162678508,-2.129807906,-0.912772042,-0.864727862,-0.212177623,0.840720833,2.021724354,0.884750168,-0.768656743,-0.576496471,0.340279914,0.812684294,0.460393534,-0.852716817,-0.1721451,0.852718997,-0.16814056,-1.189007053,-1.405193775,-1.477251127,-1.525296892,-0.168151063,1.761491453,1.96166477,2.297950051,2.285948122,0.540466903,-1.341132226,-0.664569607,1.441211651,0.788672707,-0.992840457,-2.113794698,-3.414889051,-3.050589425,-1.024881734,1.160973091,2.269924213,1.168199217,0.542870361,0.22260443,-0.097661501,-0.257794467]}

Slot 3:
Outcome check: Negative
Index Rising data : 0.000000
Index Break data : 0.000000
Index Transition time: 17.666667
{"outcome":{"outcome":"Negative","transition_time":{"x":17.66666667,"y":-5.382489886,"i":53},"plateau_point":{"x":19.33333333,"y":1.568667986,"i":58},"increase":6.951157871,"suspect_score":3,"arm_width":1.333333333,"window_rate":0.890120403,"rise_width":4.333333333,"shape_flag":0,"climbs_fixed":0,"climb_first_i":-1},"peak_features":{"main_peak":{"x":18.66666667,"y":5.327771472,"i":56},"left_arm":{"x":18,"y":2.163075237,"i":54},"right_arm":{"x":19.33333333,"y":1.938546713,"i":58}},"time_data":[0,0.333333333,0.666666667,1,1.333333333,1.666666667,2,2.333333333,2.666666667,3,3.333333333,3.666666667,4,4.333333333,4.666666667,5,5.333333333,5.666666667,6,6.333333333,6.666666667,7,7.333333333,7.666666667,8,8.333333333,8.666666667,9,9.333333333,9.666666667,10,10.33333333,10.66666667,11,11.33333333,11.66666667,12,12.33333333,12.66666667,13,13.33333333,13.66666667,14,14.33333333,14.66666667,15,15.33333333,15.66666667,16,16.33333333,16.66666667,17,17.33333333,17.66666667,18,18.33333333,18.66666667,19,19.33333333,19.66666667,20,20.33333333,20.66666667,21,21.33333333,21.66666667,22,22.33333333,22.66666667,23,23.33333333,23.66666667,24,24.33333333,24.66666667,25,25.33333333,25.66666667,26,26.33333333,26.66666667,27,27.33333333,27.66666667,28,28.33333333,28.66666667,29,29.33333333,29.66666667],"raw_data":[280.5851,290.5585,297.8723,293.2181,303.8564,302.5266,301.1968,299.2021,301.8617,298.5372,299.867,303.8564,297.8723,305.1862,295.8777,300.5319,300.5319,297.8723,296.5425,299.2021,300.5319,298.5372,301.1968,297.8723,305.1862,299.867,300.5319,299.867,299.867,301.1968,299.867,294.5479,302.5266,295.8777,303.8564,301.8617,299.867,299.867,302.5266,301.8617,303.8564,297.2074,298.5372,298.5372,296.5425,307.1808,299.2021,302.5266,301.8617,298.5372,299.2021,297.8723,293.883,295.8777,293.883,295.8777,299.2021,301.1968,300.5319,303.1915,300.5319,301.8617,295.8777,304.5213,294.5479,293.2181,302.5266,299.867,300.5319,303.1915,301.8617,298.5372,299.2021,294.5479,301.1968,303.8564,293.883,299.2021,297.2074,300.5319,295.8777,297.2074,303.1915,293.883,303.8564,296.5425,297.8723,299.867,306.5159,297.8723],"processed_data":[-17.70576893,-11.34293342,-6.193313863,-2.25691025,0.466277416,1.180102592,1.039068313,0.840459518,0.014381045,-0.552649956,0.670634877,0.630339519,0.236006964,0.613065381,0.103598458,-1.145599365,-1.447820226,-2.170283991,-1.5197816,-1.585975152,-1.893954455,-0.495086538,0.29933041,0.486419546,0.613064588,0.667746804,0.431725836,0.892262909,-1.099540281,-0.469186362,-1.623394723,-1.600366502,-1.0966567,-0.621732505,-0.037429744,0.918173786,0.388558128,1.908314759,1.062084908,0.998763972,0.834703322,-1.125436758,-1.252082461,-1.338432675,-0.805943873,1.087995917,1.482325038,1.585946484,1.289477592,-1.09665921,-1.571582745,-3.557629606,-4.968010576,-5.382489886,-5.031328474,-3.940439728,-1.721252177,-0.38859208,1.568667986,0.903772395,1.283714261,0.805912034,-1.229060053,-2.348727932,-2.524305864,-2.69413143,-1.470846861,-0.762780128,1.318252894,1.980269659,-0.184231448,-1.082267332,-0.710958241,-1.712615306,-1.629144446,-1.695346452,-1.309653278,-1.315410399,-3.18057066,-2.400546648,-2.069539916,-1.764435343,-1.384491495,-1.727012205,-1.810485047,-0.840488582,-0.508619498,-0.133577025,0.284638838,0.746028091],"differential_data":[19.08850653,17.2686826,13.62903476,9.989386918,5.155519263,0.859186346,-0.509464611,-1.537030901,-2.089664212,0.984380747,1.774484213,-0.651941869,-0.025911207,-0.198612758,-2.637997119,-2.327128026,-1.537026938,-0.107942061,0.876463258,-0.561259282,1.636332921,3.289927297,1.472259125,0.470601268,0.271990888,-0.272008128,0.336774157,-2.296899176,-2.042173906,-0.785781662,-1.69677021,0.790107033,1.467950994,1.588840435,2.309859437,0.638981807,1.485211459,1.010290171,-1.36432618,-0.34107238,-3.186301095,-3.130178674,-0.319493876,0.669207883,3.639642889,3.432403366,0.746925849,-0.289271169,-4.023908541,-4.291590505,-3.691455593,-5.094641747,-2.73729042,-0.094976846,2.163075237,4.965114445,5.327771472,4.934880244,1.938546713,-0.427430586,-0.146790542,-3.769161472,-4.73195995,-1.942868716,-0.518105247,1.580188504,2.897026954,4.183649633,4.11457468,-2.253726513,-4.593805487,-0.790090189,-0.945521962,-1.377279306,0.025903281,0.479236751,0.56990408,-2.806376073,-1.627704373,1.666546116,0.954166957,1.027572632,0.056134707,-0.638990328,1.329785434,1.952798323,1.060367337,1.189887505,1.319407674,1.384167758,19.08850653,17.2686826,13.62903476,9.989386918,5.155519263,0.859186346,-0.509464611,-1.537030901,-2.089664212,0.984380747,1.774484213,-0.651941869,-0.025911207,-0.198612758,-2.637997119,-2.327128026,-1.537026938,-0.107942061,0.876463258,-0.561259282,1.636332921,3.289927297,1.472259125,0.470601268,0.271990888,-0.272008128,0.336774157,-2.296899176,-2.042173906,-0.785781662,-1.69677021,0.790107033,1.467950994,1.588840435,2.309859437,0.638981807,1.485211459,1.010290171,-1.36432618,-0.34107238,-3.186301095,-3.130178674,-0.319493876,0.669207883,3.639642889,3.432403366,0.746925849,-0.289271169,-4.023908541,-4.291590505,-3.691455593,-5.094641747,-2.73729042,-0.094976846,2.163075237,4.965114445,5.327771472,4.934880244,1.938546713,-0.427430586,-0.146790542,-3.769161472,-4.73195995,-1.942868716,-0.518105247,1.580188504,2.897026954,4.183649633,4.11457468,-2.253726513,-4.593805487,-0.790090189,-0.945521962,-1.377279306,0.025903281,0.479236751,0.56990408,-2.806376073,-1.627704373,1.666546116,0.954166957,1.027572632,0.056134707,-0.638990328,1.329785434,1.952798323,1.060367337,1.189887505,1.319407674,1.384167758]}

Slot 4:
Outcome check: Negative
Index Rising data : 15.333333
Index Break data : 0.000000
Index Transition time: 15.666667
{"outcome":{"outcome":"Negative","transition_time":{"x":15.66666667,"y":-8.790658926,"i":47},"plateau_point":{"x":17,"y":-1.676572461,"i":51},"increase":7.114086465,"suspect_score":2,"arm_width":1.333333333,"window_rate":1.69406914,"rise_width":4,"shape_flag":0,"climbs_fixed":0,"climb_first_i":-1},"peak_features":{"main_peak":{"x":16.33333333,"y":9.000834477,"i":49},"left_arm":{"x":15.66666667,"y":-4.556717117,"i":47},"right_arm":{"x":17,"y":0.600564734,"i":51}},"time_data":[0,0.333333333,0.666666667,1,1.333333333,1.666666667,2,2.333333333,2.666666667,3,3.333333333,3.666666667,4,4.333333333,4.666666667,5,5.333333333,5.666666667,6,6.333333333,6.666666667,7,7.333333333,7.666666667,8,8.333333333,8.666666667,9,9.333333333,9.666666667,10,10.33333333,10.66666667,11,11.33333333,11.66666667,12,12.33333333,12.66666667,13,13.33333333,13.66666667,14,14.33333333,14.66666667,15,15.33333333,15.66666667,16,16.33333333,16.66666667,17,17.33333333,17.66666667,18,18.33333333,18.66666667,19,19.33333333,19.66666667,20,20.33333333,20.66666667,21,21.33333333,21.66666667,22,22.33333333,22.66666667,23,23.33333333,23.66666667,24,24.33333333,24.66666667,25,25.33333333,25.66666667,26,26.33333333,26.66666667,27,27.33333333,27.66666667,28,28.33333333,28.66666667,29,29.33333333,29.66666667],"raw_data":[271.6763,291.9075,297.6879,298.2659,301.1561,298.2659,308.6705,306.3584,302.8902,304.0462,302.8902,295.3757,303.4682,306.3584,294.7977,297.1098,297.1098,308.0925,298.8439,304.0462,300.578,293.6416,304.0462,302.8902,294.7977,302.3121,302.3121,301.1561,305.7803,303.4682,306.3584,303.4682,302.8902,305.2023,297.1098,306.3584,297.1098,306.9364,293.0636,302.3121,300,303.4682,295.3757,307.5144,310.4046,297.6879,291.3295,293.0636,293.6416,303.4682,298.2659,301.7341,303.4682,297.6879,300,295.3757,300.578,299.422,295.3757,303.4682,297.6879,306.9364,300,293.6416,301.1561,300.578,298.2659,298.8439,298.8439,295.9538,301.7341,297.6879,302.3121,302.3121,304.0462,310.9827,298.8439,298.2659,293.0636,308.0925,304.6243,299.422,300,304.0462,300,309.2486,297.6879,291.3295,297.6879,299.422],"processed_data":[-26.10066547,-17.33030146,-10.1601684,-4.590266306,-0.620595164,-0.347844376,0.68060197,2.154462146,0.9308329,-0.392888717,-1.253683115,-1.779168067,-2.414754628,-4.53921522,-3.753490101,-3.383148325,-3.718457771,-2.349691812,-1.689086782,-2.124491902,-1.88927681,-4.088807341,-3.663414101,-3.898629193,-3.318090133,-1.92930385,-2.447284649,-0.730700472,1.196077685,0.750666631,1.761599586,0.618044238,0.297748648,-1.133572269,-0.738204626,-1.834220721,-2.482322131,-3.410680862,-2.204568442,-4.37657225,-3.793534977,-2.131993678,1.176069912,-0.025041192,-1.38880425,-4.769434677,-5.835426364,-8.790658926,-8.873237775,-5.16480668,-2.872681457,-1.676572461,-2.472304968,-3.986204866,-3.675918513,-5.46256735,-5.269889534,-5.234857204,-4.043757979,-2.014382366,-2.90270679,-2.852663907,-2.622453434,-3.926157237,-4.068788206,-4.97462219,-4.75191336,-3.978695163,-5.317433411,-5.097230193,-4.374062806,-4.041258445,-1.188621224,0.715639453,1.178571429,-0.61308599,-2.006876231,-2.131995659,-2.822636988,-3.685937659,-1.373799113,-1.506420978,0.097568528,-0.695660215,-1.438848718,-2.379719656,-3.127911549,-4.216418298,-5.645239905,-7.414376369],"differential_data":[26.31109203,23.9107456,19.11005273,14.30935986,6.363632896,1.951795702,3.753459782,0.375346394,-3.821026294,-3.276774022,-2.079419025,-1.74160727,-4.140070729,-2.00810321,1.7341,0.052548495,1.55018477,3.044056484,0.337799865,-0.300285042,-2.946473159,-2.661205936,0.285267223,0.517985951,2.953988013,1.306208227,1.797905067,5.465043501,2.222050654,0.848282851,-0.198933589,-2.195776407,-2.62742476,-1.553929911,-1.050972678,-2.616176258,-2.364690211,0.416630534,-1.448837082,-2.383449802,3.366867858,7.454407333,3.160428728,-3.847311243,-7.116590227,-6.66993317,-6.031836373,-4.556717117,5.438778369,9.000834477,5.232351328,0.600564734,-3.464448607,-1.805420318,-2.214543727,-2.390956532,0.341565219,1.839197332,4.830712256,1.711576784,-1.257422311,0.420380035,-1.610239995,-2.169502159,-1.572697429,-1.02468773,1.493890539,-0.848280077,-1.677802544,1.415055907,1.583957623,4.778162374,7.135346846,3.550788978,-1.993088165,-4.77817149,-2.278364504,-1.223641135,-2.330912999,2.173256812,3.269275021,2.207051463,1.216141143,-2.30462587,-2.52608916,-2.533594245,-2.755047964,-3.775992535,-4.796937105,-5.307409391,26.31109203,23.9107456,19.11005273,14.30935986,6.363632896,1.951795702,3.753459782,0.375346394,-3.821026294,-3.276774022,-2.079419025,-1.74160727,-4.140070729,-2.00810321,1.7341,0.052548495,1.55018477,3.044056484,0.337799865,-0.300285042,-2.946473159,-2.661205936,0.285267223,0.517985951,2.953988013,1.306208227,1.797905067,5.465043501,2.222050654,0.848282851,-0.198933589,-2.195776407,-2.62742476,-1.553929911,-1.050972678,-2.616176258,-2.364690211,0.416630534,-1.448837082,-2.383449802,3.366867858,7.454407333,3.160428728,-3.847311243,-7.116590227,-6.66993317,-6.031836373,-4.556717117,5.438778369,9.000834477,5.232351328,0.600564734,-3.464448607,-1.805420318,-2.214543727,-2.390956532,0.341565219,1.839197332,4.830712256,1.711576784,-1.257422311,0.420380035,-1.610239995,-2.169502159,-1.572697429,-1.02468773,1.493890539,-0.848280077,-1.677802544,1.415055907,1.583957623,4.778162374,7.135346846,3.550788978,-1.993088165,-4.77817149,-2.278364504,-1.223641135,-2.330912999,2.173256812,3.269275021,2.207051463,1.216141143,-2.30462587,-2.52608916,-2.533594245,-2.755047964,-3.775992535,-4.796937105,-5.307409391]}

Slot 5:
Outcome check: Negative
Index Rising data : 0.000000
Index Break data : 0.000000
Index Transition time: 14.000000
{"outcome":{"outcome":"Negative","transition_time":{"x":14,"y":-3.745051925,"i":42},"plateau_point":{"x":15.33333333,"y":4.357092787,"i":46},"increase":8.102144712,"suspect_score":2,"arm_width":1,"window_rate":1.81638389,"rise_width":5.333333333,"shape_flag":0,"climbs_fixed":0,"climb_first_i":-1},"peak_features":{"main_peak":{"x":14.66666667,"y":10.27927428,"i":44},"left_arm":{"x":14.33333333,"y":4.889080692,"i":43},"right_arm":{"x":15.33333333,"y":1.932885504,"i":46}},"time_data":[0,0.333333333,0.666666667,1,1.333333333,1.666666667,2,2.333333333,2.666666667,3,3.333333333,3.666666667,4,4.333333333,4.666666667,5,5.333333333,5.666666667,6,6.333333333,6.666666667,7,7.333333333,7.666666667,8,8.333333333,8.666666667,9,9.333333333,9.666666667,10,10.33333333,10.66666667,11,11.33333333,11.66666667,12,12.33333333,12.66666667,13,13.33333333,13.66666667,14,14.33333333,14.66666667,15,15.33333333,15.66666667,16,16.33333333,16.66666667,17,17.33333333,17.66666667,18,18.33333333,18.66666667,19,19.33333333,19.66666667,20,20.33333333,20.66666667,21,21.33333333,21.66666667,22,22.33333333,22.66666667,23,23.33333333,23.66666667,24,24.33333333,24.66666667,25,25.33333333,25.66666667,26,26.33333333,26.66666667,27,27.33333333,27.66666667,28,28.33333333,28.66666667,29,29.33333333,29.66666667],"raw_data":[281.4527,293.7743,307.393,302.8535,304.799,302.8535,289.8833,303.502,297.0169,294.4229,300.2594,302.8535,298.3139,297.0169,296.3684,298.3139,293.7743,303.502,307.393,300.9079,308.0415,311.9326,307.393,304.799,298.9624,300.2594,293.7743,301.5564,299.6109,299.6109,298.3139,299.6109,294.4229,300.2594,308.0415,297.0169,304.799,303.502,302.205,303.502,290.5318,298.3139,289.8833,294.4229,298.3139,302.8535,297.0169,309.3385,305.4475,291.1803,304.1505,304.1505,302.8535,295.0714,303.502,294.4229,307.393,303.502,298.9624,291.8288,298.9624,295.7198,306.096,300.2594,295.0714,302.205,297.6654,304.799,308.69,296.3684,304.1505,297.0169,291.8288,299.6109,291.8288,295.7198,302.8535,297.0169,299.6109,288.5863,294.4229,295.7198,289.8833,311.9326,295.0714,302.8535,299.6109,302.8535,293.1258,304.1505],"processed_data":[-11.63889918,-4.690030277,0.542115407,4.057537868,5.856237106,3.86298519,0.311628333,-0.875898881,-0.884319355,0.272332394,1.886588489,0.348135944,1.330725996,-0.016826283,-1.701266598,-0.679377568,0.729933173,2.453672203,5.468810242,8.19759643,10.67933675,9.626563002,8.91068139,6.619848739,3.200444077,0.780468037,0.306012967,0.22740497,1.395279657,0.814148874,0.289174134,0.738358271,0.976986972,1.942731321,3.391343022,4.351475307,6.636692196,4.626597483,3.281861673,1.923079189,-1.774261607,-3.94156901,-3.745051925,-3.944374382,-0.485664797,2.908475141,4.357092787,4.197065477,3.992119595,4.413227428,3.55416487,2.540694728,1.763049501,3.133061661,2.313304819,3.321161179,2.824248079,3.009536545,0.210562702,0.561481294,-0.353727663,-0.162824755,1.518809133,2.055024382,1.252109676,3.298703809,2.504214464,4.635022977,5.906773687,3.542943253,2.787753547,-0.432334338,-3.119016573,-2.156080502,-2.815813865,-0.151596664,0.084227723,-1.280161936,-0.816938788,-4.70799011,-4.17178239,-3.020752482,-1.052767799,1.670402626,3.433448428,2.928123045,3.200720994,3.024134146,2.398362501,1.323406058],"differential_data":[20.84660672,18.27152189,13.12135222,7.971182548,-0.291829018,-8.316913159,-7.108326107,-1.793921533,1.722346913,4.156361766,0.113705325,-0.833793739,-0.54744334,-4.547988892,-0.993826928,3.646799657,4.699574656,7.108315604,8.615886341,7.815789755,2.143449858,-2.652983034,-4.510071395,-8.56535597,-8.759071053,-4.341646665,-0.8295946,1.633900036,0.880115856,-1.659158286,-0.113685905,1.031719257,1.806559575,3.621534075,3.613115979,4.868023761,0.412683264,-5.032245785,-4.05527744,-7.584184919,-8.7969723,-2.956185477,-0.004208057,4.889080692,10.27927428,7.264136376,1.932885504,-0.547459788,0.324242926,-0.656932088,-2.80879905,-2.686673053,0.888550399,0.825382976,0.282149278,0.76641489,-0.467436951,-3.920528065,-3.672082876,-0.846435547,-1.086459073,2.808805193,3.326773705,-finish one round maintenance
0.400049185,1.86551914,1.878157182,2.004478752,5.103838834,-1.638119586,-4.67853021,-5.962916387,-8.86015518,-2.585619245,0.454804061,3.006725757,4.350062383,-1.692847908,-1.351749767,-5.14174226,-5.032265403,2.530856442,4.678521887,7.036732661,6.729324341,1.886580628,-0.349091151,0.144016652,-1.20353774,-2.551092133,-3.224869329,20.84660672,18.27152189,13.12135222,7.971182548,-0.291829018,-8.316913159,-7.108326107,-1.793921533,1.722346913,4.156361766,0.113705325,-0.833793739,-0.54744334,-4.547988892,-0.993826928,3.646799657,4.699574656,7.108315604,8.615886341,7.815789755,2.143449858,-2.652983034,-4.510071395,-8.56535597,-8.759071053,-4.341646665,-0.8295946,1.633900036,0.880115856,-1.659158286,-0.113685905,1.031719257,1.806559575,3.621534075,3.613115979,4.868023761,0.412683264,-5.032245785,-4.05527744,-7.584184919,-8.7969723,-2.956185477,-0.004208057,4.889080692,10.27927428,7.264136376,1.932885504,-0.547459788,0.324242926,-0.656932088,-2.80879905,-2.686673053,0.888550399,0.825382976,0.282149278,0.76641489,-0.467436951,-3.920528065,-3.672082876,-0.846435547,-1.086459073,2.808805193,3.326773705,-0.400049185,1.86551914,1.878157182,2.004478752,5.103838834,-1.638119586,-4.67853021,-5.962916387,-8.86015518,-2.585619245,0.454804061,3.006725757,4.350062383,-1.692847908,-1.351749767,-5.14174226,-5.032265403,2.530856442,4.678521887,7.036732661,6.729324341,1.886580628,-0.349091151,0.144016652,-1.20353774,-2.551092133,-3.224869329]}

Slot 6:
Outcome check: Positive
Index Rising data : 6.666667
Index Break data : 0.000000
Index Transition time: 9.666667
{"outcome":{"outcome":"Positive","transition_time":{"x":9.666666667,"y":6.370548925,"i":29},"plateau_point":{"x":14.33333333,"y":91.09286288,"i":43},"increase":84.72231395,"suspect_score":1,"arm_width":4,"window_rate":19.73633536,"rise_width":4.666666667,"shape_flag":0,"climbs_fixed":0,"climb_first_i":-1},"peak_features":{"main_peak":{"x":12.33333333,"y":23.95854722,"i":37},"left_arm":{"x":10,"y":9.641526854,"i":30},"right_arm":{"x":14,"y":10.91192112,"i":42}},"time_data":[0,0.333333333,0.666666667,1,1.333333333,1.666666667,2,2.333333333,2.666666667,3,3.333333333,3.666666667,4,4.333333333,4.666666667,5,5.333333333,5.666666667,6,6.333333333,6.666666667,7,7.333333333,7.666666667,8,8.333333333,8.666666667,9,9.333333333,9.666666667,10,10.33333333,10.66666667,11,11.33333333,11.66666667,12,12.33333333,12.66666667,13,13.33333333,13.66666667,14,14.33333333,14.66666667,15,15.33333333,15.66666667,16,16.33333333,16.66666667,17,17.33333333,17.66666667,18,18.33333333,18.66666667,19,19.33333333,19.66666667,20,20.33333333,20.66666667,21,21.33333333,21.66666667,22,22.33333333,22.66666667,23,23.33333333,23.66666667,24,24.33333333,24.66666667,25,25.33333333,25.66666667,26,26.33333333,26.66666667,27,27.33333333,27.66666667,28,28.33333333,28.66666667,29,29.33333333,29.66666667],"raw_data":[281.6982,290.3041,293.1727,298.3362,300.0574,298.9099,301.7785,302.926,297.7625,302.926,297.7625,303.4997,301.7785,300.0574,301.2048,301.2048,300.6311,299.4836,299.4836,300.6311,297.1888,300.0574,302.926,301.2048,301.7785,302.3523,304.0734,305.2209,306.942,307.5158,309.8107,312.1056,319.564,326.4486,333.3333,340.218,347.6764,355.1348,364.8881,373.494,378.0838,384.3947,390.132,394.148,393.0006,395.8692,398.7378,399.3115,399.3115,401.6064,401.6064,403.3276,399.8853,402.1801,403.3276,407.3437,409.0648,404.475,406.1962,406.1962,409.0648,405.0488,405.6225,410.786,404.475,405.6225,410.2123,408.4911,409.6385,410.786,409.6385,412.5072,409.0648,412.5072,410.2123,413.0809,409.6385,407.3437,412.5072,408.4911,411.9334,411.9334,412.5072,415.9495,408.4911,413.6546,415.3758,415.3758,413.0809,414.8021],"processed_data":[-18.5121595,-12.44981773,-7.548582016,-3.808452365,-1.229428774,-0.774921896,0.21109022,-0.553866564,-0.506678462,-0.109294677,-0.442105248,-0.352697992,0.302980629,-0.014927191,0.235923206,-0.844463002,-0.630867434,-1.107727183,-1.977001768,-1.902489336,-1.532428031,-0.943803267,-0.479361794,0.153964749,1.207033628,1.758402903,2.448859012,3.862060547,4.825717414,6.370548925,8.881521118,12.79823349,18.01638358,24.53845096,31.5299314,39.11500688,47.02543607,55.06501869,62.99780088,70.6822161,78.07852781,83.8182488,87.82686255,91.09286288,93.86212898,95.3374174,96.54198611,97.639761,99.49007769,99.95949076,100.1258972,100.1879863,100.6673321,101.9985699,103.1460186,104.1941199,105.1751586,105.8854813,105.87058,104.7951614,105.4284941,106.1139814,105.4433989,105.5452326,105.5675839,106.4045735,107.0056142,107.1124116,108.9825986,109.1216799,109.2756678,109.5364552,110.0033847,110.3361979,109.7326698,109.5265289,109.2309734,108.6100564,108.7839082,108.634889,110.6044247,111.0465124,110.7633724,111.5829782,111.9729111,112.270953,112.5846405,112.8946035,113.2008421,113.5033562],"differential_data":[18.18702531,16.44536622,12.96204804,9.478729862,4.550295703,2.160778492,0.331582998,-1.076653022,0.666857831,0.09685982,-0.365104973,1.117628816,0.506656201,-0.100586136,-1.244303716,-1.300185959,-0.394896272,-2.019201502,-1.19214323,0.666860605,1.438029103,1.579599356,1.646652024,2.529593133,2.406657231,1.862738077,3.155486466,3.565287602,3.762732568,6.083705555,9.641526854,13.70229369,17.6103262,20.27032173,21.86483388,23.243257,23.92501772,23.95854722,23.42579611,22.62109038,19.70404905,14.62250212,10.91192112,9.052899646,6.366831792,4.019785695,3.453515387,4.422137372,3.479594639,0.953729208,0.342743316,0.812152417,2.715875403,3.718029666,3.293325053,3.043710089,2.537041999,1.043132039,-1.635479816,-0.663128741,1.978230068,0.022357098,-0.853123256,0.186277513,1.289011373,2.157045439,1.061757075,2.965476692,3.01390254,0.439603731,0.622162856,1.091575325,1.199614091,-0.406072245,-1.214503499,-0.752544651,-1.374708696,-0.67059782,0.037248884,2.730774718,3.617435009,0.238421552,0.804698795,1.814308067,1.031962209,0.917594137,0.935475773,0.924302376,0.913128979,0.907542281,18.18702531,16.44536622,12.96204804,9.478729862,4.550295703,2.160778492,0.331582998,-1.076653022,0.666857831,0.09685982,-0.365104973,1.117628816,0.506656201,-0.100586136,-1.244303716,-1.300185959,-0.394896272,-2.019201502,-1.19214323,0.666860605,1.438029103,1.579599356,1.646652024,2.529593133,2.406657231,1.862738077,3.155486466,3.565287602,3.762732568,6.083705555,9.641526854,13.70229369,17.6103262,20.27032173,21.86483388,23.243257,23.92501772,23.95854722,23.42579611,22.62109038,19.70404905,14.62250212,10.91192112,9.052899646,6.366831792,4.019785695,3.453515387,4.422137372,3.479594639,0.953729208,0.342743316,0.812152417,2.715875403,3.718029666,3.293325053,3.043710089,2.537041999,1.043132039,-1.635479816,-0.663128741,1.978230068,0.022357098,-0.853123256,0.186277513,1.289011373,2.157045439,1.061757075,2.965476692,3.01390254,0.439603731,0.622162856,1.091575325,1.199614091,-0.406072245,-1.214503499,-0.752544651,-1.374708696,-0.67059782,0.037248884,2.730774718,3.617435009,0.238421552,0.804698795,1.814308067,1.031962209,0.917594137,0.935475773,0.924302376,0.913128979,0.907542281]}

Slot 7:
Outcome check: Positive
Index Rising data : 9.666667
Index Break data : 0.000000
Index Transition time: 10.000000
{"outcome":{"outcome":"Positive","transition_time":{"x":10,"y":8.556298326,"i":30},"plateau_point":{"x":14.66666667,"y":96.21261266,"i":44},"increase":87.65631434,"suspect_score":1,"arm_width":4.333333333,"window_rate":20.50320289,"rise_width":4.333333333,"shape_flag":0,"climbs_fixed":0,"climb_first_i":-1},"peak_features":{"main_peak":{"x":13,"y":24.54440545,"i":39},"left_arm":{"x":10,"y":6.07988412,"i":30},"right_arm":{"x":14.33333333,"y":9.967151592,"i":43}},"time_data":[0,0.333333333,0.666666667,1,1.333333333,1.666666667,2,2.333333333,2.666666667,3,3.333333333,3.666666667,4,4.333333333,4.666666667,5,5.333333333,5.666666667,6,6.333333333,6.666666667,7,7.333333333,7.666666667,8,8.333333333,8.666666667,9,9.333333333,9.666666667,10,10.33333333,10.66666667,11,11.33333333,11.66666667,12,12.33333333,12.66666667,13,13.33333333,13.66666667,14,14.33333333,14.66666667,15,15.33333333,15.66666667,16,16.33333333,16.66666667,17,17.33333333,17.66666667,18,18.33333333,18.66666667,19,19.33333333,19.66666667,20,20.33333333,20.66666667,21,21.33333333,21.66666667,22,22.33333333,22.66666667,23,23.33333333,23.66666667,24,24.33333333,24.66666667,25,25.33333333,25.66666667,26,26.33333333,26.66666667,27,27.33333333,27.66666667,28,28.33333333,28.66666667,29,29.33333333,29.66666667],"raw_data":[285.7143,302.4119,299.9382,293.1354,299.9382,304.2672,298.7013,299.3197,303.6487,296.2276,304.8856,303.6487,304.2672,303.0303,304.2672,298.0829,303.6487,295.6092,304.2672,303.6487,309.833,291.8986,305.504,301.175,304.2672,299.3197,304.8856,308.5962,309.2146,305.504,312.3067,312.3067,317.8726,324.6753,337.0439,345.0835,345.0835,354.3599,365.4917,371.0575,379.7155,384.663,392.0841,395.7947,396.4131,401.979,397.65,400.1237,400.1237,397.0316,400.7421,403.8343,402.5974,407.5448,401.3605,403.8343,406.9264,410.0186,406.9264,399.5052,405.0711,408.1633,407.5448,406.308,406.308,405.0711,414.3476,406.9264,413.7291,405.6895,414.3476,401.979,413.7291,406.308,406.9264,409.4001,411.8738,408.1633,415.5844,418.0581,419.9134,405.6895,409.4001,412.4923,412.4923,414.3476,415.5844,406.9264,413.1107,419.295],"processed_data":[-10.02334299,-7.099861931,-4.672997584,-2.742749948,-1.309119022,-1.689278871,-1.499198484,-0.484544234,-0.934307808,-0.479184105,0.899563744,2.133738068,1.659873665,2.792321672,0.281129911,-0.543443292,-1.507226325,0.808537074,0.168692585,1.212792467,0.677358784,1.780356931,-0.013355338,-0.647852514,-0.270374116,3.21531565,2.631692201,4.556588309,5.715806837,7.635346648,8.556298326,11.68860273,18.1432902,25.33688288,31.83708409,40.002492,47.4745095,54.94920422,61.71176663,69.54252499,78.0747036,84.02607971,89.56784494,93.7014143,96.21261266,98.09199187,97.99561551,97.67703458,98.00900546,97.73325946,99.87768409,100.734379,101.561623,102.4424139,103.2295051,104.6269995,104.6082583,103.7943998,104.4101547,104.1745599,103.7890424,103.9175464,104.0460514,106.1476425,105.6443332,106.8597778,107.060566,109.1193171,108.3777352,108.6588351,107.4326839,107.3336303,106.0940972,107.1622926,106.1288994,107.6656017,107.8289089,112.1472032,113.3787066,113.0199643,112.3640532,111.5903481,109.7243553,110.042939,109.9171131,111.0709847,111.9619514,112.7177188,113.3382871,113.8236561],"differential_data":[8.770443171,8.025518105,6.535667974,5.045817843,1.580206616,-0.285119193,1.807101956,0.847336014,0.008040193,2.750807329,3.91938326,1.140464882,0.987875406,-2.068115631,-5.003647445,-2.682534354,2.027970549,2.513878364,0.606383088,0.762999299,0.851346697,-1.036071183,-3.642314168,-0.385528168,5.794752245,4.353099476,2.011908989,4.626171954,4.618137508,4.260737233,6.07988412,14.38048781,20.47242023,20.54069083,21.99841368,23.45613812,22.42006832,21.35588569,21.88998116,24.54440545,21.72533209,17.23971201,14.51300188,9.967151592,6.585866358,2.674504268,-0.622435929,0.020084926,0.084337309,2.803017951,4.501679259,2.525908433,2.562052343,2.501823128,3.276878456,2.0681297,-1.248899584,-0.297155405,0.570240169,-0.931668368,-0.385520241,0.385513504,3.345144098,2.397422691,1.068203022,2.124349223,3.389308979,1.975753784,-0.690722973,-1.417576976,-1.987807237,-2.007880075,-0.257006559,0.05220329,0.754963664,2.550014347,6.722402201,8.324696528,1.309141679,-1.521980187,-2.14442424,-3.95954677,-2.321113686,0.289136614,1.542068481,3.067257433,2.470101215,2.064503578,1.658905941,1.456107122,8.770443171,8.025518105,6.535667974,5.045817843,1.580206616,-0.285119193,1.807101956,0.847336014,0.008040193,2.750807329,3.91938326,1.140464882,0.987875406,-2.068115631,-5.003647445,-2.682534354,2.027970549,2.513878364,0.606383088,0.762999299,0.851346697,-1.036071183,-3.642314168,-0.385528168,5.794752245,4.353099476,2.011908989,4.626171954,4.618137508,4.260737233,6.07988412,14.38048781,20.47242023,20.54069083,21.99841368,23.45613812,22.42006832,21.35588569,21.88998116,24.54440545,21.72533209,17.23971201,14.51300188,9.967151592,6.585866358,2.674504268,-0.622435929,0.020084926,0.084337309,2.803017951,4.501679259,2.525908433,2.562052343,2.501823128,3.276878456,2.0681297,-1.248899584,-0.297155405,0.570240169,-0.931668368,-0.385520241,0.385513504,3.345144098,2.397422691,1.068203022,2.124349223,3.389308979,1.975753784,-0.690722973,-1.417576976,-1.987807237,-2.007880075,-0.257006559,0.05220329,0.754963664,2.550014347,6.722402201,8.324696528,1.309141679,-1.521980187,-2.14442424,-3.95954677,-2.321113686,0.289136614,1.542068481,3.067257433,2.470101215,2.064503578,1.658905941,1.456107122]}

[stack] Control=2128/4096 Sensor=1520/10240 Display=6080/10240 Network=2208/6144 Input=1488/6144 Setting=7016/8192 | unused=24616 B
Slot 8:
Outcome check: Positive
Index Rising data : 9.333333
Index Break data : 0.000000
Index Transition time: 9.666667
{"outcome":{"outcome":"Positive","transition_time":{"x":9.666666667,"y":0.00273205,"i":29},"plateau_point":{"x":12,"y":28.13580837,"i":36},"increase":28.13307633,"suspect_score":1,"arm_width":2,"window_rate":10.72449708,"rise_width":3.666666667,"shape_flag":0,"climbs_fixed":0,"climb_first_i":-1},"peak_features":{"main_peak":{"x":10.66666667,"y":18.77807617,"i":32},"left_arm":{"x":10,"y":8.592666626,"i":30},"right_arm":{"x":12,"y":6.272962694,"i":36}},"time_data":[0,0.333333333,0.666666667,1,1.333333333,1.666666667,2,2.333333333,2.666666667,3,3.333333333,3.666666667,4,4.333333333,4.666666667,5,5.333333333,5.666666667,6,6.333333333,6.666666667,7,7.333333333,7.666666667,8,8.333333333,8.666666667,9,9.333333333,9.666666667,10,10.33333333,10.66666667,11,11.33333333,11.66666667,12,12.33333333,12.66666667,13,13.33333333,13.66666667,14,14.33333333,14.66666667,15,15.33333333,15.66666667,16,16.33333333,16.66666667,17,17.33333333,17.66666667,18,18.33333333,18.66666667,19,19.33333333,19.66666667,20,20.33333333,20.66666667,21,21.33333333,21.66666667,22,22.33333333,22.66666667,23,23.33333333,23.66666667,24,24.33333333,24.66666667,25,25.33333333,25.66666667,26,26.33333333,26.66666667,27,27.33333333,27.66666667,28,28.33333333,28.66666667,29,29.33333333,29.66666667],"raw_data":[277.9874,288.6793,300,293.7107,301.2579,306.2893,305.6604,297.4843,303.1447,303.1447,301.2579,298.1132,295.5975,294.9686,305.6604,305.6604,297.4843,298.7422,305.6604,299.3711,299.3711,306.2893,303.1447,294.9686,299.3711,298.7422,296.8553,306.2893,296.2264,295.5975,306.9182,307.5472,308.8051,319.4969,323.2704,326.4151,333.3333,323.8994,333.3333,336.478,340.2516,347.7988,344.6541,338.3648,352.2013,345.912,345.2831,347.1698,347.7988,343.3962,342.7673,347.7988,342.7673,350.9434,345.2831,348.4277,346.5409,349.0566,348.4277,354.717,352.8302,347.1698,350.9434,354.0881,350.3145,358.4906,355.9749,350.3145,354.717,346.5409,350.9434,359.7484,353.4591,355.3459,354.717,352.2013,362.8931,359.1195,355.3459,356.6038,356.6038,350.9434,357.8617,355.9749,349.6855,361.6353,362.8931,348.4277,360.3774,354.717],"processed_data":[-20.58318555,-12.79778257,-6.518001963,-1.743843719,1.524692156,2.041993773,2.137289072,3.275359183,2.041998925,0.422023228,-1.712530887,-1.916729155,-1.726145559,-1.230625037,-1.023702646,0.7950236,1.783343559,0.824974027,-0.231411096,1.217040355,1.924930325,1.143530643,-0.087104302,-1.219729733,-1.097213679,-1.829606093,-2.485761502,-1.44298788,-0.876681241,0.00273205,2.45583829,5.731176467,11.68559879,18.24989392,21.40816164,25.22802853,28.13580837,29.41000366,32.74524705,36.8319389,38.5172608,42.90072037,44.37366912,45.21224408,45.34020666,45.63969719,46.58717828,46.17878056,44.66227147,44.19125076,44.61597855,44.45262179,45.2313021,46.21962682,46.82405242,46.29585748,47.58094873,48.54203882,49.82167919,49.85162895,50.90529576,50.25458266,50.83722835,51.741147,52.7212996,54.66799055,53.67150073,51.61862711,51.77109465,50.82361368,51.83371355,53.55170167,53.06162292,54.9892557,55.67263768,55.53922645,56.818868,57.56487218,56.7507998,56.0647003,54.82317653,53.53536604,53.50542011,55.50928435,55.3295909,56.61740112,56.75162862,56.46248576,55.74997253,54.61408895],"differential_data":[23.35620894,21.09777539,16.58090828,12.06404118,5.678756238,0.918895375,1.850048115,-0.14293522,-4.280003932,-5.631794719,-3.508128575,-0.020422007,1.029156177,1.053664368,3.038472956,4.210569307,0.04492564,-3.022131982,0.588099492,3.234512131,-0.110264568,-3.01805194,-3.544890565,-1.515164066,-0.91481454,-2.082821735,0.579927321,2.413620391,2.168579894,4.998779297,8.592666626,13.84464076,18.77807617,14.58384427,10.46720193,10.0914701,6.272962694,6.914158016,11.13290286,8.658020614,9.103172203,8.784612482,3.467285553,1.449806312,0.641179667,1.870457439,0.80862506,-2.887360214,-2.981294706,-0.06943938,0.392056552,0.922985325,2.650507543,2.389125477,0.114345996,1.135344468,3.369272009,3.361095676,1.964385194,1.625424868,0.604430558,-0.102101115,2.229846508,2.826106877,4.390265329,1.425301688,-4.574045157,-2.850609123,-1.192520142,0.093928349,4.092131974,1.841864053,2.15633105,3.916522138,0.824956126,1.719345489,3.038468596,-0.102102304,-2.250257814,-2.891434905,-3.794001394,-1.976634632,2.960877456,2.736256191,1.662175166,2.133056581,-0.232373047,-1.502484131,-2.772595215,-3.407650757,23.35620894,21.09777539,16.58090828,12.06404118,5.678756238,0.918895375,1.850048115,-0.14293522,-4.280003932,-5.631794719,-3.508128575,-0.020422007,1.029156177,1.053664368,3.038472956,4.210569307,0.04492564,-3.022131982,0.588099492,3.234512131,-0.110264568,-3.01805194,-3.544890565,-1.515164066,-0.91481454,-2.082821735,0.579927321,2.413620391,2.168579894,4.998779297,8.592666626,13.84464076,18.77807617,14.58384427,10.46720193,10.0914701,6.272962694,6.914158016,11.13290286,8.658020614,9.103172203,8.784612482,3.467285553,1.449806312,0.641179667,1.870457439,0.80862506,-2.887360214,-2.981294706,-0.06943938,0.392056552,0.922985325,2.650507543,2.389125477,0.114345996,1.135344468,3.369272009,3.361095676,1.964385194,1.625424868,0.604430558,-0.102101115,2.229846508,2.826106877,4.390265329,1.425301688,-4.574045157,-2.850609123,-1.192520142,0.093928349,4.092131974,1.841864053,2.15633105,3.916522138,0.824956126,1.719345489,3.038468596,-0.102102304,-2.250257814,-2.891434905,-3.794001394,-1.976634632,2.960877456,2.736256191,1.662175166,2.133056581,-0.232373047,-1.502484131,-2.772595215,-3.407650757]}

Slot 9:
Outcome check: Negative
Index Rising data : 11.333333
Index Break data : 0.000000
Index Transition time: 22.000000
{"outcome":{"outcome":"Negative","transition_time":{"x":22,"y":-7.216111022,"i":66},"plateau_point":{"x":23.66666667,"y":1.977162943,"i":71},"increase":9.193273965,"suspect_score":3,"arm_width":1.666666667,"window_rate":1.975483188,"rise_width":3.333333333,"shape_flag":0,"climbs_fixed":0,"climb_first_i":-1},"peak_features":{"main_peak":{"x":22.66666667,"y":7.090663959,"i":68},"left_arm":{"x":22,"y":2.534172157,"i":66},"right_arm":{"x":23.66666667,"y":1.500427841,"i":71}},"time_data":[0,0.333333333,0.666666667,1,1.333333333,1.666666667,2,2.333333333,2.666666667,3,3.333333333,3.666666667,4,4.333333333,4.666666667,5,5.333333333,5.666666667,6,6.333333333,6.666666667,7,7.333333333,7.666666667,8,8.333333333,8.666666667,9,9.333333333,9.666666667,10,10.33333333,10.66666667,11,11.33333333,11.66666667,12,12.33333333,12.66666667,13,13.33333333,13.66666667,14,14.33333333,14.66666667,15,15.33333333,15.66666667,16,16.33333333,16.66666667,17,17.33333333,17.66666667,18,18.33333333,18.66666667,19,19.33333333,19.66666667,20,20.33333333,20.66666667,21,21.33333333,21.66666667,22,22.33333333,22.66666667,23,23.33333333,23.66666667,24,24.33333333,24.66666667,25,25.33333333,25.66666667,26,26.33333333,26.66666667,27,27.33333333,27.66666667,28,28.33333333,28.66666667,29,29.33333333,29.66666667],"raw_data":[133.694,143.7403,144.5131,153.0139,144.5131,153.7867,149.1499,151.4683,156.1051,149.9227,152.2411,149.9227,153.0139,150.6955,146.0587,150.6955,146.8315,152.2411,149.1499,154.5595,147.6043,149.9227,149.9227,149.1499,145.2859,153.0139,151.4683,148.3771,152.2411,149.1499,151.4683,149.1499,155.3323,149.1499,145.2859,147.6043,154.5595,146.0587,146.8315,148.3771,153.7867,152.2411,149.1499,153.0139,147.6043,147.6043,149.1499,146.8315,146.8315,148.3771,148.3771,144.5131,150.6955,158.4235,147.6043,151.4683,147.6043,149.1499,148.3771,149.1499,144.5131,151.4683,149.1499,148.3771,146.0587,143.7403,146.8315,141.422,149.1499,152.2411,156.1051,152.2411,151.4683,152.2411,153.0139,153.7867,150.6955,151.4683,156.1051,149.9227,148.3771,149.9227,150.6955,151.4683,153.0139,153.7867,147.6043,149.1499,150.6955,153.0139],"processed_data":[-14.87583711,-10.74956942,-7.217117336,-4.27848084,-1.933659937,-0.833009266,-0.100356263,0.076953046,0.879858967,0.200734324,0.953457325,-0.44159279,-1.291336852,-1.876787458,-2.391985212,-2.954020513,-2.358529888,-1.609149685,-0.853079263,-1.10064149,-0.608862146,-2.475618635,-2.723182843,-2.853657314,-2.241440414,-1.880132898,-1.635915781,-0.91330075,-1.124064854,-1.241152941,-0.287700901,-0.388063109,-2.087547666,-1.508784571,-2.117653983,-2.790088076,-4.315610679,-3.231687075,-1.893512082,-2.077512931,-1.50879045,0.043495079,-0.321157877,-1.090609067,-2.55591177,-3.38558088,-3.837215275,-4.134959431,-4.359103909,-5.242301446,-3.569579153,-2.341801036,-1.006969501,-0.632279896,-0.364645029,-0.635626657,-1.940349893,-4.118233619,-3.358817361,-3.646525197,-2.937291926,-2.903837526,-3.529434799,-3.700052237,-5.07168262,-7.112400996,-7.216111022,-5.422952891,-2.91052583,-0.695843585,0.652369049,1.977162943,1.652654276,1.023709912,-0.030107374,1.033746232,1.401746279,0.789531757,-0.073591422,-0.819624864,-1.150824411,-1.615842216,-1.063846935,0.020076999,0.050185959,-0.655701873,-0.616225681,-0.57507677,-0.532255138,-0.487760787],"differential_data":[12.37880305,11.48807966,9.706632877,7.925186098,5.168207362,2.749955512,1.364943467,1.470322844,0.185671918,0.110397537,-0.963490672,-3.367191265,-2.152792002,-1.65097254,-1.615849582,0.050182987,2.017306241,2.258175937,0.762762293,0.366325676,-2.062465717,-3.171481046,-0.567058018,0.722613644,1.460286623,0.908286949,1.450248223,0.76777639,-0.491778287,1.25454593,1.279634748,-2.699770147,-1.681082193,-0.045159476,-1.921955257,-3.296935044,-0.662398499,3.633147896,1.731261216,0.577082448,3.181512015,1.78144886,-1.70115622,-3.35213084,-3.442457719,-1.921955257,-1.124067827,-0.782832951,-1.661013021,1.184287133,4.350750614,3.843914478,2.564281711,0.963486709,-0.005020142,-2.363557295,-5.223910443,-2.127701202,0.707562632,0.632288153,1.114031507,-0.888214309,-1.194322066,-2.313371733,-5.118523139,-3.216642603,2.534172157,6.458377789,7.090663959,5.344342318,4.009509793,1.500427841,-1.430179546,-2.524142476,0.01505448,2.14778048,-0.366321712,-2.213006552,-2.413734931,-1.615849483,-1.194326029,0.130466213,2.453878824,1.671049341,-1.013668308,-0.99961746,0.120937655,0.125955815,0.130973974,0.133483054,12.37880305,11.48807966,9.706632877,7.925186098,5.168207362,2.749955512,1.364943467,1.470322844,0.185671918,0.110397537,-0.963490672,-3.367191265,-2.152792002,-1.65097254,-1.615849582,0.050182987,2.017306241,2.258175937,0.762762293,0.366325676,-2.062465717,-3.171481046,-0.567058018,0.722613644,1.460286623,0.908286949,1.450248223,0.76777639,-0.491778287,1.25454593,1.279634748,-2.699770147,-1.681082193,-0.045159476,-1.921955257,-3.296935044,-0.662398499,3.633147896,1.731261216,0.577082448,3.181512015,1.78144886,-1.70115622,-3.35213084,-3.442457719,-1.921955257,-1.124067827,-0.782832951,-1.661013021,1.184287133,4.350750614,3.843914478,2.564281711,0.963486709,-0.005020142,-2.363557295,-5.223910443,-2.127701202,0.707562632,0.632288153,1.114031507,-0.888214309,-1.194322066,-2.313371733,-5.118523139,-3.216642603,2.534172157,6.458377789,7.090663959,5.344342318,4.009509793,1.500427841,-1.430179546,-2.524142476,0.01505448,2.14778048,-0.366321712,-2.213006552,-2.413734931,-1.615849483,-1.194326029,0.130466213,2.453878824,1.671049341,-1.013668308,-0.99961746,0.120937655,0.125955815,0.130973974,0.133483054]}

Slot 10:
Outcome check: Negative
Index Rising data : 13.000000
Index Break data : 0.000000
Index Transition time: 7.333333
[dash] heap free=83504 maxAlloc=69620 intFree=83504 intLargest=69620 clients=0 ap=0
{"outcome":{"outcome":"Negative","transition_time":{"x":7.333333333,"y":-2.171674984,"i":22},"plateau_point":{"x":8.666666667,"y":1.048583192,"i":26},"increase":3.220258176,"suspect_score":2,"arm_width":1,"window_rate":0.903907743,"rise_width":6.666666667,"shape_flag":0,"climbs_fixed":0,"climb_first_i":-1},"peak_features":{"main_peak":{"x":8,"y":5.071044526,"i":24},"left_arm":{"x":7.666666667,"y":2.062792097,"i":23},"right_arm":{"x":8.666666667,"y":-0.726263666,"i":26}},"time_data":[0,0.333333333,0.666666667,1,1.333333333,1.666666667,2,2.333333333,2.666666667,3,3.333333333,3.666666667,4,4.333333333,4.666666667,5,5.333333333,5.666666667,6,6.333333333,6.666666667,7,7.333333333,7.666666667,8,8.333333333,8.666666667,9,9.333333333,9.666666667,10,10.33333333,10.66666667,11,11.33333333,11.66666667,12,12.33333333,12.66666667,13,13.33333333,13.66666667,14,14.33333333,14.66666667,15,15.33333333,15.66666667,16,16.33333333,16.66666667,17,17.33333333,17.66666667,18,18.33333333,18.66666667,19,19.33333333,19.66666667,20,20.33333333,20.66666667,21,21.33333333,21.66666667,22,22.33333333,22.66666667,23,23.33333333,23.66666667,24,24.33333333,24.66666667,25,25.33333333,25.66666667,26,26.33333333,26.66666667,27,27.33333333,27.66666667,28,28.33333333,28.66666667,29,29.33333333,29.66666667],"raw_data":[544.0106,547.3196,551.2905,559.8941,558.5705,555.9232,559.2323,561.8795,561.8795,560.5559,561.2177,555.9232,559.8941,556.585,561.8795,555.9232,560.5559,561.8795,561.8795,563.865,559.2323,553.2759,556.585,561.2177,560.5559,560.5559,559.8941,561.2177,564.5268,558.5705,564.5268,564.5268,557.9086,563.865,563.2032,554.5996,552.6141,564.5268,560.5559,557.9086,560.5559,562.5413,553.2759,561.2177,563.2032,563.865,557.2468,556.585,557.2468,560.5559,565.1886,555.9232,563.2032,563.2032,557.2468,563.2032,563.2032,557.2468,562.5413,559.2323,559.2323,565.1886,557.9086,557.9086,555.9232,558.5705,563.2032,562.5413,559.8941,561.8795,558.5705,563.2032,557.9086,563.865,565.1886,557.9086,560.5559,561.2177,562.5413,559.2323,557.9086,560.5559,561.2177,559.8941,556.585,564.5268,564.5268,559.2323,561.2177,565.1886],"processed_data":[-15.9803796,-11.62643544,-7.911389054,-4.835240457,-2.397989645,-0.650350728,-0.00859803,0.429738231,0.68758138,1.03997882,-0.489924972,-0.919670336,-1.773438293,-2.031288048,-1.693219602,-0.687614672,0.286481056,1.919535319,1.188964315,0.432604769,-1.120221291,-1.994042599,-2.171674984,-1.996912837,-0.796480253,1.383783514,1.048583192,0.899607737,2.217508952,2.102905273,2.234691537,2.902236476,2.495409681,0.561537177,-1.137399913,-1.337946112,-1.292109238,-2.143020432,-0.378192588,0.360969576,-0.149003198,-1.558580803,0.020039348,0.853759501,0.469853125,-0.217742259,-0.358129196,-0.727718997,-1.63879421,-1.252016274,0.982691381,1.157456964,1.128810866,1.400990672,0.676149575,1.704672017,0.730566512,-0.008600673,1.103021531,0.512826631,0.615961512,0.378166694,-1.366614139,-1.438236649,-1.21190138,-1.352277483,0.595917409,0.931120373,1.890894242,0.853760823,-0.005733341,1.148867124,1.615853182,1.481196416,1.564273454,1.389502059,1.727577639,0.254964985,-0.263595251,0.43259922,0.295080144,-0.868104348,-1.011350954,0.521417527,1.114481344,0.810791808,1.311592267,1.975696118,2.80310336,3.793813994],"differential_data":[13.0618325,12.10348582,10.18679247,8.270099115,6.277334595,3.584087421,1.620133437,1.044269116,0.915360884,-1.766259528,-2.939473734,-1.925269981,-1.667426568,0.120328036,2.015510064,2.969550987,3.910724987,1.353724888,-2.230395825,-3.463778409,-3.639971052,-1.57718054,-0.004305357,2.062792097,5.071044526,2.767595167,-0.726263666,1.75338864,1.804946305,0.025773878,1.198996804,0.391077215,-3.511048949,-5.44921439,-2.849224933,-0.232063987,-1.20761148,1.370874975,3.755985012,0.343784085,-2.879325569,0.253563819,3.618510457,0.674720665,-1.607252641,-1.241973481,-0.764965107,-1.920997521,-0.786445915,3.932228386,3.614209856,0.219179228,0.365300562,-0.678991937,0.455522017,0.081625406,-2.569909034,0.558682528,0.782140955,-0.730590028,-0.201989905,-2.973863478,-2.724605015,0.232069139,0.128938749,2.711728183,3.425096784,1.94246525,-0.116039326,-2.844941375,0.442659452,2.432379785,0.498493938,-0.077369591,-0.137541536,0.244956277,-1.70180561,-2.986759334,0.266451353,0.838013092,-1.951055353,-1.959646646,2.084282813,3.188748446,0.434061422,0.295666385,1.747356464,2.23726664,2.727176815,2.972131903,13.0618325,12.10348582,10.18679247,8.270099115,6.277334595,3.584087421,1.620133437,1.044269116,0.915360884,-1.766259528,-2.939473734,-1.925269981,-1.667426568,0.120328036,2.015510064,2.969550987,3.910724987,1.353724888,-2.230395825,-3.463778409,-3.639971052,-1.57718054,-0.004305357,2.062792097,5.071044526,2.767595167,-0.726263666,1.75338864,1.804946305,0.025773878,1.198996804,0.391077215,-3.511048949,-5.44921439,-2.849224933,-0.232063987,-1.20761148,1.370874975,3.755985012,0.343784085,-2.879325569,0.253563819,3.618510457,0.674720665,-1.607252641,-1.241973481,-0.764965107,-1.920997521,-0.786445915,3.932228386,3.614209856,0.219179228,0.365300562,-0.678991937,0.455522017,0.081625406,-2.569909034,0.558682528,0.782140955,-0.730590028,-0.201989905,-2.973863478,-2.724605015,0.232069139,0.128938749,2.711728183,3.425096784,1.94246525,-0.116039326,-2.844941375,0.442659452,2.432379785,0.498493938,-0.077369591,-0.137541536,0.244956277,-1.70180561,-2.986759334,0.266451353,0.838013092,-1.951055353,-1.959646646,2.084282813,3.188748446,0.434061422,0.295666385,1.747356464,2.23726664,2.727176815,2.972131903]}

[len] set(90) was=90 APPLIED

>>> {"Slot":[404,422,434,448,451,455,518,517,521,520,520,520,516,518,518,519,522,519,528,523,530,525,522...(372 B)
data received from Serial port

Receive long json data in 1 receiving
{"Slot":[404,422,434,448,451,455,518,517,521,520,520,520,516,518,518,519,522,519,528,523,530,525,522,527,528,539,549,561,572,592,608,624,644,653,660,668,672,678,678,684,685,689,688,688,690,696,697,693,694,691,702,703,704,707,703,701,700,704,706,700,700,704,705,706,709,710,713,710,717,720,720,723,721,724,727,726,726,727,730,727,727,725,728,725,726,726,726,729,723,720]}0
Json data received

>>> {"Slot":[356,374,388,401,401,412,467,479,477,474,481,477,470,473,472,478,480,480,476,483,478,478,477...(372 B)
data received from Serial port

Receive long json data in 1 receiving
{"Slot":[356,374,388,401,401,412,467,479,477,474,481,477,470,473,472,478,480,480,476,483,478,478,477,473,471,469,463,471,468,471,468,467,474,472,470,471,471,470,469,472,476,479,469,476,475,483,482,480,481,471,489,490,486,492,488,484,483,482,487,485,481,490,488,482,486,493,493,491,497,495,495,496,496,496,502,500,501,502,504,495,499,503,502,495,496,498,498,495,495,487]}1
Json data received

>>> {"Slot":[448,472,484,489,491,501,560,565,564,562,561,564,562,565,561,566,561,566,569,565,560,557,559...(372 B)
data received from Serial port

Receive long json data in 1 receiving
{"Slot":[448,472,484,489,491,501,560,565,564,562,561,564,562,565,561,566,561,566,569,565,560,557,559,560,554,558,555,557,554,558,554,552,557,559,556,551,558,559,556,564,563,561,562,560,566,563,565,562,558,564,577,574,573,577,572,573,574,568,571,567,573,570,562,576,571,570,575,573,578,576,582,584,583,583,584,589,581,588,586,590,587,583,587,584,579,579,584,580,578,573]}2
Json data received

>>> {"Slot":[658,676,690,698,709,712,782,789,785,789,789,785,780,784,779,786,787,788,788,795,792,786,780...(372 B)
data received from Serial port

Receive long json data in 1 receiving
{"Slot":[658,676,690,698,709,712,782,789,785,789,789,785,780,784,779,786,787,788,788,795,792,786,780,777,780,776,780,781,773,775,775,776,778,778,773,776,778,776,778,787,792,788,786,784,787,787,790,785,783,788,794,800,803,798,793,790,795,790,795,792,791,788,795,795,797,800,804,796,804,806,807,812,801,809,806,811,811,815,815,811,809,810,815,807,804,810,807,807,799,798]}3
Json data received

>>> {"Slot":[397,418,426,436,442,451,513,515,512,511,511,521,514,511,514,516,522,519,515,518,519,513,515...(372 B)
data received from Serial port

Receive long json data in 1 receiving
{"Slot":[397,418,426,436,442,451,513,515,512,511,511,521,514,511,514,516,522,519,515,518,519,513,515,514,504,505,510,505,508,506,505,506,513,513,507,509,514,512,513,521,521,529,533,528,538,549,557,568,574,584,606,620,626,632,635,638,641,641,648,648,651,649,648,650,653,656,659,659,658,661,672,673,668,666,671,673,672,679,673,670,673,676,675,673,668,673,675,671,671,669]}4
Json data received

>>> {"Slot":[275,295,306,323,328,341,400,409,411,408,408,409,405,403,409,410,407,416,411,412,409,408,404...(372 B)
data received from Serial port

Receive long json data in 1 receiving
{"Slot":[275,295,306,323,328,341,400,409,411,408,408,409,405,403,409,410,407,416,411,412,409,408,404,403,403,400,400,397,396,405,400,400,407,403,399,396,400,396,399,405,403,406,406,411,404,412,413,410,407,406,418,421,421,416,420,416,416,414,418,415,419,417,411,414,417,420,426,422,428,426,431,433,431,432,428,435,428,433,432,432,435,435,431,432,431,431,427,429,426,420]}5
[dash] heap free=97964 maxAlloc=86004 intFree=97964 intLargest=86004 clients=0 ap=0
Json data received

>>> {"Slot":[436,451,469,480,482,491,556,559,557,556,554,555,554,553,561,557,557,557,560,561,559,558,552...(372 B)
data received from Serial port

Receive long json data in 1 receiving
{"Slot":[436,451,469,480,482,491,556,559,557,556,554,555,554,553,561,557,557,557,560,561,559,558,552,554,544,552,550,550,554,549,557,549,555,550,546,552,550,554,546,554,554,552,554,555,554,557,563,554,553,550,569,567,565,568,564,564,563,563,559,570,567,570,563,562,566,567,573,571,572,568,577,577,581,572,578,582,582,582,581,578,579,580,574,577,577,578,576,580,575,570]}6
Json data received

>>> {"Slot":[525,544,550,567,567,576,638,640,642,642,640,641,642,644,644,645,643,646,647,645,645,637,640...(372 B)
data received from Serial port
[stack]
Receive long json data in 1 receiving
{"Slot":[525,544,550,567,567,576,638,640,642,642,640,641,642,644,644,645,643,646,647,645,645,637,640,642,632,636,634,637,633,634,632,637,637,641,637,640,638,634,639,638,641,644,643,644,641,648,646,649,641,643,654,656,660,660,652,651,648,653,653,651,647,649,648,652,653,657,654,655,661,659,660,663,664,668,666,668,664,664,671,664,670,668,669,662,661,662,662,666,657,652]}7
 Control=2128/4096 Sensor=1520/10240 Display=6080/10240 Network=2208/6144 Input=1488/6144 Setting=7016/8192 | unused=24616 B
Json data received

>>> {"Slot":[321,335,351,355,362,362,414,422,421,421,416,420,419,421,416,420,424,424,420,421,424,420,415...(372 B)
data received from Serial port

Receive long json data in 1 receiving
{"Slot":[321,335,351,355,362,362,414,422,421,421,416,420,419,421,416,420,424,424,420,421,424,420,415,423,412,414,415,412,415,413,410,413,416,413,414,412,413,414,412,419,419,421,419,414,422,424,422,420,420,420,427,432,428,428,429,424,427,419,426,423,423,426,423,423,428,429,431,432,431,430,436,442,436,435,441,439,436,438,437,439,439,438,439,434,435,436,436,437,431,430]}8
Json data received

>>> {"Slot":[710,727,739,746,751,756,819,821,824,821,818,823,822,822,822,826,824,827,825,827,822,825,820...(372 B)
data received from Serial port

Receive long json data in 1 receiving
{"Slot":[710,727,739,746,751,756,819,821,824,821,818,823,822,822,822,826,824,827,825,827,822,825,820,821,815,813,818,820,813,815,815,813,815,818,819,819,816,815,813,818,822,821,823,820,820,822,822,826,820,819,832,831,831,831,833,830,833,830,833,829,827,826,832,829,835,833,833,836,837,836,846,848,845,847,841,844,841,841,850,841,843,846,845,839,841,845,844,841,840,835]}9
Json data received
finish one round maintenance

>>> getResult
data received from Serial port
getResult
<AmpStart/>
<AmpStart>
{"calibration":{"slopes":[1.508,1.622,1.504,1.73,1.542,1.743,1.617,1.59,1.294,1.511],"origins":[0,0,0,0,0,0,0,0,0,0]},"led_power":[150,150,150,150,150,150,150,150,150,150],"units":"nM FAM","device_id":"RPL01015","slots":10,"amplification_time":30,"reading_interval":0.333333,"software_version":"v2.4.5AT1"}
Amplification Time[min],Sensor 1 Fluorescence[nM FAM],Sensor 2 Fluorescence[nM FAM],Sensor 3 Fluorescence[nM FAM],Sensor 4 Fluorescence[nM FAM],Sensor 5 Fluorescence[nM FAM],Temperature[C]
0.00,267.90,219.48,297.87,380.35,257.46,157.77,269.64,330.19,248.07,469.89,65.80
0.33,279.84,230.58,313.83,390.75,271.08,169.25,278.91,342.14,258.89,481.14,65.80
0.67,287.80,239.21,321.81,398.84,276.26,175.56,290.04,345.91,271.25,489.08,65.80
1.00,297.08,247.23,325.13,403.47,282.75,185.31,296.85,356.60,274.34,493.71,65.80
1.33,299.07,247.23,326.46,409.83,286.64,188.18,298.08,356.60,279.75,497.02,65.80
1.67,301.72,254.01,333.11,411.56,292.48,195.64,303.65,362.26,279.75,500.33,65.80
2.00,343.50,287.92,372.34,452.02,332.68,229.49,343.85,401.26,319.94,542.03,65.80
2.33,342.84,295.31,375.66,456.07,333.98,234.65,345.70,402.52,326.12,543.35,65.80
2.67,345.49,294.08,375.00,453.76,332.04,235.80,344.47,403.77,325.35,545.33,65.80
3.00,344.83,292.23,373.67,456.07,331.39,234.08,343.85,403.77,325.35,543.35,65.80
3.33,344.83,296.55,373.01,456.07,331.39,234.08,342.61,402.52,321.48,541.36,65.80
3.67,344.83,294.08,375.00,453.76,337.87,234.65,343.23,403.14,324.57,544.67,65.80
4.00,342.18,289.77,373.67,450.87,333.33,232.36,342.61,403.77,323.80,544.01,65.80
4.33,343.50,291.62,375.66,453.18,331.39,231.21,341.99,405.03,325.35,544.01,65.80
4.67,343.50,291.00,373.01,450.29,333.33,234.65,346.94,405.03,321.48,544.01,65.80
5.00,344.16,294.70,376.33,454.34,334.63,235.23,344.47,405.66,324.57,546.66,65.80
5.33,346.15,295.93,373.01,454.91,338.52,233.51,344.47,404.40,327.67,545.33,65.80
5.67,344.16,295.93,376.33,455.49,336.58,238.67,344.47,406.29,327.67,547.32,65.80
6.00,350.13,293.46,378.32,455.49,333.98,235.80,346.32,406.92,324.57,546.00,65.80
6.33,346.82,297.78,375.66,459.54,335.93,236.37,346.94,405.66,325.35,547.32,65.80
6.67,351.46,294.70,372.34,457.80,336.58,234.65,345.70,405.66,327.67,544.01,65.80
7.00,348.14,294.70,370.35,454.34,332.68,234.08,345.08,400.63,324.57,546.00,65.80
7.33,346.15,294.08,371.68,450.87,333.98,231.78,341.37,402.52,320.71,542.69,65.80
7.67,349.47,291.62,372.34,449.13,333.33,231.21,342.61,403.77,326.89,543.35,65.80
8.00,350.13,290.38,368.35,450.87,326.85,231.21,336.43,397.48,318.39,539.38,65.80
8.33,357.43,289.15,371.01,448.55,327.50,229.49,341.37,400.00,319.94,538.05,65.80
8.67,364.06,285.45,369.02,450.87,330.74,229.49,340.14,398.74,320.71,541.36,65.80
9.00,372.02,290.38,370.35,451.45,327.50,227.77,340.14,400.63,318.39,542.69,65.80
9.33,379.31,288.53,368.35,446.82,329.44,227.19,342.61,398.11,320.71,538.05,65.80
9.67,392.57,290.38,371.01,447.98,328.15,232.36,339.52,398.74,319.17,539.38,65.80
10.00,403.18,288.53,368.35,447.98,327.50,229.49,344.47,397.48,316.85,539.38,65.80
10.33,413.79,287.92,367.02,448.55,328.15,229.49,339.52,400.63,319.17,538.05,65.80
10.67,427.06,292.23,370.35,449.71,332.68,233.51,343.23,400.63,321.48,539.38,65.80
11.00,433.02,291.00,371.68,449.71,332.68,231.21,340.14,403.14,319.17,541.36,65.80
11.33,437.67,289.77,369.68,446.82,328.79,228.92,337.66,400.63,319.94,542.03,65.80
11.67,442.97,290.38,366.36,448.55,330.09,227.19,341.37,402.52,318.39,542.03,65.80
12.00,445.62,290.38,371.01,449.71,333.33,229.49,340.14,401.26,319.17,540.04,65.80
12.33,449.60,289.77,371.68,448.55,332.04,227.19,342.61,398.74,319.94,539.38,65.80
12.67,449.60,289.15,369.68,449.71,332.68,228.92,337.66,401.89,318.39,538.05,65.80
13.00,453.58,291.00,375.00,454.91,337.87,232.36,342.61,401.26,323.80,541.36,65.80
13.33,454.24,293.46,374.34,457.80,337.87,231.21,342.61,403.14,323.80,544.01,65.80
13.67,456.90,295.31,373.01,455.49,343.06,232.93,341.37,405.03,325.35,543.35,65.80
14.00,456.23,289.15,373.67,454.34,345.65,232.93,342.61,404.40,323.80,544.67,65.80
14.33,456.23,293.46,372.34,453.18,342.41,235.80,343.23,405.03,319.94,542.69,65.80
14.67,457.56,292.85,376.33,454.91,348.90,231.78,342.61,403.14,326.12,542.69,65.80
15.00,461.54,297.78,374.34,454.91,356.03,236.37,344.47,407.55,327.67,544.01,65.80
15.33,462.20,297.16,375.66,456.65,361.22,236.95,348.18,406.29,326.12,544.01,65.80
15.67,459.55,295.93,373.67,453.76,368.35,235.23,342.61,408.18,324.57,546.66,65.80
16.00,460.21,296.55,371.01,452.60,372.24,233.51,341.99,403.14,324.57,542.69,65.80
16.33,458.22,290.38,375.00,455.49,378.73,232.93,340.14,404.40,324.57,542.03,65.80
16.67,465.52,301.48,383.64,458.96,393.00,239.82,351.89,411.32,329.98,550.63,65.80
17.00,466.18,302.10,381.65,462.43,402.08,241.54,350.65,412.58,333.85,549.97,65.80
17.33,466.84,299.63,380.98,464.16,405.97,241.54,349.41,415.09,330.76,549.97,65.80
17.67,468.83,303.33,383.64,461.27,409.86,238.67,351.27,415.09,330.76,549.97,65.80
18.00,466.18,300.86,380.32,458.38,411.80,240.96,348.79,410.06,331.53,551.29,65.80
18.33,464.85,298.40,380.98,456.65,413.75,238.67,348.79,409.43,327.67,549.31,65.80
18.67,464.19,297.78,381.65,459.54,415.69,238.67,348.18,407.55,329.98,551.29,65.80
19.00,466.84,297.16,377.66,456.65,415.69,237.52,348.18,410.69,323.80,549.31,65.80
19.33,468.17,300.25,379.65,459.54,420.23,239.82,345.70,410.69,329.21,551.29,65.80
19.67,464.19,299.01,376.99,457.80,420.23,238.10,352.50,409.43,326.89,548.64,65.80
20.00,464.19,296.55,380.98,457.23,422.18,240.39,350.65,406.92,[dash] heap free=97964 maxAlloc=86004 intFree=97964 intLargest=86004 clients=0 ap=0
326.89,547.32,65.80
20.33,466.84,302.10,378.99,455.49,420.88,239.24,352.50,408.18,329.21,546.66,65.80
20.67,467.51,300.86,373.67,459.54,420.23,235.80,348.18,407.55,326.89,550.63,65.80
21.00,468.17,297.16,382.98,459.54,421.53,237.52,347.56,410.06,326.89,548.64,65.80
21.33,470.16,299.63,379.65,460.69,423.48,239.24,350.03,410.69,330.76,552.61,65.80
21.67,470.82,303.95,378.99,462.43,425.42,240.96,350.65,413.21,331.53,551.29,65.80
22.00,472.81,303.95,382.31,464.74,427.37,244.41,354.36,411.32,333.08,551.29,65.80
22.33,470.82,302.71,380.98,460.12,427.37,242.11,353.12,411.95,333.85,553.28,65.80
22.67,475.46,306.41,384.31,464.74,426.72,245.55,353.74,415.72,333.08,553.94,65.80
23.00,477.45,305.18,382.98,465.90,428.66,244.41,351.27,414.47,332.30,553.28,65.80
23.33,477.45,305.18,386.97,466.47,435.80,247.27,356.83,415.09,336.94,559.89,65.80
23.67,479.44,305.80,388.30,469.36,436.45,248.42,356.83,416.98,341.58,561.22,65.80
24.00,478.12,305.80,387.63,463.01,433.20,247.27,359.31,417.61,336.94,559.23,65.80
24.33,480.11,305.80,387.63,467.63,431.91,247.85,353.74,420.13,336.17,560.56,65.80
24.67,482.10,309.49,388.30,465.90,435.15,245.55,357.45,418.87,340.80,556.59,65.80
25.00,481.43,308.26,391.62,468.79,436.45,249.57,359.93,420.13,339.26,558.57,65.80
25.33,481.43,308.88,386.30,468.79,435.80,245.55,359.93,417.61,336.94,556.59,65.80
25.67,482.10,309.49,390.96,471.10,440.34,248.42,359.93,417.61,338.49,556.59,65.80
26.00,484.08,310.73,389.63,471.10,436.45,247.85,359.31,422.01,337.71,562.54,65.80
26.33,482.10,305.18,392.29,468.79,434.50,247.85,357.45,417.61,339.26,556.59,65.80
26.67,482.10,307.64,390.29,467.63,436.45,249.57,358.07,421.38,339.26,557.91,65.80
27.00,480.77,310.11,387.63,468.21,438.39,249.57,358.69,420.13,338.49,559.89,65.80
27.33,482.76,309.49,390.29,471.10,437.74,247.27,354.98,420.75,339.26,559.23,65.80
27.67,480.77,305.18,388.30,466.47,436.45,247.85,356.83,416.35,335.39,555.26,65.80
28.00,481.43,305.80,384.97,464.74,433.20,247.27,356.83,415.72,336.17,556.59,65.80
28.33,481.43,307.03,384.97,468.21,436.45,247.27,357.45,416.35,336.94,559.23,65.80
28.67,481.43,307.03,388.30,466.47,437.74,244.98,356.22,416.35,336.94,558.57,65.80
29.00,483.42,305.18,385.64,466.47,435.15,246.13,358.69,418.87,337.71,556.59,65.80
29.33,479.44,305.18,384.31,461.85,435.15,244.41,355.60,413.21,333.08,555.92,65.80
29.67,477.45,300.25,380.98,461.27,433.85,240.96,352.50,410.06,332.30,552.61,65.80
load algo para from flash
Slot 1:
Outcome check: Positive
Index Rising data : 7.000000
Index Break data : 0.000000
Index Transition time: 8.000000
{"outcome":{"outcome":"Positive","transition_time":{"x":8,"y":7.725019975,"i":24},"plateau_point":{"x":11.66666667,"y":98.84654388,"i":35},"increase":91.1215239,"suspect_score":0,"arm_width":3.333333333,"window_rate":23.52245532,"rise_width":3.333333333,"shape_flag":0,"climbs_fixed":0,"climb_first_i":-1},"peak_features":{"main_peak":{"x":10,"y":33.95311906,"i":30},"left_arm":{"x":8,"y":11.27751992,"i":24},"right_arm":{"x":11.33333333,"y":15.96679787,"i":34}},"time_data":[0,0.333333333,0.666666667,1,1.333333333,1.666666667,2,2.333333333,2.666666667,3,3.333333333,3.666666667,4,4.333333333,4.666666667,5,5.333333333,5.666666667,6,6.333333333,6.666666667,7,7.333333333,7.666666667,8,8.333333333,8.666666667,9,9.333333333,9.666666667,10,10.33333333,10.66666667,11,11.33333333,11.66666667,12,12.33333333,12.66666667,13,13.33333333,13.66666667,14,14.33333333,14.66666667,15,15.33333333,15.66666667,16,16.33333333,16.66666667,17,17.33333333,17.66666667,18,18.33333333,18.66666667,19,19.33333333,19.66666667,20,20.33333333,20.66666667,21,21.33333333,21.66666667,22,22.33333333,22.66666667,23,23.33333333,23.66666667,24,24.33333333,24.66666667,25,25.33333333,25.66666667,26,26.33333333,26.66666667,27,27.33333333,27.66666667,28,28.33333333,28.66666667,29,29.33333333,29.66666667],"raw_data":[267.9045,279.8409,287.7984,297.0822,299.0716,301.7241,343.5013,342.8382,345.4907,344.8276,344.8276,344.8276,342.175,343.5013,343.5013,344.1645,346.1538,344.1645,350.1326,346.817,351.4589,348.1432,346.1538,349.4695,350.1326,357.4271,364.0583,372.0159,379.3103,392.5729,403.183,413.7931,427.0557,433.0239,437.6658,442.9708,445.6234,449.6021,449.6021,453.5809,454.244,456.8965,456.2334,456.2334,457.5597,461.5385,462.2016,459.5491,460.2122,458.2228,465.5172,466.1804,466.8435,468.8329,466.1804,464.8541,464.191,466.8435,468.1698,464.191,464.191,466.8435,467.5066,468.1698,470.1591,470.8223,472.8117,470.8223,475.4642,477.4536,477.4536,479.443,478.1167,480.1061,482.0955,481.4323,481.4323,482.0955,484.0849,482.0955,482.0955,480.7692,482.7586,480.7692,481.4323,481.4323,481.4323,483.4218,479.443,477.4536],"processed_data":[-74.58978327,-66.77490299,-58.26244273,-49.05240249,-39.14478226,-27.16250967,-15.4443403,-5.615088393,2.026693897,4.374921526,0.462164412,0.114804355,-0.674636775,-0.482298219,-0.792330523,0.232509993,1.136783484,2.503239091,3.927103018,4.303161489,4.449563295,4.142394491,3.625669405,5.095464533,7.725019975,12.61381115,19.43744531,27.61317609,37.16683603,47.87451753,59.45489317,70.50993023,80.56883656,88.20201197,94.62949586,98.84654388,101.8148413,104.5563516,107.0969114,109.0260141,110.5130363,111.2192294,112.4277889,113.6621864,114.8104666,115.7836289,115.8754884,116.3060946,116.8343036,117.3883461,119.3059675,121.5766864,122.9488762,123.2215884,122.1163709,122.2082366,121.9441338,121.2982312,121.4762186,121.7259681,121.8321824,122.0044239,122.7823784,124.7947356,125.6789078,126.4539897,127.8721103,129.2414294,130.8633732,132.2556588,133.3838414,134.8967025,135.4823241,136.128224,136.7023615,137.4860594,138.2783693,138.5252475,138.2410533,138.4477457,138.2037379,137.7587777,137.3023358,137.1903725,137.6324583,137.9683295,137.5127524,136.7428362,135.6585807,134.2599861],"differential_data":[23.44464084,24.49101081,26.58375076,28.6764907,32.83483922,35.55066294,32.32113192,26.20655129,14.98501488,-2.346794228,-6.390175757,-1.705201781,-0.895653861,-0.176540622,1.072212318,2.893671011,3.406093647,4.1854793,2.699883597,0.783690415,-0.241150497,-1.235840835,1.429605063,6.149025855,11.27751992,17.568638,22.49904742,26.59408609,30.39201216,33.43208571,33.95311906,31.67091508,26.5381226,21.09098895,15.96679787,10.77801811,8.564711534,7.923105215,6.704493733,5.124187321,3.289823061,2.87212897,3.664435449,3.574016422,3.182163783,1.597532793,0.78369854,1.438222712,1.623377218,3.707495949,6.282510535,5.464362999,2.467352929,-1.248757895,-1.520027656,-0.258355673,-1.365008069,-0.701872788,0.641605328,0.533945653,0.417683589,1.42529396,4.185467609,4.344794137,2.488881099,3.289803839,4.181159676,4.486894286,4.521344073,3.780702269,3.961565488,3.147724102,1.847282311,1.830056129,2.036753072,2.36401169,1.558782206,-0.055973994,-0.116252751,-0.055973202,-1.033452022,-1.352103097,-0.852607826,0.495183771,1.166935512,-0.179558851,-1.838240012,-2.78125755,-3.724275089,-4.195783858,23.44464084,24.49101081,26.58375076,28.6764907,32.83483922,35.55066294,32.32113192,26.20655129,14.98501488,-2.346794228,-6.390175757,-1.705201781,-0.895653861,-0.176540622,1.072212318,2.893671011,3.406093647,4.1854793,2.699883597,0.783690415,-0.241150497,-1.235840835,1.429605063,6.149025855,11.27751992,17.568638,22.49904742,26.59408609,30.39201216,33.43208571,33.95311906,31.67091508,26.5381226,21.09098895,15.96679787,10.77801811,8.564711534,7.923105215,6.704493733,5.124187321,3.289823061,2.87212897,3.664435449,3.574016422,3.182163783,1.597532793,0.78369854,1.438222712,1.623377218,3.707495949,6.282510535,5.464362999,2.467352929,-1.248757895,-1.520027656,-0.258355673,-1.365008069,-0.701872788,0.641605328,0.533945653,0.417683589,1.42529396,4.185467609,4.344794137,2.488881099,3.289803839,4.181159676,4.486894286,4.521344073,3.780702269,3.961565488,3.147724102,1.847282311,1.830056129,2.036753072,2.36401169,1.558782206,-0.055973994,-0.116252751,-0.055973202,-1.033452022,-1.352103097,-0.852607826,0.495183771,1.166935512,-0.179558851,-1.838240012,-2.78125755,-3.724275089,-4.195783858]}

Slot 2:
Outcome check: Negative
Index Rising data : 25.000000
Index Break data : 0.000000
Index Transition time: 16.000000
{"outcome":{"outcome":"Negative","transition_time":{"x":16,"y":3.517625024,"i":48},"plateau_point":{"x":17.66666667,"y":9.287856065,"i":53},"increase":5.770231041,"suspect_score":2,"arm_width":1.333333333,"window_rate":2.4947809,"rise_width":7.666666667,"shape_flag":0,"climbs_fixed":0,"climb_first_i":-1},"peak_features":{"main_peak":{"x":16.66666667,"y":5.456634125,"i":50},"left_arm":{"x":16.33333333,"y":2.614221152,"i":49},"right_arm":{"x":17.66666667,"y":-2.129806519,"i":53}},"time_data":[0,0.333333333,0.666666667,1,1.333333333,1.666666667,2,2.333333333,2.666666667,3,3.333333333,3.666666667,4,4.333333333,4.666666667,5,5.333333333,5.666666667,6,6.333333333,6.666666667,7,7.333333333,7.666666667,8,8.333333333,8.666666667,9,9.333333333,9.666666667,10,10.33333333,10.66666667,11,11.33333333,11.66666667,12,12.33333333,12.66666667,13,13.33333333,13.66666667,14,14.33333333,14.66666667,15,15.33333333,15.66666667,16,16.33333333,16.66666667,17,17.33333333,17.66666667,18,18.33333333,18.66666667,19,19.33333333,19.66666667,20,20.33333333,20.66666667,21,21.33333333,21.66666667,22,22.33333333,22.66666667,23,23.33333333,23.66666667,24,24.33333333,24.66666667,25,25.33333333,25.66666667,26,26.33333333,26.66666667,27,27.33333333,27.66666667,28,28.33333333,28.66666667,29,29.33333333,29.66666667],"raw_data":[219.4821,230.5795,239.2109,247.2256,247.2256,254.0074,287.9162,295.3144,294.0814,292.2318,296.5475,294.0814,289.7657,291.6153,290.9988,294.6979,295.9309,295.9309,293.4649,297.7805,294.6979,294.6979,294.0814,291.6153,290.3822,289.1492,285.4501,290.3822,288.5327,290.3822,288.5327,287.9162,292.2318,290.9988,289.7657,290.3822,290.3822,289.7657,289.1492,290.9988,293.4649,295.3144,289.1492,293.4649,292.8483,297.7805,297.164,295.9309,296.5475,290.3822,301.4796,302.0962,299.6301,303.3292,300.8631,298.397,297.7805,297.164,300.2466,299.0136,296.5475,302.0962,300.8631,297.164,299.6301,303.9457,303.9457,302.7127,306.4118,305.1788,305.1788,305.7953,305.7953,305.7953,309.4944,308.2614,308.8779,309.4944,310.7275,305.1788,307.6449,310.111,309.4944,305.1788,305.7953,307.0284,307.0284,305.1788,305.1788,300.2466],"processed_data":[-71.58392852,-64.50512367,-56.60695762,-47.88943036,-38.3525419,-26.4838095,-15.51984746,-5.401932027,2.687596837,4.777367596,1.467892337,-0.282922786,-0.792688147,-0.760661336,-0.459078966,0.362951766,2.068398612,2.740967325,3.143975196,2.874416863,2.426041772,1.761476459,1.046198197,-1.475937352,-2.636924711,-4.006085152,-4.419772458,-4.259636817,-4.47581581,-3.877976851,-2.973206888,-3.141345136,-2.674284832,-2.492799569,-2.073784766,-2.40473654,-3.296158299,-3.162708101,-1.793541318,-1.502625436,-0.872753721,-0.691267534,0.010657637,0.728598326,1.345117478,2.893100094,3.039889381,2.703599278,3.517625024,3.605700869,5.260439125,7.243456952,8.556567964,9.287856065,7.136696952,6.400067746,6.22392055,4.878784444,5.236427208,6.346703996,6.608258136,6.328020633,6.352039156,7.435618743,8.150890532,8.754066368,10.32873628,11.82867551,12.27171993,12.32510231,12.39449611,13.01635372,13.24321268,14.09726811,14.82054528,16.14166577,16.427242,16.02156681,15.49846276,15.97086298,15.64792478,14.98870044,14.54565377,14.88993961,14.0358781,13.64087654,12.73530902,11.72432038,10.60791062,9.38607973],"differential_data":[21.23641455,22.46545635,24.92353996,27.38162357,32.10843129,34.24904167,31.62281621,27.31116644,15.26894943,-1.82955675,-7.590435573,-3.390870726,-0.716607825,0.500413771,1.685419652,3.791216367,3.567023339,1.613364876,0.200174307,-1.076900135,-1.669410606,-2.069765363,-4.856120716,-5.524684361,-3.7952217,-2.674271621,-0.380327497,-0.084065029,0.572489949,2.253913384,1.104947573,0.448383084,0.97281835,0.900750098,0.132094544,-1.8335603,-1.136957342,2.253925472,2.490123996,1.381181395,1.217036854,1.325117037,2.12979879,2.001689762,3.246752652,2.542157854,-0.284251225,0.716603465,1.353152387,2.614221152,5.456634125,4.944193258,3.066598669,-2.129806519,-4.331682478,-1.369164603,-2.281924954,-1.481240012,2.201879328,2.057746392,-0.028025045,-0.384328471,1.661397166,2.698277065,1.977671437,3.266768617,4.611913706,2.914475478,0.744640202,0.18416427,1.036877124,1.273074856,1.621371579,2.3659989,3.066596489,2.410045079,-0.180148434,-1.393168858,-0.07605575,0.224193028,-1.473243812,-1.653406515,-0.148141242,-0.764663498,-1.873594606,-1.95085362,-2.874834234,-3.191097606,-3.507360979,-3.665492665,21.23641455,22.46545635,24.92353996,27.38162357,32.10843129,34.24904167,31.62281621,27.31116644,15.26894943,-1.82955675,-7.590435573,-3.390870726,-0.716607825,0.500413771,1.685419652,3.791216367,3.567023339,1.613364876,0.200174307,-1.076900135,-1.669410606,-2.069765363,-4.856120716,-5.524684361,-3.7952217,-2.674271621,-0.380327497,-0.084065029,0.572489949,2.253913384,1.104947573,0.448383084,0.97281835,0.900750098,0.132094544,-1.8335603,-1.136957342,2.253925472,2.490123996,1.381181395,1.217036854,1.325117037,2.12979879,2.001689762,3.246752652,2.542157854,-0.284251225,0.716603465,1.353152387,2.614221152,5.456634125,4.944193258,3.066598669,-2.129806519,-4.331682478,-1.369164603,-2.281924954,-1.481240012,2.201879328,2.057746392,-0.028025045,-0.384328471,1.661397166,2.698277065,1.977671437,3.266768617,4.611913706,2.914475478,0.744640202,0.18416427,1.036877124,1.273074856,1.621371579,2.3659989,3.066596489,2.410045079,-0.180148434,-1.393168858,-0.07605575,0.224193028,-1.473243812,-1.653406515,-0.148141242,-0.764663498,-1.873594606,-1.95085362,-2.874834234,-3.191097606,-3.507360979,-3.665492665]}

Slot 3:
Outcome check: Negative
Index Rising data : 0.000000
Index Break data : 0.000000
Index Transition time: 15.666667
{"outcome":{"outcome":"Negative","transition_time":{"x":15.66666667,"y":-0.03739698,"i":47},"plateau_point":{"x":17.33333333,"y":8.531384357,"i":52},"increase":8.568781337,"suspect_score":2,"arm_width":1.666666667,"window_rate":2.570345858,"rise_width":4.666666667,"shape_flag":0,"climbs_fixed":0,"climb_first_i":-1},"peak_features":{"main_peak":{"x":16.66666667,"y":6.856171645,"i":50},"left_arm":{"x":15.66666667,"y":2.266670128,"i":47},"right_arm":{"x":17.33333333,"y":2.15012211,"i":52}},"time_data":[0,0.333333333,0.666666667,1,1.333333333,1.666666667,2,2.333333333,2.666666667,3,3.333333333,3.666666667,4,4.333333333,4.666666667,5,5.333333333,5.666666667,6,6.333333333,6.666666667,7,7.333333333,7.666666667,8,8.333333333,8.666666667,9,9.333333333,9.666666667,10,10.33333333,10.66666667,11,11.33333333,11.66666667,12,12.33333333,12.66666667,13,13.33333333,13.66666667,14,14.33333333,14.66666667,15,15.33333333,15.66666667,16,16.33333333,16.66666667,17,17.33333333,17.66666667,18,18.33333333,18.66666667,19,19.33333333,19.66666667,20,20.33333333,20.66666667,21,21.33333333,21.66666667,22,22.33333333,22.66666667,23,23.33333333,23.66666667,24,24.33333333,24.66666667,25,25.33333333,25.66666667,26,26.33333333,26.66666667,27,27.33333333,27.66666667,28,28.33333333,28.66666667,29,29.33333333,29.66666667],"raw_data":[297.8723,313.8298,321.8085,325.133,326.4627,333.1117,372.3404,375.6649,375,373.6702,373.0053,375,373.6702,375.6649,373.0053,376.3298,373.0053,376.3298,378.3245,375.6649,372.3404,370.3457,371.6755,372.3404,368.351,371.0106,369.0159,370.3457,368.351,371.0106,368.351,367.0213,370.3457,371.6755,369.6808,366.3564,371.0106,371.6755,369.6808,375,374.3351,373.0053,373.6702,372.3404,376.3298,374.3351,375.6649,373.6702,371.0106,375,383.6436,381.6489,380.984,383.6436,380.3191,380.984,381.6489,377.6595,379.6542,376.9947,380.984,378.9893,373.6702,382.9787,379.6542,378.9893,382.3138,380.984,384.3085,382.9787,386.9681,388.2979,387.633,387.633,388.2979,391.6223,386.3032,390.9574,389.6277,392.2872,390.2925,387.633,390.2925,388.2979,384.9734,384.9734,388.2979,385.6383,384.3085,380.984],"processed_data":[-72.35767748,-65.29368064,-57.37626131,-48.6054195,-38.9811552,-27.56571095,-15.64655941,-5.327753505,2.003344515,3.761996447,0.40874359,-0.241755498,0.273468942,0.325279467,0.305131788,0.754154486,1.729906223,2.017739961,1.761571843,0.512376001,0.043208795,-1.934203177,-3.140224837,-3.681354737,-3.592128473,-4.075687425,-4.340493206,-4.377915552,-4.599543584,-5.290338822,-4.91039973,-4.481527485,-4.700279995,-5.016896698,-4.262779071,-4.435479102,-4.380791074,-3.413674359,-2.011930259,-0.641844118,-0.929674949,-0.354005888,0.017296729,-0.057535147,0.621749548,0.431778681,-0.621690758,-0.03739698,0.88942266,2.613543754,4.947865672,7.184324851,8.531384357,8.617739591,7.215993774,7.043290968,5.909227644,5.155110149,5.601251115,4.121790106,4.05559008,4.700336539,4.478704147,5.192526813,5.160863835,6.519438905,7.506706073,7.457777676,9.322932652,10.91464603,11.93933039,12.8920547,14.12110036,14.52406423,14.58162514,14.64494872,15.44224727,16.24818282,16.12154094,16.07837046,16.74038617,15.62359196,14.29667961,13.26335824,12.9381052,12.77691769,11.90046844,10.82253771,9.543125499,8.062231815],"differential_data":[21.19199052,22.47212425,25.03239171,27.59265917,31.55956282,35.00189368,33.35693617,26.47485589,13.63462493,-2.391901388,-6.005627917,-0.202911971,0.850552447,0.047494269,0.643312529,2.137161651,1.895378212,0.047498431,-2.25804594,-2.577544572,-3.669868766,-4.775150448,-2.620727341,-0.677855454,-0.591499031,-1.1225471,-0.45334219,-0.388575566,-1.368634905,-0.466284219,1.213217005,0.315179602,-0.803053819,0.656251387,0.872126394,-0.177018005,1.532707115,3.553291222,4.157745361,1.623382965,0.431757345,1.420457518,0.444706112,0.906679228,0.733970741,-1.865160459,-0.703763491,2.266670128,3.976411101,6.087664517,6.856171645,5.375278027,2.15012211,-1.973085874,-2.361672934,-1.960149195,-2.832271229,-0.461964793,-1.549980064,-2.318491552,0.86781965,0.6346711,0.738285411,1.023239532,1.990368137,3.518763356,1.407508157,2.724339869,5.185302536,3.924596613,2.966113004,3.272654942,2.448014296,0.690787179,0.18132673,1.290933188,2.404851146,1.018940517,-0.254718533,0.928267838,-0.682167747,-3.665559843,-3.54035058,-2.037861613,-0.729660827,-1.556455142,-2.931569979,-3.536014408,-4.140458838,-4.442681052,21.19199052,22.47212425,25.03239171,27.59265917,31.55956282,35.00189368,33.35693617,26.47485589,13.63462493,-2.391901388,-6.005627917,-0.202911971,0.850552447,0.047494269,0.643312529,2.137161651,1.895378212,0.047498431,-2.25804594,-2.577544572,-3.669868766,-4.775150448,-2.620727341,-0.677855454,-0.591499031,-1.1225471,-0.45334219,-0.388575566,-1.368634905,-0.466284219,1.213217005,0.315179602,-0.803053819,0.656251387,0.872126394,-0.177018005,1.532707115,3.553291222,4.157745361,1.623382965,0.431757345,1.420457518,0.444706112,0.906679228,0.733970741,-1.865160459,-0.703763491,2.266670128,3.976411101,6.087664517,6.856171645,5.375278027,2.15012211,-1.973085874,-2.361672934,-1.960149195,-2.832271229,-0.461964793,-1.549980064,-2.318491552,0.86781965,0.6346711,0.738285411,1.023239532,1.990368137,3.518763356,1.407508157,2.724339869,5.185302536,3.924596613,2.966113004,3.272654942,2.448014296,0.690787179,0.18132673,1.290933188,2.404851146,1.018940517,-0.254718533,0.928267838,-0.682167747,-3.665559843,-3.54035058,-2.037861613,-0.729660827,-1.556455142,-2.931569979,-3.536014408,-4.140458838,-4.442681052]}

Slot 4:
Outcome check: Negative
Index Rising data : 11.333333
Index Break data : 0.000000
Index Transition time: 15.666667
{"outcome":{"outcome":"Negative","transition_time":{"x":15.66666667,"y":0.212678852,"i":47},"plateau_point":{"x":17.33333333,"y":7.629523603,"i":52},"increase":7.416844752,"suspect_score":2,"arm_width":1.666666667,"window_rate":2.293369805,"rise_width":6.666666667,"shape_flag":0,"climbs_fixed":0,"climb_first_i":-1},"peak_features":{"main_peak":{"x":16.66666667,"y":6.752481634,"i":50},"left_arm":{"x":15.66666667,"y":0.701897757,"i":47},"right_arm":{"x":17.33333333,"y":0.386606786,"i":52}},"time_data":[0,0.333333333,0.666666667,1,1.333333333,1.666666667,2,2.333333333,2.666666667,3,3.333333333,3.666666667,4,4.333333333,4.666666667,5,5.333333333,5.666666667,6,6.333333333,6.666666667,7,7.333333333,7.666666667,8,8.333333333,8.666666667,9,9.333333333,9.666666667,10,10.33333333,10.66666667,11,11.33333333,11.66666667,12,12.33333333,12.66666667,13,13.33333333,13.66666667,14,14.33333333,14.66666667,15,15.33333333,15.66666667,16,16.33333333,16.66666667,17,17.33333333,17.66666667,18,18.33333333,18.66666667,19,19.33333333,19.66666667,20,20.33333333,20.66666667,21,21.33333333,21.66666667,22,22.33333333,22.66666667,23,23.33333333,23.66666667,24,24.33333333,24.66666667,25,25.33333333,25.66666667,26,26.33333333,26.66666667,27,27.33333333,27.66666667,28,28.33333333,28.66666667,29,29.33333333,29.66666667],"raw_data":[380.3468,390.7514,398.8439,403.4682,409.8266,411.5607,452.0231,456.0694,453.7572,456.0694,456.0694,453.7572,450.867,453.1792,450.289,454.3353,454.9133,455.4913,455.4913,459.5376,457.8035,454.3353,450.867,449.1329,450.867,448.5549,450.867,451.4451,446.8208,447.9769,447.9769,448.5549,449.711,449.711,446.8208,448.5549,449.711,448.5549,449.711,454.9133,457.8035,455.4913,454.3353,453.1792,454.9133,454.9133,456.6474,453.7572,452.6012,455.4913,458.9595,462.4277,464.1618,461.2717,458.3815,456.6474,459.5376,456.6474,459.5376,457.8035,457.2254,455.4913,459.5376,459.5376,460.6936,462.4277,464.7399,460.1156,464.7399,465.8959,466.474,469.3642,463.0058,467.6301,465.8959,468.7861,468.7861,471.0983,471.0983,468.7861,467.6301,468.2081,471.0983,466.474,464.7399,468.2081,466.474,466.474,461.8497,461.2717],"processed_data":[-72.67226082,-65.81466249,-58.03996676,-49.34817361,-39.73928305,-27.69314047,-15.63949149,-4.829491421,2.547333821,4.799416414,0.890805067,-0.64562222,-1.328756621,-2.024399927,-1.771665367,-1.123563296,0.422870454,1.896731158,3.395621824,3.150390889,1.976802677,0.527958461,-1.679086132,-3.888632374,-4.183910023,-4.304022719,-4.326540728,-4.704389432,-5.45758453,-5.627741562,-5.720327006,-5.772875501,-5.339975993,-5.284925188,-5.367501395,-5.910505287,-5.825424921,-4.198918727,-1.941828608,-0.305310534,0.705629555,1.483852898,1.211103035,0.730656876,0.527969823,0.462909781,0.222688089,0.212678852,0.690619927,2.539826496,4.76437946,7.041480919,7.629523603,7.299218776,5.717759302,4.421563087,3.693391082,3.931110465,3.66336337,3.55826638,3.227961553,3.653354133,3.906087372,5.805340127,6.82628232,7.877252224,8.417751032,9.18845952,10.79995133,11.19531673,11.94351381,12.63915699,12.40144077,12.38643075,12.88939809,13.95538304,15.70200153,15.74203901,15.6519605,15.61192355,15.41674157,14.16808131,13.70014696,13.50746465,13.54999876,12.73924605,11.73256396,10.50442848,9.054839626,7.383797385],"differential_data":[20.57279497,21.94844109,24.69973333,27.45102557,32.48254971,36.14968733,34.29547357,27.28023797,14.44336175,-2.48479313,-8.167557952,-3.329342532,-2.068166559,-0.664363118,1.351254946,3.291803732,4.530441681,4.459127055,1.880489597,-2.12822872,-3.933648642,-5.483833214,-6.624886253,-3.757235837,-0.623085517,-0.213946058,-0.600550069,-1.696565702,-1.385028195,-0.394113714,-0.217700909,0.570526519,0.731925469,-0.041288103,-0.938370147,-0.686885289,2.56737984,5.825394469,5.840412289,3.971187245,2.683745149,0.758210219,-1.129794034,-1.024699818,-0.401620642,-0.457922601,-0.375346394,0.701897757,3.490721467,6.1106393,6.752481634,4.297716215,0.386606786,-2.867646453,-4.316483535,-3.03655233,-0.735678933,-0.045041567,-0.559266128,-0.653102726,0.14263163,1.017188729,3.227978991,4.380292422,3.107868145,2.387203068,1.966810945,3.573300448,3.010285811,1.715343723,2.165760387,0.686890441,-0.379089355,0.731935972,2.353428432,4.218905164,2.679983956,-0.07506155,-0.195173189,-0.352828385,-2.16576336,-2.57489192,-0.990924984,-0.225222303,-1.152327897,-2.726152197,-3.352226356,-4.016586502,-4.680946647,-5.01312672,20.57279497,21.94844109,24.69973333,27.45102557,32.48254971,36.14968733,34.29547357,27.28023797,14.44336175,-2.48479313,-8.167557952,-3.329342532,-2.068166559,-0.664363118,1.351254946,3.291803732,4.530441681,4.459127055,1.880489597,-2.12822872,-3.933648642,-5.483833214,-6.624886253,-3.757235837,-0.623085517,-0.213946058,-0.600550069,-1.696565702,-1.385028195,-0.394113714,-0.217700909,0.570526519,0.731925469,-0.041288103,-0.938370147,-0.686885289,2.56737984,5.825394469,5.840412289,3.971187245,2.683745149,0.758210219,-1.129794034,-1.024699818,-0.401620642,-0.457922601,-0.375346394,0.701897757,3.490721467,6.1106393,6.752481634,4.297716215,0.386606786,-2.867646453,-4.316483535,-3.03655233,-0.735678933,-0.045041567,-0.559266128,-0.653102726,0.14263163,1.017188729,3.227978991,4.380292422,3.107868145,2.387203068,1.966810945,3.573300448,3.010285811,1.715343723,2.165760387,0.686890441,-0.379089355,0.731935972,2.353428432,4.218905164,2.679983956,-0.07506155,-0.195173189,-0.352828385,-2.16576336,-2.57489192,-0.990924984,-0.225222303,-1.152327897,-2.726152197,-3.352226356,-4.016586502,-4.680946647,-5.01312672]}

Slot 5:
Outcome check: Positive
Index Rising data : 13.333333
Index Break data : 0.000000
Index Transition time: 14.000000
{"outcome":{"outcome":"Positive","transition_time":{"x":14,"y":10.20489158,"i":42},"plateau_point":{"x":17.66666667,"y":77.13601737,"i":53},"increase":66.93112579,"suspect_score":0,"arm_width":3.333333333,"window_rate":17.33988044,"rise_width":3.666666667,"shape_flag":0,"climbs_fixed":0,"climb_first_i":-1},"peak_features":{"main_peak":{"x":16.33333333,"y":25.20340501,"i":49},"left_arm":{"x":14.33333333,"y":10.26243809,"i":43},"right_arm":{"x":17.66666667,"y":9.449678495,"i":53}},"time_data":[0,0.333333333,0.666666667,1,1.333333333,1.666666667,2,2.333333333,2.666666667,3,3.333333333,3.666666667,4,4.333333333,4.666666667,5,5.333333333,5.666666667,6,6.333333333,6.666666667,7,7.333333333,7.666666667,8,8.333333333,8.666666667,9,9.333333333,9.666666667,10,10.33333333,10.66666667,11,11.33333333,11.66666667,12,12.33333333,12.66666667,13,13.33333333,13.66666667,14,14.33333333,14.66666667,15,15.33333333,15.66666667,16,16.33333333,16.66666667,17,17.33333333,17.66666667,18,18.33333333,18.66666667,19,19.33333333,19.66666667,20,20.33333333,20.66666667,21,21.33333333,21.66666667,22,22.33333333,22.66666667,23,23.33333333,23.66666667,24,24.33333333,24.66666667,25,25.33333333,25.66666667,26,26.33333333,26.66666667,27,27.33333333,27.66666667,28,28.33333333,28.66666667,29,29.33333333,29.66666667],"raw_data":[257.4579,271.0765,276.2646,282.7497,286.6407,292.4773,332.6848,333.9818,332.0363,331.3878,331.3878,337.8729,333.3333,331.3878,333.3333,334.6304,338.5214,336.5759,333.9818,335.9274,336.5759,332.6848,333.9818,333.3333,326.8483,327.4968,330.7393,327.4968,329.4423,328.1453,327.4968,328.1453,332.6848,332.6848,328.7938,330.0908,333.3333,332.0363,332.6848,337.8729,337.8729,343.061,345.655,342.4125,348.8976,356.0311,361.2192,368.3528,372.2439,378.7289,392.9961,402.0753,405.9663,409.8573,411.8029,413.7484,415.6939,415.6939,420.2335,420.2335,422.179,420.882,420.2335,421.5305,423.476,425.4215,427.3671,427.3671,426.7186,428.6641,435.7977,436.4462,433.2036,431.9066,435.1492,436.4462,435.7977,440.3372,436.4462,434.5007,436.4462,438.3917,437.7432,436.4462,433.2036,436.4462,437.7432,435.1492,435.1492,433.8522],"processed_data":[-74.11243638,-66.66440772,-58.4415404,-49.44383441,-39.67128975,-27.54053752,-15.39294156,-6.184685777,1.06400593,3.565393489,-0.036494532,-0.115099226,-0.022453671,0.659745254,1.406518185,1.246499462,2.332958271,3.374500754,3.02638423,2.338568881,1.909035158,1.156654787,-0.460403244,-2.032544289,-3.590651211,-4.171783315,-4.893279237,-5.050495362,-4.921353823,-4.974691284,-4.33460371,-3.419388016,-3.346397895,-2.473301347,-1.88936691,-2.144843956,-1.96236456,-0.99662325,1.136998561,3.801217876,5.614796296,7.776495599,10.20489158,12.77366011,17.04651698,21.58607727,26.66185202,33.6326146,41.1339797,49.32035306,57.9362497,65.78010936,72.52346987,77.13601737,78.82325553,80.57225902,82.32407633,84.16854462,85.90632702,86.98718037,87.5626983,87.96976844,87.98941384,88.96919085,90.24655191,91.73447104,92.51212142,93.84563614,95.94276303,97.9275913,99.14881164,100.3728367,101.4593009,101.2599746,101.4508787,102.6215608,103.6322243,103.876467,103.6687252,103.7332935,104.014035,103.1268929,103.2083077,103.4525489,102.9724823,102.5906738,102.2181336,101.9003391,101.6372904,101.4289873],"differential_data":[22.34408597,23.50634397,25.83085997,28.15537597,32.85494533,36.41752228,32.03377761,24.68542124,14.6251189,-1.650750693,-5.520739072,0.02106129,1.162266719,2.143457784,0.880131313,1.389660129,3.192001937,1.040138938,-1.553897808,-1.676023607,-1.772871141,-3.554157604,-4.783798614,-4.69537195,-3.20885854,-1.953942039,-1.318068071,-0.04211188,0.113706118,0.88012517,2.332954902,1.482308722,1.419130003,2.185546479,0.492686086,-0.109496476,1.722331059,4.649044681,7.196761689,6.716696603,5.962916585,6.885142933,7.495746761,10.26243809,13.21862575,14.42300257,18.06980599,21.70819151,23.53160769,25.20340501,24.68963445,21.88083024,17.03386203,9.449678495,5.154362468,5.251231206,5.394428402,5.373376029,4.227953626,2.484556916,1.473882105,0.640073306,1.499133618,3.385707112,4.147920287,3.39835427,3.166747651,5.145962406,6.122932731,4.809072916,3.667868082,3.465733912,1.330706906,-0.012633287,2.042379206,3.272018433,1.882359294,0.054751309,-0.214760124,0.517964747,-0.909600989,-1.208591015,0.488483974,-0.353738166,-1.292812595,-1.131522954,-1.03550199,-0.871264906,-0.707027822,-0.62490928,22.34408597,23.50634397,25.83085997,28.15537597,32.85494533,36.41752228,32.03377761,24.68542124,14.6251189,-1.650750693,-5.520739072,0.02106129,1.162266719,2.143457784,0.880131313,1.389660129,3.192001937,1.040138938,-1.553897808,-1.676023607,-1.772871141,-3.554157604,-4.783798614,-4.69537195,-3.20885854,-1.953942039,-1.318068071,-0.04211188,0.113706118,0.88012517,2.332954902,1.482308722,1.419130003,2.185546479,0.492686086,-0.109496476,1.722331059,4.649044681,7.196761689,6.716696603,5.962916585,6.885142933,7.495746761,10.26243809,13.21862575,14.42300257,18.06980599,21.70819151,23.53160769,25.20340501,24.68963445,21.88083024,17.03386203,9.449678495,5.154362468,5.251231206,5.394428402,5.373376029,4.227953626,2.484556916,1.473882105,0.640073306,1.499133618,3.385707112,4.147920287,3.39835427,3.166747651,5.145962406,6.122932731,4.809072916,3.667868082,3.465733912,1.330706906,-0.012633287,2.042379206,3.272018433,1.882359294,0.054751309,-0.214760124,0.517964747,-0.909600989,-1.208591015,0.488483974,-0.353738166,-1.292812595,-1.131522954,-1.03550199,-0.871264906,-0.707027822,-0.62490928]}

Slot 6:
Outcome check: Negative
Index Rising data : 20.666667
Index Break data : 0.000000
Index Transition time: 21.000000
{"outcome":{"outcome":"Negative","transition_time":{"x":21,"y":4.927552128,"i":63},"plateau_point":{"x":23.66666667,"y":13.64516835,"i":71},"increase":8.717616226,"suspect_score":3,"arm_width":2.333333333,"window_rate":2.408520802,"rise_width":8.333333333,"shape_flag":0,"climbs_fixed":0,"climb_first_i":-1},"peak_features":{"main_peak":{"x":21.66666667,"y":5.193311914,"i":65},"left_arm":{"x":21,"y":2.041564842,"i":63},"right_arm":{"x":23.33333333,"y":2.134697951,"i":70}},"time_data":[0,0.333333333,0.666666667,1,1.333333333,1.666666667,2,2.333333333,2.666666667,3,3.333333333,3.666666667,4,4.333333333,4.666666667,5,5.333333333,5.666666667,6,6.333333333,6.666666667,7,7.333333333,7.666666667,8,8.333333333,8.666666667,9,9.333333333,9.666666667,10,10.33333333,10.66666667,11,11.33333333,11.66666667,12,12.33333333,12.66666667,13,13.33333333,13.66666667,14,14.33333333,14.66666667,15,15.33333333,15.66666667,16,16.33333333,16.66666667,17,17.33333333,17.66666667,18,18.33333333,18.66666667,19,19.33333333,19.66666667,20,20.33333333,20.66666667,21,21.33333333,21.66666667,22,22.33333333,22.66666667,23,23.33333333,23.66666667,24,24.33333333,24.66666667,25,25.33333333,25.66666667,26,26.33333333,26.66666667,27,27.33333333,27.66666667,28,28.33333333,28.66666667,29,29.33333333,29.66666667],"raw_data":[157.774,169.2484,175.5594,185.3127,188.1813,195.6397,229.4894,234.6529,235.8003,234.0792,234.0792,234.6529,232.358,231.2106,234.6529,235.2266,233.5054,238.669,235.8003,236.3741,234.6529,234.0792,231.7843,231.2106,231.2106,229.4894,229.4894,227.7682,227.1945,232.358,229.4894,229.4894,233.5054,231.2106,228.9157,227.1945,229.4894,227.1945,228.9157,232.358,231.2106,232.9317,232.9317,235.8003,231.7843,236.3741,236.9478,235.2266,233.5054,232.9317,239.8164,241.5376,241.5376,238.669,240.9639,238.669,238.669,237.5215,239.8164,238.0952,240.3901,239.2427,235.8003,237.5215,239.2427,240.9639,244.4062,242.1113,245.5536,244.4062,247.2748,248.4223,247.2748,247.8485,245.5536,249.5697,245.5536,248.4223,247.8485,247.8485,249.5697,249.5697,247.2748,247.8485,247.2748,247.2748,244.9799,246.1274,244.4062,240.9639],"processed_data":[-74.79467191,-67.13459607,-58.67975143,-49.43013801,-39.38575579,-26.81351091,-14.62623471,-4.922611782,2.324683053,4.460623143,0.851878641,-0.26576398,-0.422231369,-0.67059412,0.004960428,0.814629493,2.14338301,2.843773119,2.766779053,2.371875449,1.495145856,-0.077005362,-1.03072704,-2.101182087,-2.955555837,-4.373719054,-4.527704941,-4.64195377,-4.937508785,-4.10548566,-3.084705766,-2.193075073,-2.52339899,-3.293330733,-3.787577311,-4.967311446,-5.608093988,-5.121297663,-4.01110569,-3.05986776,-1.664056555,-0.774912384,-0.295568557,0.372533228,1.447955904,1.800637844,1.162339578,0.889138358,1.919853045,2.858669529,4.055788841,5.923493092,7.187673065,7.468327642,6.047680545,5.459058489,4.942459569,5.151084074,5.349774183,5.439182893,5.039314831,4.669250026,4.08062579,4.927552128,5.441669018,7.200093719,8.903876961,10.04138864,11.3030846,12.22203639,13.13353693,13.64516835,14.07732388,14.06490428,13.714709,13.63771559,13.71967517,13.97052451,14.76777603,14.72058753,15.30176197,14.93418177,14.93666691,14.27353302,13.55575872,13.24530267,12.3362864,11.23478692,9.940804221,8.454338305],"differential_data":[22.98022752,24.17238071,26.55668709,28.94099346,33.92494065,37.13928163,32.83634869,25.42637664,14.07485239,-2.209206618,-7.089580685,-1.911165014,-0.60724521,0.640787694,2.22783542,3.207633873,3.04371544,0.935094065,-0.707846505,-1.907449797,-3.673321216,-3.788809343,-3.036265088,-2.887243197,-3.408805451,-2.358223655,-0.402352073,-0.614705767,0.804702164,2.77920453,2.868615881,0.841960164,-1.650383491,-1.896267482,-2.510971069,-2.730775016,-0.230979325,2.395482447,3.092144855,3.520573703,3.427433063,2.052731997,1.721168419,2.615286691,2.142156923,-0.428424488,-1.367249229,1.136270201,2.954296756,3.203903694,4.597235345,4.697826336,2.317251825,-1.70998878,-3.013903729,-1.657831464,-0.461961622,0.610971921,0.432148227,-0.465689027,-1.1548993,-1.438033562,0.387453154,2.041564842,3.408812387,5.193311914,4.26194238,3.598811459,3.27097162,2.745678493,2.134697951,1.415680427,0.629603894,-0.543922325,-0.640783037,0.007449262,0.49921338,1.572151283,1.125094525,0.800978921,0.32039137,-0.547642596,-0.990973138,-2.071362285,-1.542345518,-1.829208473,-3.015773625,-3.593223275,-4.170672924,-4.459397749,22.98022752,24.17238071,26.55668709,28.94099346,33.92494065,37.13928163,32.83634869,25.42637664,14.07485239,-2.209206618,-7.089580685,-1.911165014,-0.60724521,0.640787694,2.22783542,3.207633873,3.04371544,0.935094065,-0.707846505,-1.907449797,-3.673321216,-3.788809343,-3.036265088,-2.887243197,-3.408805451,-2.358223655,-0.402352073,-0.614705767,0.804702164,2.77920453,2.868615881,0.841960164,-1.650383491,-1.896267482,-2.510971069,-2.730775016,-0.230979325,2.395482447,3.092144855,3.520573703,3.427433063,2.052731997,1.721168419,2.615286691,2.142156923,-0.428424488,-1.367249229,1.136270201,2.954296756,3.203903694,4.597235345,4.697826336,2.317251825,-1.70998878,-3.013903729,-1.657831464,-0.461961622,0.610971921,0.432148227,-0.465689027,-1.1548993,-1.438033562,0.387453154,2.041564842,3.408812387,5.193311914,4.26194238,3.598811459,3.27097162,2.745678493,2.134697951,1.415680427,0.629603894,-0.543922325,-0.640783037,0.007449262,0.49921338,1.572151283,1.125094525,0.800978921,0.32039137,-0.547642596,-0.990973138,-2.071362285,-1.542345518,-1.829208473,-3.015773625,-3.593223275,-4.170672924,-4.459397749]}

Slot 7:
Outcome check: Negative
Index Rising data : 0.000000
Index Break data : 0.000000
Index Transition time: 15.666667
{"outcome":{"outcome":"Negative","transition_time":{"x":15.66666667,"y":-0.32128642,"i":47},"plateau_point":{"x":17.66666667,"y":7.118619052,"i":53},"increase":7.439905472,"suspect_score":2,"arm_width":1.333333333,"window_rate":2.363281977,"rise_width":5.333333333,"shape_flag":0,"climbs_fixed":0,"climb_first_i":-1},"peak_features":{"main_peak":{"x":16.66666667,"y":6.132098508,"i":50},"left_arm":{"x":16,"y":2.574111542,"i":48},"right_arm":{"x":17.33333333,"y":2.453648158,"i":52}},"time_data":[0,0.333333333,0.666666667,1,1.333333333,1.666666667,2,2.333333333,2.666666667,3,3.333333333,3.666666667,4,4.333333333,4.666666667,5,5.333333333,5.666666667,6,6.333333333,6.666666667,7,7.333333333,7.666666667,8,8.333333333,8.666666667,9,9.333333333,9.666666667,10,10.33333333,10.66666667,11,11.33333333,11.66666667,12,12.33333333,12.66666667,13,13.33333333,13.66666667,14,14.33333333,14.66666667,15,15.33333333,15.66666667,16,16.33333333,16.66666667,17,17.33333333,17.66666667,18,18.33333333,18.66666667,19,19.33333333,19.66666667,20,20.33333333,20.66666667,21,21.33333333,21.66666667,22,22.33333333,22.66666667,23,23.33333333,23.66666667,24,24.33333333,24.66666667,25,25.33333333,25.66666667,26,26.33333333,26.66666667,27,27.33333333,27.66666667,28,28.33333333,28.66666667,29,29.33333333,29.66666667],"raw_data":[269.6351,278.9116,290.0433,296.846,298.0829,303.6487,343.8466,345.7019,344.4651,343.8466,342.6098,343.2282,342.6098,341.9913,346.9388,344.4651,344.4651,344.4651,346.3203,346.9388,345.7019,345.0835,341.3729,342.6098,336.4255,341.3729,340.136,340.136,342.6098,339.5176,344.4651,339.5176,343.2282,340.136,337.6624,341.3729,340.136,342.6098,337.6624,342.6098,342.6098,341.3729,342.6098,343.2282,342.6098,344.4651,348.1756,342.6098,341.9913,340.136,351.8862,350.6494,349.4125,351.2678,348.7941,348.7941,348.1756,348.1756,345.7019,352.5046,350.6494,352.5046,348.1756,347.5572,350.0309,350.6494,354.3599,353.1231,353.7415,351.2678,356.8336,356.8336,359.3074,353.7415,357.4521,359.9258,359.9258,359.9258,359.3074,357.4521,358.0705,358.6889,354.9784,356.8336,356.8336,357.4521,356.2152,358.6889,355.5968,352.5046],"processed_data":[-73.49724694,-65.7312733,-57.25986266,-48.08301501,-38.20073036,-25.81875901,-14.34168154,-4.599416097,2.270231833,3.900637804,-0.757660176,-0.961128532,-0.567579922,-0.045528527,0.372109946,0.75494464,1.493847339,1.951648795,2.061414182,2.147089046,2.155123492,0.441725694,-1.333245612,-2.805699336,-3.92476664,-3.924769678,-3.935477913,-3.070747276,-2.310425597,-2.219398399,-1.641124907,-2.262230283,-2.851208972,-3.279560172,-3.499090682,-3.598147438,-3.946180335,-3.054678781,-2.529952673,-2.607590448,-2.010575332,-1.828527806,-1.236872157,-0.548836448,0.350695589,1.030696456,-0.353408351,-0.32128642,0.602340368,1.394787941,3.022519198,5.482853613,6.877671147,7.118619052,5.689000249,4.548518722,4.361113709,4.187097062,5.458760447,6.253881942,6.449319418,6.465380912,6.090572605,5.523010254,6.200339445,7.322077103,8.347438267,9.273742412,9.718157748,11.14777642,11.42620215,12.0981765,12.93881344,13.94275233,14.13550505,14.97613816,15.34559189,16.01756782,15.71772205,14.72984624,13.9802365,13.3216484,13.15030845,12.87188179,13.02715932,13.43944612,12.99315964,12.31395797,11.40184113,10.25680912],"differential_data":[23.29792092,24.35607643,26.47238744,28.58869845,33.396384,35.78857323,31.82901437,24.91787006,12.75008085,-4.541838014,-7.292649504,0.285120382,1.373400007,1.409534801,1.200709752,1.68260609,1.795056232,0.851350264,0.293160377,0.140563965,-2.558045028,-5.232553655,-4.871137545,-3.887281542,-1.678605513,-0.01606691,1.281033603,2.437578474,1.277023315,1.003951036,-0.064247825,-1.815126097,-1.525994833,-0.971822565,-0.477880899,-0.67063448,0.815202985,2.124341494,0.670632499,0.779066012,1.168593964,1.160554762,1.919537036,2.38135162,2.369299356,-1.056155911,-2.027974315,1.433623079,2.574111542,3.630268246,6.132098508,5.782727923,2.453648158,-1.783006346,-3.855150495,-1.99182981,-0.542132489,1.646470107,3.100177319,1.485838457,0.317248456,-0.53812022,-1.413555987,0.164650261,2.698600274,3.220648233,2.927497963,2.05607922,2.81105101,2.562066611,1.425600126,2.268916935,2.766863736,1.795037406,1.550078751,1.815130259,1.56214449,0.558195238,-1.931582364,-2.606228321,-2.112296761,-1.244892071,-0.67464992,-0.184723693,0.851346499,-0.05099953,-1.688232224,-2.386977753,-3.085723282,-3.435096047,23.29792092,24.35607643,26.47238744,28.58869845,33.396384,35.78857323,31.82901437,24.91787006,12.75008085,-4.541838014,-7.292649504,0.285120382,1.373400007,1.409534801,1.200709752,1.68260609,1.795056232,0.851350264,0.293160377,0.140563965,-2.558045028,-5.232553655,-4.871137545,-3.887281542,-1.678605513,-0.01606691,1.281033603,2.437578474,1.277023315,1.003951036,-0.064247825,-1.815126097,-1.525994833,-0.971822565,-0.477880899,-0.67063448,0.815202985,2.124341494,0.670632499,0.779066012,1.168593964,1.160554762,1.919537036,2.38135162,2.369299356,-1.056155911,-2.027974315,1.433623079,2.574111542,3.630268246,6.132098508,5.782727923,2.453648158,-1.783006346,-3.855150495,-1.99182981,-0.542132489,1.646470107,3.100177319,1.485838457,0.317248456,-0.53812022,-1.413555987,0.164650261,2.698600274,3.220648233,2.927497963,2.05607922,2.81105101,2.562066611,1.425600126,2.268916935,2.766863736,1.795037406,1.550078751,1.815130259,1.56214449,0.558195238,-1.931582364,-2.606228321,-2.112296761,-1.244892071,-0.67464992,-0.184723693,0.851346499,-0.05099953,-1.688232224,-2.386977753,-3.085723282,-3.435096047]}

Slot 8:
Outcome check: Negative
Index Rising data : 15.333333
Index Break data : 0.000000
Index Transition time: 16.000000
{"outcome":{"outcome":"Negative","transition_time":{"x":16,"y":3.313440496,"i":48},"plateau_point":{"x":17.33333333,"y":10.83611096,"i":52},"increase":7.522670465,"suspect_score":2,"arm_width":1.333333333,"window_rate":2.778459359,"rise_width":5,"shape_flag":0,"climbs_fixed":0,"climb_first_i":-1},"peak_features":{"main_peak":{"x":16.66666667,"y":6.946826291,"i":50},"left_arm":{"x":16,"y":2.491220648,"i":48},"right_arm":{"x":17.33333333,"y":2.017489148,"i":52}},"time_data":[0,0.333333333,0.666666667,1,1.333333333,1.666666667,2,2.333333333,2.666666667,3,3.333333333,3.666666667,4,4.333333333,4.666666667,5,5.333333333,5.666666667,6,6.333333333,6.666666667,7,7.333333333,7.666666667,8,8.333333333,8.666666667,9,9.333333333,9.666666667,10,10.33333333,10.66666667,11,11.33333333,11.66666667,12,12.33333333,12.66666667,13,13.33333333,13.66666667,14,14.33333333,14.66666667,15,15.33333333,15.66666667,16,16.33333333,16.66666667,17,17.33333333,17.66666667,18,18.33333333,18.66666667,19,19.33333333,19.66666667,20,20.33333333,20.66666667,21,21.33333333,21.66666667,22,22.33333333,22.66666667,23,23.33333333,23.66666667,24,24.33333333,24.66666667,25,25.33333333,25.66666667,26,26.33333333,26.66666667,27,27.33333333,27.66666667,28,28.33333333,28.66666667,29,29.33333333,29.66666667],"raw_data":[330.1887,342.1384,345.912,356.6038,356.6038,362.2642,401.2579,402.5157,403.7736,403.7736,402.5157,403.1447,403.7736,405.0315,405.0315,405.6604,404.4025,406.2893,406.9183,405.6604,405.6604,400.629,402.5157,403.7736,397.4843,400,398.7422,400.629,398.1132,398.7422,397.4843,400.629,400.629,403.1447,400.629,402.5157,401.2579,398.7422,401.8868,401.2579,403.1447,405.0315,404.4025,405.0315,403.1447,407.5472,406.2893,408.1761,403.1447,404.4025,411.3208,412.5786,415.0944,415.0944,410.0629,409.434,407.5472,410.6918,410.6918,409.434,406.9183,408.1761,407.5472,410.0629,410.6918,413.2076,411.3208,411.9497,415.7233,414.4654,415.0944,416.9811,417.6101,420.1258,418.868,420.1258,417.6101,417.6101,422.0126,417.6101,421.3837,420.1258,420.7547,416.3522,415.7233,416.3522,416.3522,418.868,413.2076,410.0629],"processed_data":[-71.23636845,-64.65546967,-57.13661829,-48.6798143,-39.2850577,-27.48784066,-15.27949623,-5.698508126,1.611795269,3.702791949,0.454678094,0.585361101,1.012813155,1.369475129,1.914001993,2.444917489,2.760745358,3.332503282,2.989453336,2.150879435,1.982080237,0.394773937,-0.933877392,-2.199908632,-2.779830999,-3.008535542,-3.730035163,-4.4569862,-4.021361776,-4.42703683,-3.681029877,-3.288965927,-2.107330983,-1.184354444,-1.143516243,-1.581868622,-2.00116165,-2.428617932,-1.739789558,-1.17347856,0.198733904,0.879396381,1.364025958,1.922169607,2.812472125,2.997616458,2.521154759,2.621889849,3.313440496,4.282703614,6.899161731,8.913921142,10.83611096,10.25891391,8.570872649,7.476363805,6.656845159,6.128652862,6.379136255,5.889060281,5.597743311,4.9198039,5.570516743,6.640512838,7.55259764,8.622600737,9.695322408,10.1853968,10.94229218,11.5412673,13.06867287,14.03793375,15.0071999,16.03364134,15.93290347,16.33041144,15.99824517,15.94650784,16.31134443,17.05734729,17.56648644,16.95933817,15.69875504,14.86835245,14.17952329,13.96987915,12.93909,11.75446574,10.41601562,8.923736572],"differential_data":[19.74269631,21.14962523,23.96348306,26.7773409,31.78796046,36.0083422,32.6839988,25.33693725,14.10195011,-1.735675762,-4.676146272,0.837202592,1.176171043,1.351783257,1.613163539,1.270115047,1.331378689,0.343061967,-1.77243577,-1.51105965,-2.634158246,-4.373936443,-3.892023854,-2.76893041,-1.212940365,-1.425306246,-2.172675987,-0.43698992,0.044924055,0.510497849,1.707106355,2.360548341,3.156917225,1.445722109,-0.596271267,-1.28646811,-1.270123965,0.392058137,1.882709057,2.907785193,3.079312411,1.747938082,1.564159839,2.17266925,1.613170277,-0.436976049,-0.563589914,1.188428606,2.491220648,5.378581852,6.946826291,5.905423846,2.017489148,-3.397857468,-4.173825153,-2.871041236,-2.021566416,-0.416563356,-0.359388872,-1.172089416,-1.453884571,-0.040839852,2.581063407,2.973121346,2.973131849,3.214087152,2.34419409,1.870454664,2.033805748,3.189571034,3.744999675,2.907790543,2.993561386,1.388555353,0.445155156,0.098012553,-0.575855404,0.469648881,1.666259171,1.882713021,-0.147013677,-2.8015971,-3.136478573,-2.278847632,-1.347709953,-1.860654558,-3.323120117,-3.784606934,-4.246094,-4.476837158,19.74269631,21.14962523,23.96348306,26.7773409,31.78796046,36.0083422,32.6839988,25.33693725,14.10195011,-1.735675762,-4.676146272,0.837202592,1.176171043,1.351783257,1.613163539,1.270115047,1.331378689,0.343061967,-1.77243577,-1.51105965,-2.634158246,-4.373936443,-3.892023854,-2.76893041,-1.212940365,-1.425306246,-2.172675987,-0.43698992,0.044924055,0.510497849,1.707106355,2.360548341,3.156917225,1.445722109,-0.596271267,-1.28646811,-1.270123965,0.392058137,1.882709057,2.907785193,3.079312411,1.747938082,1.564159839,2.17266925,1.613170277,-0.436976049,-0.563589914,1.188428606,2.491220648,5.378581852,6.946826291,5.905423846,2.017489148,-3.397857468,-4.173825153,-2.871041236,-2.021566416,-0.416563356,-0.359388872,-1.172089416,-1.453884571,-0.040839852,2.581063407,2.973121346,2.973131849,3.214087152,2.34419409,1.870454664,2.033805748,3.189571034,3.744999675,2.907790543,2.993561386,1.388555353,0.445155156,0.098012553,-0.575855404,0.469648881,1.666259171,1.882713021,-0.147013677,-2.8015971,-3.136478573,-2.278847632,-1.347709953,-1.860654558,-3.323120117,-3.784606934,-4.246094,-4.476837158]}

Slot 9:
Outcome check: Negative
Index Rising data : 0.000000
Index Break data : 0.000000
Index Transition time: 15.666667
{"outcome":{"outcome":"Negative","transition_time":{"x":15.66666667,"y":1.655962263,"i":47},"plateau_point":{"x":17.33333333,"y":7.748008431,"i":52},"increase":6.092046168,"suspect_score":2,"arm_width":1.333333333,"window_rate":2.924758746,"rise_width":6.666666667,"shape_flag":0,"climbs_fixed":0,"climb_first_i":-1},"peak_features":{"main_peak":{"x":16.66666667,"y":5.710666012,"i":50},"left_arm":{"x":16,"y":2.358535172,"i":48},"right_arm":{"x":17.33333333,"y":1.801519419,"i":52}},"time_data":[0,0.333333333,0.666666667,1,1.333333333,1.666666667,2,2.333333333,2.666666667,3,3.333333333,3.666666667,4,4.333333333,4.666666667,5,5.333333333,5.666666667,6,6.333333333,6.666666667,7,7.333333333,7.666666667,8,8.333333333,8.666666667,9,9.333333333,9.666666667,10,10.33333333,10.66666667,11,11.33333333,11.66666667,12,12.33333333,12.66666667,13,13.33333333,13.66666667,14,14.33333333,14.66666667,15,15.33333333,15.66666667,16,16.33333333,16.66666667,17,17.33333333,17.66666667,18,18.33333333,18.66666667,19,19.33333333,19.66666667,20,20.33333333,20.66666667,21,21.33333333,21.66666667,22,22.33333333,22.66666667,23,23.33333333,23.66666667,24,24.33333333,24.66666667,25,25.33333333,25.66666667,26,26.33333333,26.66666667,27,27.33333333,27.66666667,28,28.33333333,28.66666667,29,29.33333333,29.66666667],"raw_data":[248.068,258.8872,271.2519,274.3431,279.7527,279.7527,319.9382,326.1205,325.3477,325.3477,321.4838,324.575,323.8022,325.3477,321.4838,324.575,327.6661,327.6661,324.575,325.3477,327.6661,324.575,320.711,326.8933,318.3926,319.9382,320.711,318.3926,320.711,319.1654,316.847,319.1654,321.4838,319.1654,319.9382,318.3926,319.1654,319.9382,318.3926,323.8022,323.8022,325.3477,323.8022,319.9382,326.1205,327.6661,326.1205,324.575,324.575,324.575,329.9845,333.8485,330.7573,330.7573,331.5301,327.6661,329.9845,323.8022,329.2117,326.8933,326.8933,329.2117,326.8933,326.8933,330.7573,331.5301,333.0757,333.8485,333.0757,332.3029,336.9397,341.5765,336.9397,336.1669,340.8037,339.2581,336.9397,338.4853,337.7125,339.2581,339.2581,338.4853,339.2581,335.3941,336.1669,336.9397,336.9397,337.7125,333.0757,332.3029],"processed_data":[-73.55161614,-66.40441303,-58.37735749,-49.47044953,-39.68368913,-27.74045698,-15.83402057,-5.509978587,1.635891473,4.365774179,1.006946911,-0.150575316,-0.592173391,-0.284392914,1.02367411,1.308036507,1.645925943,2.345122895,3.352100323,1.957051859,1.699452982,0.879820192,-0.076975637,-1.321479302,-2.957399443,-3.388961197,-3.572960395,-4.8709911,-4.646846623,-4.784009661,-4.83419126,-4.355793346,-4.492956384,-4.255430147,-3.900813511,-4.85091846,-4.988081499,-4.201903108,-2.950708563,-1.093989385,-0.809626988,-0.444974032,0.364622438,0.538585316,1.05378307,1.384981626,1.448544985,1.655962263,1.993851699,3.228319044,4.967947824,7.035429719,7.748008431,8.236442665,6.276014848,4.967947824,4.39587759,3.415663682,3.248391684,3.61973552,3.204900965,3.917479676,3.793698398,4.911075344,6.205760609,7.470336914,8.490693328,8.962402212,10.20691103,11.63876647,12.25098977,13.47877337,14.90393595,15.29869971,14.79019007,14.17797455,14.70655407,14.80022638,14.30175583,15.04444628,15.22509541,14.60618571,14.06087702,13.22451637,13.25128332,13.01375722,12.29816418,11.41362463,10.36013859,9.13770604],"differential_data":[21.44160933,22.76138797,25.40094525,28.04050253,32.59498882,35.77450284,33.34571759,26.20486807,14.81362915,-0.943416843,-6.774524243,-2.398680452,-0.200726398,2.423771251,2.388644132,0.933377749,1.555629582,2.55926157,-0.582106553,-2.478971011,-1.615847501,-2.664642928,-3.301949241,-4.320635709,-3.101222843,-0.923341429,-2.223044854,-1.610829341,0.130472158,-0.281016957,[stack]0.642324472,0.511852314,0.150544798,0.888214309,-0.893232469,-1.630901981, Control=2128/40960.973523028,3.056059404,4.661870585 Sensor=1520/10240,3.211622362,0.973523028,1.761374139,1.475339023, Display=6080/102401.033740948,1.269594465,0.592142873 Network=2208/6144,0.406470955,0.81796007,2.358535172,4.461144187,5 Input=1488/6144.710666012, Setting=7016/81924.170090911 | unused=24616 B
,1.801519419,-2.207990374,-4.902742262,-2.820205887,-2.328426212,-1.72122886,0.306107756,-0.065236079,0.446616235,0.88319615,1.490393502,3.618093317,3.838892355,3.427399078,2.238097946,2.574326552,4.014546382,3.066118117,2.76001036,3.979419262,2.729889511,-0.170618825,-1.681087742,-0.125453999,0.933377749,-0.607197353,0.366329837,1.385009369,-0.657390842,-1.746327586,-2.072504019,-1.214390544,-0.316138726,-1.429678721,-2.400198879,-2.907038384,-3.413877888,-3.667297641,21.44160933,22.76138797,25.40094525,28.04050253,32.59498882,35.77450284,33.34571759,26.20486807,14.81362915,-0.943416843,-6.774524243,-2.398680452,-0.200726398,2.423771251,2.388644132,0.933377749,1.555629582,2.55926157,-0.582106553,-2.478971011,-1.615847501,-2.664642928,-3.301949241,-4.320635709,-3.101222843,-0.923341429,-2.223044854,-1.610829341,0.130472158,-0.281016957,0.642324472,0.511852314,0.150544798,0.888214309,-0.893232469,-1.630901981,0.973523028,3.056059404,4.661870585,3.211622362,0.973523028,1.761374139,1.475339023,1.033740948,1.269594465,0.592142873,0.406470955,0.81796007,2.358535172,4.461144187,5.710666012,4.170090911,1.801519419,-2.207990374,-4.902742262,-2.820205887,-2.328426212,-1.72122886,0.306107756,-0.065236079,0.446616235,0.88319615,1.490393502,3.618093317,3.838892355,3.427399078,2.238097946,2.574326552,4.014546382,3.066118117,2.76001036,3.979419262,2.729889511,-0.170618825,-1.681087742,-0.125453999,0.933377749,-0.607197353,0.366329837,1.385009369,-0.657390842,-1.746327586,-2.072504019,-1.214390544,-0.316138726,-1.429678721,-2.400198879,-2.907038384,-3.413877888,-3.667297641]}

Slot 10:
Outcome check: Negative
Index Rising data : 0.000000
Index Break data : 0.000000
Index Transition time: 22.000000
{"outcome":{"outcome":"Negative","transition_time":{"x":22,"y":8.219668434,"i":66},"plateau_point":{"x":24,"y":16.54820747,"i":72},"increase":8.328539035,"suspect_score":3,"arm_width":1.666666667,"window_rate":2.982458073,"rise_width":6,"shape_flag":0,"climbs_fixed":0,"climb_first_i":-1},"peak_features":{"main_peak":{"x":23,"y":6.231363272,"i":69},"left_arm":{"x":22,"y":1.263470142,"i":66},"right_arm":{"x":23.66666667,"y":2.595682119,"i":71}},"time_data":[0,0.333333333,0.666666667,1,1.333333333,1.666666667,2,2.333333333,2.666666667,3,3.333333333,3.666666667,4,4.333333333,4.666666667,5,5.333333333,5.666666667,6,6.333333333,6.666666667,7,7.333333333,7.666666667,8,8.333333333,8.666666667,9,9.333333333,9.666666667,10,10.33333333,10.66666667,11,11.33333333,11.66666667,12,12.33333333,12.66666667,13,13.33333333,13.66666667,14,14.33333333,14.66666667,15,15.33333333,15.66666667,16,16.33333333,16.66666667,17,17.33333333,17.66666667,18,18.33333333,18.66666667,19,19.33333333,19.66666667,20,20.33333333,20.66666667,21,21.33333333,21.66666667,22,22.33333333,22.66666667,23,23.33333333,23.66666667,24,24.33333333,24.66666667,25,25.33333333,25.66666667,26,26.33333333,26.66666667,27,27.33333333,27.66666667,28,28.33333333,28.66666667,29,29.33333333,29.66666667],"raw_data":[469.8875,481.1383,489.0801,493.7128,497.0218,500.3309,542.0251,543.3488,545.3342,543.3488,541.3633,544.6724,544.0106,544.0106,544.0106,546.6578,545.3342,547.3196,545.996,547.3196,544.0106,545.996,542.687,543.3488,539.3779,538.0543,541.3633,542.687,538.0543,539.3779,539.3779,538.0543,539.3779,541.3633,542.0251,542.0251,540.0397,539.3779,538.0543,541.3633,544.0106,543.3488,544.6724,542.687,542.687,544.0106,544.0106,546.6578,542.687,542.0251,550.6287,549.9669,549.9669,549.9669,551.2905,549.3051,551.2905,549.3051,551.2905,548.6432,547.3196,546.6578,550.6287,548.6432,552.6141,551.2905,551.2905,553.2759,553.9378,553.2759,559.8941,561.2177,559.2323,560.5559,556.585,558.5705,556.585,556.585,562.5413,556.585,557.9086,559.8941,559.2323,555.2614,556.585,559.2323,558.5705,556.585,555.9232,552.6141],"processed_data":[-71.48213205,-65.32726977,-58.0693843,-49.70847566,-40.24454383,-28.11416045,-15.86918356,-5.738562778,1.478354582,3.93937769,0.254991143,-0.094545307,0.154700077,0.805060316,1.710399809,1.87085278,2.833496886,3.011125044,3.246053853,2.589966349,2.377953732,1.292119806,-0.343795975,-2.005487087,-2.251873859,-3.191591469,-3.377812902,-3.529659123,-3.455170074,-3.979472635,-4.698588053,-4.529549206,-3.243159835,-2.675887203,-2.154461749,-2.420911913,-3.234566825,-3.538261381,-3.366360223,-2.29485582,-0.979822464,-0.137515906,0.429748535,-0.037249941,0.272174257,0.681869177,-0.123189819,0.498513754,1.44110266,2.56991881,3.827657856,5.337513053,6.878874808,7.623768992,6.709824599,7.06221147,7.159613539,6.858785786,5.752901944,5.506522835,4.618375175,4.947851404,5.369001909,6.36315918,7.414603097,8.405893829,8.219668434,9.248207257,10.66351054,12.63462559,14.81775272,15.78898455,16.54820747,16.39350528,14.41952422,14.41952052,14.49113933,14.28771841,14.96671629,15.50246783,15.62567297,14.81201938,13.943933,14.62867294,14.3736921,14.23903428,13.57807741,12.74235444,11.73186535,10.54661014],"differential_data":[18.46458685,20.11912162,23.42819117,26.73726071,32.39147281,36.5630404,33.5633965,26.02130721,14.5169107,-1.835045158,-6.050884495,-0.1504366,1.349408435,2.333549599,1.598688695,1.684645616,1.710408397,0.618835,-0.631738043,-1.302150181,-1.946769813,-4.082624559,-4.94641034,-2.862116826,-1.779156573,-1.688908565,-0.50710148,-0.116035759,-0.674720269,-1.865126969,-0.825114857,2.183142328,2.780493006,1.633047129,0.382462935,-1.620157613,-1.676024202,-0.197690097,1.865108341,3.579806637,3.23600987,2.114356499,0.150398948,-0.236361417,1.078678676,-0.593046114,-0.275033133,2.346438718,3.107107584,3.579832795,4.151391364,4.576825427,3.42938391,-0.253575313,-0.842336283,0.67468341,-0.305138526,-2.110067392,-2.028394427,-1.701790153,-0.838007147,1.1259401,2.122961664,3.068401783,3.064101975,1.207598005,1.263470142,3.665763161,5.079627495,6.231363272,4.731538451,2.595682119,0.906781085,-3.193024871,-2.960977133,0.107422668,-0.197703176,0.713365431,1.822124134,0.988435027,-1.035672671,-2.522609958,-0.275019658,0.644638656,-0.584457992,-1.193422035,-2.245019769,-2.769318103,-3.293616436,-3.555765603,18.46458685,20.11912162,23.42819117,26.73726071,32.39147281,36.5630404,33.5633965,26.02130721,14.5169107,-1.835045158,-6.050884495,-0.1504366,1.349408435,2.333549599,1.598688695,1.684645616,1.710408397,0.618835,-0.631738043,-1.302150181,-1.946769813,-4.082624559,-4.94641034,-2.862116826,-1.779156573,-1.688908565,-0.50710148,-0.116035759,-0.674720269,-1.865126969,-0.825114857,2.183142328,2.780493006,1.633047129,0.382462935,-1.620157613,-1.676024202,-0.197690097,1.865108341,3.579806637,3.23600987,2.114356499,0.150398948,-0.236361417,1.078678676,-0.593046114,-0.275033133,2.346438718,3.107107584,3.579832795,4.151391364,4.576825427,3.42938391,-0.253575313,-0.842336283,0.67468341,-0.305138526,-2.110067392,-2.028394427,-1.701790153,-0.838007147,1.1259401,2.122961664,3.068401783,3.064101975,1.207598005,1.263470142,3.665763161,5.079627495,6.231363272,4.731538451,2.595682119,0.906781085,-3.193024871,-2.960977133,0.107422668,-0.197703176,0.713365431,1.822124134,0.988435027,-1.035672671,-2.522609958,-0.275019658,0.644638656,-0.584457992,-1.193422035,-2.245019769,-2.769318103,-3.293616436,-3.555765603]}

[len] set(90) was=90 APPLIED

>>> {"Slot":[234,234,236,237,239,240,343,344,339,344,344,341,347,347,349,351,351,351,349,347,351,352,351...(372 B)
data received from Serial port

Receive long json data in 1 receiving
{"Slot":[234,234,236,237,239,240,343,344,339,344,344,341,347,347,349,351,351,351,349,347,351,352,351,351,347,345,345,345,353,346,344,346,344,346,346,351,352,352,349,352,345,344,344,344,344,340,346,343,341,338,340,346,342,345,344,345,342,344,342,344,343,346,345,344,345,346,344,344,344,344,340,341,345,345,339,336,342,341,338,339,343,344,341,334,335,340,344,343,336,336]}0
Json data received

>>> {"Slot":[454,460,460,459,461,462,612,607,606,609,607,611,610,615,617,617,617,613,613,613,614,614,617...(372 B)
data received from Serial port

Receive long json data in 1 receiving
{"Slot":[454,460,460,459,461,462,612,607,606,609,607,611,610,615,617,617,617,613,613,613,614,614,617,616,613,610,613,607,613,616,610,615,610,616,616,619,619,622,616,617,612,606,607,610,605,609,611,613,612,612,607,612,610,611,612,613,607,612,612,613,615,613,613,615,614,618,613,616,617,619,613,610,622,611,612,610,611,610,611,609,616,622,619,612,612,613,613,614,609,611]}1
[dash] heap free=93780 maxAlloc=81908 intFree=93780 intLargest=81908 clients=0 ap=0
Json data received

>>> {"Slot":[339,339,342,342,344,344,484,484,484,485,485,486,485,488,494,488,494,490,493,491,487,490,494...(372 B)
data received from Serial port

Receive long json data in 1 receiving
{"Slot":[339,339,342,342,344,344,484,484,484,485,485,486,485,488,494,488,494,490,493,491,487,490,494,494,494,487,487,487,493,493,491,493,490,494,492,494,494,492,490,490,486,485,482,485,485,483,488,485,485,486,487,486,485,485,490,490,487,490,490,486,490,490,485,487,484,488,490,493,494,492,484,483,492,482,480,484,484,482,482,485,490,495,494,486,484,485,490,488,486,486]}2
Json data received

>>> {"Slot":[398,400,402,401,401,400,547,547,547,547,546,548,551,552,556,555,556,553,555,556,553,557,556...(372 B)
data received from Serial port

Receive long json data in 1 receiving
{"Slot":[398,400,402,401,401,400,547,547,547,547,546,548,551,552,556,555,556,553,555,556,553,557,556,556,557,552,548,551,556,556,549,553,552,557,556,557,557,560,553,553,546,542,551,548,548,547,548,549,547,546,547,547,547,547,547,547,547,552,549,547,547,551,549,552,556,553,557,553,556,551,547,547,555,546,548,551,549,548,548,557,553,556,557,548,547,542,552,549,544,548]}3
Json data received

>>> {"Slot":[300,298,301,302,304,301,418,417,417,412,417,417,418,417,419,419,418,422,420,420,421,423,420...(372 B)
data received from Serial port

Receive long json data in 1 receiving
{"Slot":[300,298,301,302,304,301,418,417,417,412,417,417,418,417,419,419,418,422,420,420,421,423,420,423,421,418,415,420,419,419,418,417,418,421,425,423,425,419,423,421,418,416,415,414,412,414,418,414,415,414,416,417,416,415,415,415,414,418,418,417,418,418,417,417,418,418,421,420,422,423,417,418,423,418,415,417,418,417,416,418,422,421,423,415,414,418,419,416,414,415]}4
Json data received

>>> {"Slot":[385,384,388,388,388,388,523,522,528,529,530,530,527,530,535,533,534,530,530,530,533,532,538...(372 B)
data received from Serial port

Receive long json data in 1 receiving
{"Slot":[385,384,388,388,388,388,523,522,528,529,530,530,527,530,535,533,534,530,530,530,533,532,538,535,532,528,530,530,532,533,530,528,533,538,539,533,534,535,530,532,523,526,523,525,523,522,528,525,530,529,530,527,528,530,529,532,530,527,529,530,529,529,528,532,530,534,534,534,534,530,527,522,535,523,525,526,525,526,527,530,533,539,536,527,523,525,535,529,525,522]}5
Json data received

>>> {"Slot":[532,541,537,535,535,532,634,636,639,637,636,636,638,637,638,639,642,638,637,637,638,639,637...(372 B)
data received from Serial port
finish one round maintenance

Receive long json data in 1 receiving
{"Slot":[532,541,537,535,535,532,634,636,639,637,636,636,638,637,638,639,642,638,637,637,638,639,637,639,639,637,637,637,637,637,637,638,642,641,637,638,638,637,637,637,633,633,632,636,634,634,634,637,634,636,637,637,637,637,633,637,638,641,639,639,639,637,639,639,642,643,641,643,639,637,637,636,641,632,634,636,636,634,633,637,637,638,641,636,637,637,646,636,637,637]}6
Json data received

>>> {"Slot":[335,335,335,335,337,342,452,453,454,457,451,457,458,458,458,459,460,459,458,454,459,455,458...(372 B)
data received from Serial port

Receive long json data in 1 receiving
{"Slot":[335,335,335,335,337,342,452,453,454,457,451,457,458,458,458,459,460,459,458,454,459,455,458,459,454,454,454,450,459,461,459,454,459,460,460,457,459,459,460,460,451,451,451,450,451,452,450,453,452,452,452,452,451,452,454,452,452,448,450,450,450,457,450,452,457,458,459,460,460,459,450,450,459,452,452,450,452,454,454,458,454,459,454,451,452,454,454,452,451,451]}7
Json data received

>>> {"Slot":[297,302,297,297,297,296,383,383,381,383,381,385,386,385,386,387,388,389,387,385,391,391,391...(372 B)
[dash] heap free=92784 maxAlloc=81908 intFree=92784 intLargest=81908 clients=0 ap=0
data received from Serial port
[stack]
Receive long json data in 1 receiving
 Control=2128/4096{"Slot":[297,302,297,297,297,296,383,383,381,383,381,385,386,385,386,387,388,389,387,385,391,391,391,389,388,385,385,387,386,389,389,385,390,389,387,388,389,385,386,386,383,383,383,383,381,383,383,384,382,384,385,384,385,385,386,385,387,386,388,385,385,388,384,388,387,388,389,389,389,387,385,385,387,385,383,386,385,385,385,388,387,389,390,384,383,382,389,383,384,383]}8
 Sensor=1520/10240 Display=6080/10240 Network=2208/6144 Input=1488/6144 Setting=7016/8192 | unused=24616 B
Json data received

>>> {"Slot":[321,328,327,322,324,328,443,444,445,445,446,447,452,445,450,451,452,450,453,448,452,453,453...(372 B)
data received from Serial port

Receive long json data in 1 receiving
{"Slot":[321,328,327,322,324,328,443,444,445,445,446,447,452,445,450,451,452,450,453,448,452,453,453,453,451,451,450,451,449,451,452,450,457,447,450,450,451,451,451,449,447,445,447,445,445,445,446,445,445,446,447,446,452,447,446,449,449,452,449,448,450,451,452,453,453,453,451,452,453,449,444,445,446,448,443,445,445,445,445,447,452,455,452,447,446,445,451,446,445,445]}9
Json data received

>>> getResult
data received from Serial port
getResult
<AmpStart/>
<AmpStart>
{"calibration":{"slopes":[1.508,1.622,1.504,1.73,1.542,1.743,1.617,1.59,1.294,1.511],"origins":[0,0,0,0,0,0,0,0,0,0]},"led_power":[150,150,150,150,150,150,150,150,150,150],"units":"nM FAM","device_id":"RPL01015","slots":10,"amplification_time":30,"reading_interval":0.333333,"software_version":"v2.4.5AT1"}
Amplification Time[min],Sensor 1 Fluorescence[nM FAM],Sensor 2 Fluorescence[nM FAM],Sensor 3 Fluorescence[nM FAM],Sensor 4 Fluorescence[nM FAM],Sensor 5 Fluorescence[nM FAM],Temperature[C]
0.00,155.17,279.90,225.40,230.06,194.55,220.88,329.00,210.69,229.52,212.44,65.80
0.33,155.17,283.60,225.40,231.21,193.26,220.31,334.57,210.69,233.38,217.07,65.80
0.67,156.50,283.60,227.39,232.37,195.20,222.60,332.10,210.69,229.52,216.41,65.80
1.00,157.16,282.98,227.39,231.79,195.85,222.60,330.86,210.69,229.52,213.10,65.80
1.33,158.49,284.22,228.72,231.79,197.15,222.60,330.86,211.95,229.52,214.43,65.80
1.67,159.15,284.83,228.72,231.21,195.20,222.60,329.00,215.09,228.75,217.07,65.80
2.00,227.45,377.31,321.81,316.18,271.08,300.06,392.08,284.28,295.98,293.18,65.80
2.33,228.12,374.23,321.81,316.18,270.43,299.48,393.32,284.91,295.98,293.85,65.80
2.67,224.80,373.61,321.81,316.18,270.43,302.93,395.18,285.53,294.44,294.51,65.80
3.00,228.12,375.46,322.47,316.18,267.19,303.50,393.94,287.42,295.98,294.51,65.80
3.33,228.12,374.23,322.47,315.61,270.43,304.07,393.32,283.65,294.44,295.17,65.80
3.67,226.13,376.70,323.14,316.76,270.43,304.07,393.32,287.42,297.53,295.83,65.80
4.00,230.11,376.08,322.47,318.50,271.08,302.35,394.56,288.05,298.30,299.14,65.80
4.33,230.11,379.16,324.47,319.08,270.43,304.07,393.94,288.05,297.53,294.51,65.80
4.67,231.43,380.39,328.46,321.39,271.73,306.94,394.56,288.05,298.30,297.82,65.80
5.00,232.76,380.39,324.47,320.81,271.73,305.79,395.18,288.68,299.07,298.48,65.80
5.33,232.76,380.39,328.46,321.39,271.08,306.37,397.03,289.31,299.85,299.14,65.80
5.67,232.76,377.93,325.80,319.65,273.67,304.07,394.56,288.68,300.62,297.82,65.80
6.00,231.43,377.93,327.79,320.81,272.37,304.07,393.94,288.05,299.07,299.80,65.80
6.33,230.11,377.93,326.46,321.39,272.37,304.07,393.94,285.53,297.53,296.49,65.80
6.67,232.76,378.55,323.80,319.65,273.02,305.79,394.56,288.68,302.16,299.14,65.80
7.00,233.42,378.55,325.80,321.97,274.32,305.22,395.18,286.16,302.16,299.80,65.80
7.33,232.76,380.39,328.46,321.39,272.37,308.66,393.94,288.05,302.16,299.80,65.80
7.67,232.76,379.78,328.46,321.39,274.32,306.94,395.18,288.68,300.62,299.80,65.80
8.00,230.11,377.93,328.46,321.97,273.02,305.22,395.18,285.53,299.85,298.48,65.80
8.33,228.78,376.08,323.80,319.08,271.08,302.93,393.94,285.53,297.53,298.48,65.80
8.67,228.78,377.93,323.80,316.76,269.13,304.07,393.94,285.53,297.53,297.82,65.80
9.00,228.78,374.23,323.80,318.50,272.37,304.07,393.94,283.02,299.07,298.48,65.80
9.33,234.08,377.93,327.79,321.39,271.73,305.22,393.94,288.68,298.30,297.15,65.80
9.67,229.44,379.78,327.79,321.39,271.73,305.79,393.94,289.94,300.62,298.48,65.80
10.00,228.12,376.08,326.46,317.34,271.08,304.07,393.94,288.68,300.62,299.14,65.80
10.33,229.44,379.16,327.79,319.65,270.43,302.93,394.56,285.53,297.53,297.82,65.80
10.67,228.12,376.08,325.80,319.08,271.08,305.79,397.03,288.68,301.39,302.45,65.80
11.00,229.44,379.78,328.46,321.97,273.02,308.66,396.41,289.31,300.62,295.83,65.80
11.33,229.44,379.78,327.13,321.39,275.62,309.24,393.94,289.31,299.07,297.82,65.80
11.67,232.76,381.63,328.46,321.97,274.32,305.79,394.56,287.42,299.85,297.82,65.80
12.00,233.42,381.63,328.46,321.97,275.62,306.37,394.56,288.68,300.62,298.48,65.80
12.33,233.42,383.48,327.13,323.70,271.73,306.94,393.94,288.68,297.53,298.48,65.80
12.67,231.43,379.78,325.80,319.65,274.32,304.07,393.94,289.31,298.30,298.48,65.80
13.00,233.42,380.39,325.80,319.65,273.02,305.22,393.94,289.31,298.30,297.15,65.80
13.33,228.78,377.31,323.14,315.61,271.08,300.06,391.47,283.65,295.98,295.83,65.80
13.67,228.12,373.61,322.47,313.29,269.78,301.78,391.47,283.65,295.98,294.51,65.80
14.00,228.12,374.23,320.48,318.50,269.13,300.06,390.85,283.65,295.98,295.83,65.80
14.33,228.12,376.08,322.47,316.76,268.48,301.20,393.32,283.02,295.98,294.51,65.80
14.67,228.12,373.00,322.47,316.76,267.19,300.06,392.08,283.65,294.44,294.51,65.80
15.00,225.46,375.46,321.14,316.18,268.48,299.48,392.08,284.28,295.98,294.51,65.80
15.33,229.44,376.70,324.47,316.76,271.08,302.93,392.08,283.02,295.98,295.17,65.80
15.67,227.45,377.93,322.47,317.34,268.48,301.20,393.94,284.91,296.75,294.51,65.80
16.00,226.13,377.31,322.47,316.18,269.13,304.07,392.08,284.28,295.21,294.51,65.80
16.33,224.14,377.31,323.14,315.61,268.48,303.50,393.32,284.28,296.75,295.17,65.80
16.67,225.46,374.23,323.80,316.18,269.78,304.07,393.94,284.28,297.53,295.83,65.80
17.00,229.44,377.31,323.14,316.18,270.43,302.35,393.94,284.28,296.75,295.17,65.80
17.33,226.79,376.08,322.47,316.18,269.78,302.93,393.94,283.65,297.53,299.14,65.80
17.67,228.78,376.70,322.47,316.18,269.13,304.07,393.94,284.28,297.53,295.83,65.80
18.00,228.12,377.31,325.80,316.18,269.13,303.50,391.47,285.53,298.30,295.17,65.80
18.33,228.78,377.93,325.80,316.18,269.13,305.22,393.94,284.28,297.53,297.15,65.80
18.67,226.79,374.23,323.80,316.18,268.48,304.07,394.56,284.28,299.07,297.15,65.80
19.00,228.12,377.31,325.80,319.08,271.08,302.35,396.41,281.76,298.30,299.14,65.80
19.33,226.79,377.31,325.80,317.34,271.08,303.50,395.18,283.02,299.85,297.15,65.80
19.67,228.12,377.93,323.14,316.18,270.43,304.07,395.18,283.02,297.53,296.49,65.80
20.00,227.45,379.16,325.80,316.18,271.08,303.50,395.18,283.02,297.53,297.82,65.80
20.33,229.44,377.93,325.80,318.50,271.08,303.50,393.94,287.42,299.85,298.48,65.80
20.67,228.78,377.93,322.47,317.34,270.43,302.93,395.18,283.02,296.75,299.14,65.80
21.00,228.12,379.16,323.80,319.08,270.43,305.22,395.18,284.28,299.85,299.80,65.80
21.33,228.78,378.55,321.81,321.39,271.08,304.07,397.03,287.42,299.07,299.80,65.80
21.67,229.44,381.01,324.47,319.65,271.08,306.37,397.65,288.05,299.85,299.80,65.80
22.00,228.12,377.93,325.80,321.97,273.02,306.37,396.41,288.68,300.62,298.48,65.80
22.33,228.12,379.78,327.79,319.65,272.37,306.37,397.65,289.31,300.62,299.14,65.80
22.67,228.12,380.39,328.46,321.39,273.67,306.37,395.18,289.31,300.62,299.80,65.80
23.00,228.12,381.63,327.13,318.50,274.32,304.07,393.94,288.68,299.07,297.15,65.80
23.33,225.46,377.93,321.81,316.18,270.43,302.35,393.94,283.02,297.53,293.85,65.80
23.67,226.13,376.08,321.14,316.18,271.08,299.48,393.32,283.02,297.53,294.51,65.80
24.00,228.78,383.48,327.13,320.81,274.32,306.94,396.41,288.68,299.07,295.17,65.80
24.33,228.78,376.70,320.48,315.61,271.08,300.06,390.85,284.28,297.53,296.49,65.80
24.67,224.80,377.31,319.15,316.76,269.13,301.20,392.08,284.28,295.98,293.18,65.80
25.00,222.81,376.08,321.81,318.50,270.43,301.78,393.32,283.02,298.30,294.51,65.80
25.33,226.79,376.70,321.81,317.34,271.08,301.20,393.32,284.28,297.53,294.51,65.80
25.67,226.13,376.08,320.48,316.76,270.43,301.78,392.08,285.53,297.53,294.51,65.80
26.00,224.14,376.70,320.48,316.76,269.78,302.35,391.47,285.53,297.53,294.51,65.80
26.33,224.80,375.46,322.47,321.97,271.08,304.07,393.94,288.05,299.85,295.83,65.80
26.67,227.45,379.78,325.80,319.65,273.67,305.79,393.94,285.53,299.07,299.14,65.80
27.00,228.12,383.48,329.12,321.39,273.02,309.24,394.56,288.68,300.62,301.13,65.80
27.33,226.13,381.63,328.46,321.97,274.32,307.52,396.41,285.53,301.39,299.14,65.80
27.67,221.49,377.31,323.14,316.76,269.13,302.35,393.32,283.65,296.75,295.83,65.80
28.00,222.15,377.31,321.81,316.18,268.48,300.06,393.94,284.28,295.98,295.17,65.80
28.33,225.46,377.93,322.47,313.29,271.08,301.20,393.94,285.53,295.21,294.51,65.80
28.67,228.12,377.93,325.80,319.08,271.73,306.94,399.51,285.53,300.62,298.48,65.80
29.00,227.45,378.55,324.47,317.34,269.78,303.50,393.32,284.28,295.98,295.17,65.80
29.33,222.81,375.46,323.14,314.45,268.48,301.20,393.94,283.65,296.75,294.51,65.80
29.67,222.81,376.70,323.14,316.76,269.13,299.48,393.94,283.65,295.98,294.51,65.80
load algo para from flash
Slot 1:
Outcome check: Negative
Index Rising data : 0.000000
Index Break data : 0.000000
Index Transition time: 10.666667
{"outcome":{"outcome":"Negative","transition_time":{"x":10.66666667,"y":0.74925047,"i":32},"plateau_point":{"x":12.33333333,"y":5.617949911,"i":37},"increase":4.868699441,"suspect_score":2,"arm_width":1.666666667,"window_rate":0.831067321,"rise_width":3.666666667,"shape_flag":0,"climbs_fixed":0,"climb_first_i":-1},"peak_features":{"main_peak":{"x":11,"y":3.823764553,"i":33},"left_arm":{"x":10.66666667,"y":0.943021006,"i":32},"right_arm":{"x":12.33333333,"y":-0.465052023,"i":37}},"time_data":[0,0.333333333,0.666666667,1,1.333333333,1.666666667,2,2.333333333,2.666666667,3,3.333333333,3.666666667,4,4.333333333,4.666666667,5,5.333333333,5.666666667,6,6.333333333,6.666666667,7,7.333333333,7.666666667,8,8.333333333,8.666666667,9,9.333333333,9.666666667,10,10.33333333,10.66666667,11,11.33333333,11.66666667,12,12.33333333,12.66666667,13,13.33333333,13.66666667,14,14.33333333,14.66666667,15,15.33333333,15.66666667,16,16.33333333,16.66666667,17,17.33333333,17.66666667,18,18.33333333,18.66666667,19,19.33333333,19.66666667,20,20.33333333,20.66666667,21,21.33333333,21.66666667,22,22.33333333,22.66666667,23,23.33333333,23.66666667,24,24.33333333,24.66666667,25,25.33333333,25.66666667,26,26.33333333,26.66666667,27,27.33333333,27.66666667,28,28.33333333,28.66666667,29,29.33333333,29.66666667],"raw_data":[155.1724,155.1724,156.4987,157.1618,158.4881,159.1512,227.4536,228.1167,224.8011,228.1167,228.1167,226.1273,230.1061,230.1061,231.4324,232.7586,232.7586,232.7586,231.4324,230.1061,232.7586,233.4218,232.7586,232.7586,230.1061,228.7798,228.7798,228.7798,234.0849,229.443,228.1167,229.443,228.1167,229.443,229.443,232.7586,233.4218,233.4218,231.4324,233.4218,228.7798,228.1167,228.1167,228.1167,228.1167,225.4642,229.443,227.4536,226.1273,224.1379,225.4642,229.443,226.7905,228.7798,228.1167,228.7798,226.7905,228.1167,226.7905,228.1167,227.4536,229.443,228.7798,228.1167,228.7798,229.443,228.1167,228.1167,228.1167,228.1167,225.4642,226.1273,228.7798,228.7798,224.8011,222.8117,226.7905,226.1273,224.1379,224.8011,227.4536,228.1167,226.1273,221.4854,222.1485,225.4642,228.1167,227.4536,222.8117,222.8117],"processed_data":[-72.86621695,-75.08468397,-73.61574746,-68.45940743,-59.61566387,-43.36754433,-25.82761373,-9.593847696,1.458318008,5.626562474,-0.241134379,0.439217968,1.797055199,2.623813249,3.944332701,5.055292699,4.682103079,4.552921576,4.412257273,4.334748371,4.76248268,5.052423386,4.997880085,4.392162373,2.609457635,2.293680629,2.330998342,2.201819152,2.609458824,2.497504825,2.135798599,1.314779042,0.74925047,1.943459713,3.298426839,4.02184299,5.373940406,5.617949911,5.063905724,3.648653171,2.376936611,1.578885892,0.419128022,-0.180848027,0.252626956,0.330133479,-0.203817062,-1.156887765,-1.208561687,-1.240138,-1.409510295,-0.703320061,0.347353188,0.884173108,0.872691299,0.258364459,0.381805156,-0.160752466,-0.045925124,0.22678973,0.657392097,0.746381553,1.2487501,1.28606788,1.300422701,0.981778958,1.171247408,0.852600956,-0.040181412,-0.528200422,-0.120566364,-0.011483791,-0.780830416,-1.174114673,-1.11382766,-1.814275502,-2.867818791,-2.936715659,-1.863076875,-0.815275052,-1.243007049,-1.9118762,-2.609453672,-3.111824861,-2.959679145,-2.695575136,-2.902264358,-3.080246249,-3.229520809,-3.350088039],"differential_data":[-6.655401056,-1.124295767,9.937914811,21.00012539,37.63779464,50.6820752,50.66054495,40.92889761,22.83061525,-2.549178582,-7.781016759,3.057284368,3.276892922,3.220916253,3.647219175,1.106655567,-0.753556685,-0.404768708,-0.327259807,0.525338111,1.076512523,0.353096107,-0.990391521,-3.582633675,-3.147722616,-0.417688939,-0.137792216,0.417690723,0.44352851,-0.710490338,-1.774088674,-2.079822193,0.943021006,3.823764553,3.117574915,3.113270351,2.394160382,-0.465052023,-2.95394511,-4.03045367,-3.104650919,-2.936712884,-2.639600878,-0.249751599,0.766472259,-0.684666027,-2.230531866,-1.507116937,-0.124875354,-0.301422912,0.805226908,2.635295224,2.381239755,0.788007166,-0.938712975,-0.736329215,-0.628675387,-0.641595419,0.581313294,1.054975832,0.779387734,0.887037005,0.80952949,0.077508902,-0.456433383,-0.19376294,-0.193767003,-1.81714323,-2.071202068,-0.120577428,0.775074946,-0.990396079,-1.743946323,-0.499495865,-0.960241243,-2.630986697,-1.683660235,1.507112875,3.18216091,0.930104739,-1.644901722,-2.049669935,-1.799922993,-0.52533821,0.624374588,0.086122181,-0.577006669,-0.490884677,-0.404762684,-0.361701688,-6.655401056,-1.124295767,9.937914811,21.00012539,37.63779464,50.6820752,50.66054495,40.92889761,22.83061525,-2.549178582,-7.781016759,3.057284368,3.276892922,3.220916253,3.647219175,1.106655567,-0.753556685,-0.404768708,-0.327259807,0.525338111,1.076512523,0.353096107,-0.990391521,-3.582633675,-3.147722616,-0.417688939,-0.137792216,0.417690723,0.44352851,-0.710490338,-1.774088674,-2.079822193,0.943021006,3.823764553,3.117574915,3.113270351,2.394160382,-0.465052023,-2.95394511,-4.03045367,-3.104650919,-2.936712884,-2.639600878,-0.249751599,0.766472259,-0.684666027,-2.230531866,-1.507116937,-0.124875354,-0.301422912,0.805226908,2.635295224,2.381239755,0.788007166,-0.938712975,-0.736329215,-0.628675387,-0.641595419,0.581313294,1.054975832,0.779387734,0.887037005,0.80952949,0.077508902,-0.456433383,-0.19376294,-0.193767003,-1.81714323,-2.071202068,-0.120577428,0.775074946,-0.990396079,-1.743946323,-0.499495865,-0.960241243,-2.630986697,-1.683660235,1.507112875,3.18216091,0.930104739,-1.644901722,-2.049669935,-1.799922993,-0.52533821,0.624374588,0.086122181,-0.577006669,-0.490884677,-0.404762684,-0.361701688]}

Slot 2:
Outcome check: Negative
Index Rising data : 13.666667
Index Break data : 0.000000
Index Transition time: 25.666667
{"outcome":{"outcome":"Negative","transition_time":{"x":25.66666667,"y":0.459075003,"i":77},"plateau_point":{"x":27,"y":4.804094191,"i":81},"increase":4.345019188,"suspect_score":3,"arm_width":1.333333333,"window_rate":1.228374894,"rise_width":5.333333333,"shape_flag":0,"climbs_fixed":0,"climb_first_i":-1},"peak_features":{"main_peak":{"x":26.33333333,"y":4.35569783,"i":79},"left_arm":{"x":25.66666667,"y":1.669421902,"i":77},"right_arm":{"x":27,"y":0.960806909,"i":81}},"time_data":[0,0.333333333,0.666666667,1,1.333333333,1.666666667,2,2.333333333,2.666666667,3,3.333333333,3.666666667,4,4.333333333,4.666666667,5,5.333333333,5.666666667,6,6.333333333,6.666666667,7,7.333333333,7.666666667,8,8.333333333,8.666666667,9,9.333333333,9.666666667,10,10.33333333,10.66666667,11,11.33333333,11.66666667,12,12.33333333,12.66666667,13,13.33333333,13.66666667,14,14.33333333,14.66666667,15,15.33333333,15.66666667,16,16.33333333,16.66666667,17,17.33333333,17.66666667,18,18.33333333,18.66666667,19,19.33333333,19.66666667,20,20.33333333,20.66666667,21,21.33333333,21.66666667,22,22.33333333,22.66666667,23,23.33333333,23.66666667,24,24.33333333,24.66666667,25,25.33333333,25.66666667,26,26.33333333,26.66666667,27,27.33333333,27.66666667,28,28.33333333,28.66666667,29,29.33333333,29.66666667],"raw_data":[279.9014,283.6005,283.6005,282.984,284.217,284.8336,377.312,374.2293,373.6128,375.4624,374.2293,376.6954,376.0789,379.1615,380.3946,380.3946,380.3946,377.9285,377.9285,377.9285,378.545,378.545,380.3946,379.778,377.9285,376.0789,377.9285,374.2293,377.9285,379.778,376.0789,379.1615,376.0789,379.778,379.778,381.6276,381.6276,383.4772,379.778,380.3946,377.312,373.6128,374.2293,376.0789,372.9963,375.4624,376.6954,377.9285,377.312,377.312,374.2293,377.312,376.0789,376.6954,377.312,377.9285,374.2293,377.312,377.312,377.9285,379.1615,377.9285,377.9285,379.1615,378.545,381.0111,377.9285,379.778,380.3946,381.6276,377.9285,376.0789,383.4772,376.6954,377.312,376.0789,376.6954,376.0789,376.6954,375.4624,379.778,383.4772,381.6276,377.312,377.312,377.9285,377.9285,378.545,375.4624,376.6954],"processed_data":[-94.28099051,-97.61021497,-96.00725696,-89.47211647,-78.00479351,-57.1070739,-33.77261907,-12.83753406,2.252595183,7.419641668,-0.61383519,0.733975365,2.041752935,3.370883826,4.41444179,4.545222295,4.3637369,3.565726805,2.813084062,2.708996397,3.160042106,3.912679697,3.752541678,3.768556669,2.727672098,1.694796872,1.425232726,1.217057265,1.940333511,2.065773836,2.209894354,2.74101079,2.802393133,3.298815046,5.046966289,5.708860719,6.771099272,6.608296448,5.551400057,3.512333461,1.988371614,0.080084598,-0.824679024,-1.417183616,-0.69656557,0.357662184,1.24908368,1.302458264,1.849583613,1.433228332,0.998193518,0.712614381,1.27576463,1.222388594,1.489281989,1.139649098,1.238398961,1.537319695,1.892289331,2.257935231,3.082640148,2.826425263,3.397576534,3.440279478,3.496325604,3.819265126,4.526531137,4.841467523,3.995415097,4.243626978,4.43312185,3.907341235,3.146691393,2.524828494,2.292629093,1.782861883,0.165491278,0.459075003,1.278439212,3.066623968,4.182237765,4.804094191,4.822775705,4.334361419,3.306825976,2.092464298,1.534925017,1.280309491,1.32861772,1.679849706],"differential_data":[-9.987673395,-2.58939968,12.20714775,27.00369518,48.54756386,66.34826165,66.40430976,54.03782139,30.38576359,-4.29964556,-10.02849945,3.983382188,3.955362692,3.559033282,1.761507703,-0.076057335,-1.469243235,-2.325979258,-1.285095611,0.520437067,1.80552495,0.888749358,-0.216184542,-1.53730437,-3.110639696,-1.953659058,-0.71660941,0.772651177,1.273074856,0.404341264,1.012855431,0.888748169,0.836706384,3.366859733,3.61506851,2.586199476,1.349153593,-1.829548823,-4.64394448,-5.344542664,-5.148373294,-4.219575956,-2.245902322,0.19217018,2.662268701,2.918473875,1.417194119,0.9007499,0.196155102,-1.277085143,-1.080920925,0.416356669,0.764661318,0.320276037,-0.124109243,-0.376324542,0.596505896,0.980835555,1.080923303,1.785526226,0.852735049,0.472404579,0.920781321,0.148123605,0.568478473,1.545308299,1.533303595,-0.79667406,-0.896760817,0.65656013,-0.504428616,-1.929645687,-2.073769111,-1.281093449,-1.112949916,-3.190706724,-1.98568032,1.669421902,3.911323448,4.35569783,2.606205333,0.960806909,-0.704599158,-2.273924592,-3.362845681,-2.65785144,-1.218232212,-0.309460945,0.599310323,1.053695956,-9.987673395,-2.58939968,12.20714775,27.00369518,48.54756386,66.34826165,66.40430976,54.03782139,30.38576359,-4.29964556,-10.02849945,3.983382188,3.955362692,3.559033282,1.761507703,-0.076057335,-1.469243235,-2.325979258,-1.285095611,0.520437067,1.80552495,0.888749358,-0.216184542,-1.53730437,-3.110639696,-1.953659058,-0.71660941,0.772651177,1.273074856,0.404341264,1.012855431,0.888748169,0.836706384,3.366859733,3.61506851,2.586199476,1.349153593,-1.829548823,-4.64394448,-5.344542664,-5.148373294,-4.219575956,-2.245902322,0.19217018,2.662268701,2.918473875,1.417194119,0.9007499,0.196155102,-1.277085143,-1.080920925,0.416356669,0.764661318,0.320276037,-0.124109243,-0.376324542,0.596505896,0.980835555,1.080923303,1.785526226,0.852735049,0.472404579,0.920781321,0.148123605,0.568478473,1.545308299,1.533303595,-0.79667406,-0.896760817,0.65656013,-0.504428616,-1.929645687,-2.073769111,-1.281093449,-1.112949916,-3.190706724,-1.98568032,1.669421902,3.911323448,4.35569783,2.606205333,0.960806909,-0.704599158,-2.273924592,-3.362845681,-2.65785144,-1.218232212,-0.309460945,0.599310323,1.053695956]}

Slot 3:
Outcome check: Negative
Index Rising data : 20.666667
Index Break data : 0.000000
Index Transition time: 25.333333
{"outcome":{"outcome":"Negative","transition_time":{"x":25.33333333,"y":-2.345834839,"i":76},"plateau_point":{"x":27,"y":4.196598466,"i":81},"increase":6.542433305,"suspect_score":3,"arm_width":1.666666667,"window_rate":0.870693329,"rise_width":5,"shape_flag":0,"climbs_fixed":0,"climb_first_i":-1},"peak_features":{"main_peak":{"x":26.33333333,"y":5.284603565,"i":79},"left_arm":{"x":25.33333333,"y":-0.259049849,"i":76},"right_arm":{"x":27,"y":0.67353583,"i":81}},"time_data":[0,0.333333333,0.666666667,1,1.333333333,1.666666667,2,2.333333333,2.666666667,3,3.333333333,3.666666667,4,4.333333333,4.666666667,5,5.333333333,5.666666667,6,6.333333333,6.666666667,7,7.333333333,7.666666667,8,8.333333333,8.666666667,9,9.333333333,9.666666667,10,10.33333333,10.66666667,11,11.33333333,11.66666667,12,12.33333333,12.66666667,13,13.33333333,13.66666667,14,14.33333333,14.66666667,15,15.33333333,15.66666667,16,16.33333333,16.66666667,17,17.33333333,17.66666667,18,18.33333333,18.66666667,19,19.33333333,19.66666667,20,20.33333333,20.66666667,21,21.33333333,21.66666667,22,22.33333333,22.66666667,23,23.33333333,23.66666667,24,24.33333333,24.66666667,25,25.33333333,25.66666667,26,26.33333333,26.66666667,27,27.33333333,27.66666667,28,28.33333333,28.66666667,29,29.33333333,29.66666667],"raw_data":[225.3989,225.3989,227.3936,227.3936,228.7234,228.7234,321.8085,321.8085,321.8085,322.4734,322.4734,323.1383,322.4734,324.4681,328.4574,324.4681,328.4574,325.7979,327.7925,326.4627,323.8032,325.7979,328.4574,328.4574,328.4574,323.8032,323.8032,323.8032,327.7925,327.7925,326.4627,327.7925,325.7979,328.4574,327.1277,328.4574,328.4574,327.1277,325.7979,325.7979,323.1383,322.4734,320.4787,322.4734,322.4734,321.1436,324.4681,322.4734,322.4734,323.1383,323.8032,323.1383,322.4734,322.4734,325.7979,325.7979,323.8032,325.7979,325.7979,323.1383,325.7979,325.7979,322.4734,323.8032,321.8085,324.4681,325.7979,327.7925,328.4574,327.1277,321.8085,321.1436,327.1277,320.4787,319.1489,321.8085,321.8085,320.4787,320.4787,322.4734,325.7979,329.1223,328.4574,323.1383,321.8085,322.4734,325.7979,324.4681,323.1383,323.1383],"processed_data":[-96.68703761,-100.6804315,-99.41368126,-92.88678695,-81.09974855,-58.96828741,-35.10982992,-13.21727095,2.633676108,8.33563959,-0.169818829,0.898038922,1.459314388,2.607769062,3.419456977,4.294470188,5.111910205,4.651378021,3.727436148,3.885743112,3.623816684,4.694552335,4.847103367,4.979509758,4.340523195,3.373411501,2.838046384,2.783356109,3.557623265,4.464289942,5.054341898,5.106151762,4.798172592,5.189624869,5.687579531,5.618499095,5.753781273,4.904672069,4.147669937,2.455212746,1.099518879,0.339637657,-0.569909827,-0.641863802,-0.181328315,0.135289576,0.489322547,0.564159443,0.866381889,1.024686871,0.356915362,0.682166822,1.252072685,1.439165784,1.859400233,2.768954587,2.944531197,2.901355298,2.858178869,2.694110689,2.754555046,1.830617269,1.283740287,1.131191105,1.036207719,2.081038438,4.069960557,4.766512916,4.176458053,3.779253278,2.794866917,0.970005977,-0.313728498,-0.667763846,-0.567023736,-1.303879511,-2.345834839,-1.47657941,-0.215876724,1.608980914,3.307192319,4.196598466,3.756216206,2.947405398,1.908333122,0.998783657,0.644749087,0.690800694,1.136938477,1.983162435],"differential_data":[-11.98018161,-4.089965474,11.69046679,27.47089906,50.87774931,68.98487795,68.62652469,56.61525905,32.32936582,-4.205242405,-11.156401,2.443699824,2.56459521,2.940213885,2.53005169,2.538679841,0.535361748,-2.076711085,-1.148452362,-0.155429196,1.213213834,1.834930024,0.427436135,-0.759870257,-2.409147386,-2.253715218,-0.885083087,1.079365322,2.521400749,2.245077951,0.962792731,-0.38425396,0.12520966,1.334110409,0.64331134,0.099302614,-1.070740539,-2.409167005,-3.674188985,-4.572226586,-3.173362633,-2.504143058,-1.472252189,0.582872267,1.165730068,1.005976293,0.6433048,0.565589013,0.690791142,-0.764199789,-0.513780074,1.342735984,1.135498443,0.910991322,1.994683204,1.627696446,0.198601066,-0.129528492,-0.310866913,-0.155435736,-1.29524013,-2.206222138,-1.049139246,-0.371298852,1.424770999,4.550629257,4.028211717,0.159746244,-1.480889457,-2.072386704,-4.213870953,-4.662893122,-2.456654734,-0.379942857,-0.954173497,-2.668216656,-0.259049849,3.194937173,4.628340486,5.284603565,3.881426328,0.67353583,-1.873789602,-2.771824626,-2.922932612,-1.895376052,-0.461974444,0.738284084,1.938542611,2.538671875,-11.98018161,-4.089965474,11.69046679,27.47089906,50.87774931,68.98487795,68.62652469,56.61525905,32.32936582,-4.205242405,-11.156401,2.443699824,2.56459521,2.940213885,2.53005169,2.538679841,0.535361748,-2.076711085,-1.148452362,-0.155429196,1.213213834,1.834930024,0.427436135,-0.759870257,-2.409147386,-2.253715218,-0.885083087,1.079365322,2.521400749,2.245077951,0.962792731,-0.38425396,0.12520966,1.334110409,0.64331134,0.099302614,-1.070740539,-2.409167005,-3.674188985,-4.572226586,-3.173362633,-2.504143058,-1.472252189,0.582872267,1.165730068,1.005976293,0.6433048,0.565589013,0.690791142,-0.764199789,-0.513780074,1.342735984,1.135498443,0.910991322,1.994683204,1.627696446,0.198601066,-0.129528492,-0.310866913,-0.155435736,-1.29524013,-2.206222138,-1.049139246,-0.371298852,1.424770999,4.550629257,4.028211717,0.159746244,-1.480889457,-2.072386704,-4.213870953,-4.662893122,-2.456654734,-0.379942857,-0.954173497,-2.668216656,-0.259049849,3.194937173,4.628340486,5.284603565,3.881426328,0.67353583,-1.873789602,-2.771824626,-2.922932612,-1.895376052,-0.461974444,0.738284084,1.938542611,2.538671875]}

Slot 4:
Outcome check: Negative
Index Rising data : 0.000000
Index Break data : 0.000000
Index Transition time: 3.333333
{"outcome":{"outcome":"Negative","transition_time":{"x":3.333333333,"y":-0.250248368,"i":10},"plateau_point":{"x":5,"y":4.251406054,"i":15},"increase":4.501654423,"suspect_score":2,"arm_width":-1,"window_rate":1.248652338,"rise_width":6,"shape_flag":0,"climbs_fixed":0,"climb_first_i":-1},"peak_features":{"main_peak":{"x":4,"y":3.603325386,"i":12},"left_arm":{"x":-1,"y":-1,"i":-1},"right_arm":{"x":5,"y":0.919598666,"i":15}},"time_data":[0,0.333333333,0.666666667,1,1.333333333,1.666666667,2,2.333333333,2.666666667,3,3.333333333,3.666666667,4,4.333333333,4.666666667,5,5.333333333,5.666666667,6,6.333333333,6.666666667,7,7.333333333,7.666666667,8,8.333333333,8.666666667,9,9.333333333,9.666666667,10,10.33333333,10.66666667,11,11.33333333,11.66666667,12,12.33333333,12.66666667,13,13.33333333,13.66666667,14,14.33333333,14.66666667,15,15.33333333,15.66666667,16,16.33333333,16.66666667,17,17.33333333,17.66666667,18,18.33333333,18.66666667,19,19.33333333,19.66666667,20,20.33333333,20.66666667,21,21.33333333,21.66666667,22,22.33333333,22.66666667,23,23.33333333,23.66666667,24,24.33333333,24.66666667,25,25.33333333,25.66666667,26,26.33333333,26.66666667,27,27.33333333,27.66666667,28,28.33333333,28.66666667,29,29.33333333,29.66666667],"raw_data":[230.0578,231.2139,232.3699,231.7919,231.7919,231.2139,316.185,316.185,316.185,316.185,315.6069,316.763,318.4971,319.0751,321.3873,320.8092,321.3873,319.6532,320.8092,321.3873,319.6532,321.9653,321.3873,321.3873,321.9653,319.0751,316.763,318.4971,321.3873,321.3873,317.341,319.6532,319.0751,321.9653,321.3873,321.9653,321.9653,323.6994,319.6532,319.6532,315.6069,313.2948,318.4971,316.763,316.763,316.185,316.763,317.341,316.185,315.6069,316.185,316.185,316.185,316.185,316.185,316.185,316.185,319.0751,317.341,316.185,316.185,318.4971,317.341,319.0751,321.3873,319.6532,321.9653,319.6532,321.3873,318.4971,316.185,316.185,320.8092,315.6069,316.763,318.4971,317.341,316.763,316.763,321.9653,319.6532,321.3873,321.9653,316.763,316.185,313.2948,319.0751,317.341,314.4509,316.763],"processed_data":[-85.41002123,-89.53859133,-88.83769378,-83.30732859,-72.94749576,-53.36438041,-31.88451065,-12.20630755,1.91925934,7.234175381,-0.250248368,0.605541411,1.659013624,3.007758335,3.901082753,4.251406054,4.514148531,4.248903745,4.026198218,4.188848322,4.308959168,4.982080369,5.144730473,4.591720119,3.715911865,2.795062044,2.940195984,2.609891157,2.644923487,2.88264287,3.323049306,3.250482336,3.310537759,3.863545339,5.409977108,5.712759835,6.068089737,5.329909155,3.493213472,1.924263562,0.545487837,-0.417905865,-0.437921565,-0.415400782,0.387840502,0.688117618,-0.025040532,-0.015031294,-0.150155996,-0.247746059,-0.447930803,-0.533009319,-0.365354596,-0.540516246,-0.260257605,0.227692707,0.540481369,0.4679144,0.675606071,0.625559885,0.477923637,0.825744629,1.63899515,2.905163653,3.533243287,4.16132292,4.734351749,4.151313683,2.642421177,2.429724887,1.466335809,0.868283887,0.515458276,0.935846238,1.181072549,0.455402853,0.415365904,1.413787313,1.961793049,3.225459243,4.16132292,4.4791162,2.942698293,1.313694942,0.82074001,-0.380368452,-0.796752718,-0.812767498,-0.42841279,0.356311405],"differential_data":[-12.38571028,-5.141508821,9.346894103,23.83529703,44.91442227,61.59447767,61.7371093,50.70565499,29.16072439,-3.254261562,-9.942950955,2.863892989,3.603325386,3.363103693,1.86547158,0.919598666,-0.003753464,-0.731925469,-0.090083135,0.424141426,1.18984807,1.253656957,-0.585540375,-2.143227912,-2.694987111,-1.163573822,-0.277756332,-0.442908745,0.40912757,1.017188729,0.5517592,-0.01876732,0.919594505,3.149159023,2.773821744,0.987168944,-0.57427602,-3.862314398,-5.10846839,-4.421588452,-3.513254141,-1.475114104,0.003757625,1.238643101,1.655277599,-0.619321551,-1.054723368,-0.187673197,-0.349072147,-0.446662209,-0.42789489,0.12386431,-0.011260392,0.157645486,1.152313431,1.201108462,0.360332539,0.202687053,0.236468228,-0.296523652,0.300277115,1.74160727,3.119128537,2.841372205,1.8842389,1.801662693,-0.015013856,-3.137895857,-2.582383193,-1.764128053,-2.342161501,-1.426316298,0.101343526,0.998421409,-0.720665077,-1.148559967,1.43757669,2.319640717,2.717507895,3.299294806,1.880485436,-1.82793694,-4.748131888,-3.182937424,-2.54109509,-2.426239093,-0.648598569,0.552509892,1.753618354,2.354172585,-12.38571028,-5.141508821,9.346894103,23.83529703,44.91442227,61.59447767,61.7371093,50.70565499,29.16072439,-3.254261562,-9.942950955,2.863892989,3.603325386,3.363103693,1.86547158,0.919598666,-0.003753464,-0.731925469,-0.090083135,0.424141426,1.18984807,1.253656957,-0.585540375,-2.143227912,-2.694987111,-1.163573822,-0.277756332,-0.442908745,0.40912757,1.017188729,0.5517592,-0.01876732,0.919594505,3.149159023,2.773821744,0.987168944,-0.57427602,-3.862314398,-5.10846839,-4.421588452,-3.513254141,-1.475114104,0.003757625,1.238643101,1.655277599,-0.619321551,-1.054723368,-0.187673197,-0.349072147,-0.446662209,-0.42789489,0.12386431,-0.011260392,0.157645486,1.152313431,1.201108462,0.360332539,0.202687053,0.236468228,-0.296523652,0.300277115,1.74160727,3.119128537,2.841372205,1.8842389,1.801662693,-0.015013856,-3.137895857,-2.582383193,-1.764128053,-2.342161501,-1.426316298,0.101343526,0.998421409,-0.720665077,-1.148559967,1.43757669,2.319640717,2.717507895,3.299294806,1.880485436,-1.82793694,-4.748131888,-3.182937424,-2.54109509,-2.426239093,-0.648598569,0.552509892,1.753618354,2.354172585]}

Slot 5:
Outcome check: Negative
Index Rising data : 0.000000
Index Break data : 0.000000
Index Transition time: 10.333333
{"outcome":{"outcome":"Negative","transition_time":{"x":10.33333333,"y":1.100509049,"i":31},"plateau_point":{"x":11.66666667,"y":4.393583752,"i":35},"increase":3.293074703,"suspect_score":2,"arm_width":1.333333333,"window_rate":0.951708013,"rise_width":5,"shape_flag":0,"climbs_fixed":0,"climb_first_i":-1},"peak_features":{"main_peak":{"x":11,"y":3.015136322,"i":33},"left_arm":{"x":10.33333333,"y":1.145422007,"i":31},"right_arm":{"x":11.66666667,"y":1.162262756,"i":35}},"time_data":[0,0.333333333,0.666666667,1,1.333333333,1.666666667,2,2.333333333,2.666666667,3,3.333333333,3.666666667,4,4.333333333,4.666666667,5,5.333333333,5.666666667,6,6.333333333,6.666666667,7,7.333333333,7.666666667,8,8.333333333,8.666666667,9,9.333333333,9.666666667,10,10.33333333,10.66666667,11,11.33333333,11.66666667,12,12.33333333,12.66666667,13,13.33333333,13.66666667,14,14.33333333,14.66666667,15,15.33333333,15.66666667,16,16.33333333,16.66666667,17,17.33333333,17.66666667,18,18.33333333,18.66666667,19,19.33333333,19.66666667,20,20.33333333,20.66666667,21,21.33333333,21.66666667,22,22.33333333,22.66666667,23,23.33333333,23.66666667,24,24.33333333,24.66666667,25,25.33333333,25.66666667,26,26.33333333,26.66666667,27,27.33333333,27.66666667,28,28.33333333,28.66666667,29,29.33333333,29.66666667],"raw_data":[194.5525,193.2555,195.201,195.8495,197.1466,195.201,271.0765,270.428,270.428,267.1855,270.428,270.428,271.0765,270.428,271.725,271.725,271.0765,273.6706,272.3736,272.3736,273.0221,274.3191,272.3736,274.3191,273.0221,271.0765,269.131,272.3736,271.725,271.725,271.0765,270.428,271.0765,273.0221,275.6161,274.3191,275.6161,271.725,274.3191,273.0221,271.0765,269.7795,269.131,268.4825,267.1855,268.4825,271.0765,268.4825,269.131,268.4825,269.7795,270.428,269.7795,269.131,269.131,269.131,268.4825,271.0765,271.0765,270.428,271.0765,271.0765,270.428,270.428,271.0765,271.0765,273.0221,272.3736,273.6706,274.3191,270.428,271.0765,274.3191,271.0765,269.131,270.428,271.0765,270.428,269.7795,271.0765,273.6706,273.0221,274.3191,269.131,268.4825,271.0765,271.725,269.7795,268.4825,269.131],"processed_data":[-75.9041146,-79.19775233,-78.28310291,-73.16016632,-63.82894257,-45.75492496,-27.39174702,-10.47999157,1.673226625,6.36719252,-0.547421938,-0.157195913,0.485694522,0.991024529,1.151039949,1.591799517,1.875349301,2.142052853,2.554745497,2.725999708,3.099386108,3.239757719,3.568220262,2.824257855,2.111180425,1.457054105,1.288606586,0.946101069,1.002250374,1.058398755,0.996637386,1.100509049,1.760252057,3.079728428,3.770342938,4.393583752,4.545184775,4.003359179,3.00954064,2.170125986,1.120163294,0.168455182,-1.471064712,-1.698461888,-1.667577438,-1.403680843,-1.291384082,-1.086447447,-0.727099002,-0.707450305,-0.808517654,-0.435136275,-0.421100171,-0.766409341,-1.058375503,-0.920814679,-0.558656238,-0.058939616,0.454813111,0.800122678,0.861886293,0.555882045,0.393052799,0.668175239,0.836621569,1.313875933,2.439639665,2.886017374,2.574397628,2.74284343,2.582822461,2.060645033,1.238080177,0.845040986,0.96295351,0.314444406,-0.45478365,0.210567722,0.842228481,1.880964271,2.450866303,2.282424464,1.813594537,1.224041167,0.505345068,-0.03648502,-0.443277281,-0.712506606,-0.844172992,-0.838276441],"differential_data":[-9.880913197,-3.568482456,9.056379026,21.68124051,41.10786204,54.65579333,52.91240008,43.59746046,25.27077613,-3.330972845,-9.78658265,1.549674691,1.722330663,0.998018141,0.901162482,1.086464027,0.825380003,1.019094294,0.875920283,0.816960917,0.770637017,0.703251232,-0.623249797,-2.185559756,-2.050805624,-1.233860759,-0.766429554,-0.429534318,0.168446528,-0.008419483,0.063165442,1.145422007,2.968829068,3.015136322,1.970782986,1.162262756,-0.585336859,-2.303466202,-2.74984979,-2.834066019,-3.002506207,-3.886842009,-2.800375604,-0.294769089,0.442171567,0.564290034,0.475850093,0.84642762,0.568495713,-0.122127979,0.408471046,0.581126225,-0.4969096,-0.955912999,-0.231608007,0.749578897,1.292812595,1.520204024,1.288593441,0.610609773,-0.366360949,-0.703250241,0.168439791,0.665353156,0.968551041,2.404527144,2.358212161,0.202136944,-0.214760917,0.01263725,-1.023297595,-2.017113426,-1.823406071,-0.412690002,-0.795894871,-2.12660574,-0.155815025,1.945518196,2.505594823,2.412956733,0.60219029,-0.955907648,-1.587574946,-1.962374204,-1.89078928,-1.422933524,-1.014032379,-0.601343566,-0.188654753,0.017689653,-9.880913197,-3.568482456,9.056379026,21.68124051,41.10786204,54.65579333,52.91240008,43.59746046,25.27077613,-3.330972845,-9.78658265,1.549674691,1.722330663,0.998018141,0.901162482,1.086464027,0.825380003,1.019094294,0.875920283,0.816960917,0.770637017,0.703251232,-0.623249797,-2.185559756,-2.050805624,-1.233860759,-0.766429554,-0.429534318,0.168446528,-0.008419483,0.063165442,1.145422007,2.968829068,3.015136322,1.970782986,1.162262756,-0.585336859,-2.303466202,-2.74984979,-2.834066019,-3.002506207,-3.886842009,-2.800375604,-0.294769089,0.442171567,0.564290034,0.475850093,0.84642762,0.568495713,-0.122127979,0.408471046,0.581126225,-0.4969096,-0.955912999,-0.231608007,0.749578897,1.292812595,1.520204024,1.288593441,0.610609773,-0.366360949,-0.703250241,0.168439791,0.665353156,0.968551041,2.404527144,2.358212161,0.202136944,-0.214760917,0.01263725,-1.023297595,-2.017113426,-1.823406071,-0.412690002,-0.795894871,-2.12660574,-0.155815025,1.945518196,2.505594823,2.412956733,0.60219029,-0.955907648,-1.587574946,-1.962374204,-1.89078928,-1.422933524,-1.014032379,-0.601343566,-0.188654753,0.017689653]}

Slot 6:
Outcome check: Negative
Index Rising data : 10.333333
Index Break data : 0.000000
Index Transition time: 25.333333
{"outcome":{"outcome":"Negative","transition_time":{"x":25.33333333,"y":-1.520035385,"i":76},"plateau_point":{"x":27,"y":4.078126717,"i":81},"increase":5.598162102,"suspect_score":3,"arm_width":1.333333333,"window_rate":0.962414069,"rise_width":5,"shape_flag":0,"climbs_fixed":0,"climb_first_i":-1},"peak_features":{"main_peak":{"x":26.33333333,"y":5.051752858,"i":79},"left_arm":{"x":25.33333333,"y":0.428430731,"i":76},"right_arm":{"x":26.66666667,"y":2.209213851,"i":80}},"time_data":[0,0.333333333,0.666666667,1,1.333333333,1.666666667,2,2.333333333,2.666666667,3,3.333333333,3.666666667,4,4.333333333,4.666666667,5,5.333333333,5.666666667,6,6.333333333,6.666666667,7,7.333333333,7.666666667,8,8.333333333,8.666666667,9,9.333333333,9.666666667,10,10.33333333,10.66666667,11,11.33333333,11.66666667,12,12.33333333,12.66666667,13,13.33333333,13.66666667,14,14.33333333,14.66666667,15,15.33333333,15.66666667,16,16.33333333,16.66666667,17,17.33333333,17.66666667,18,18.33333333,18.66666667,19,19.33333333,19.66666667,20,20.33333333,20.66666667,21,21.33333333,21.66666667,22,22.33333333,22.66666667,23,23.33333333,23.66666667,24,24.33333333,24.66666667,25,25.33333333,25.66666667,26,26.33333333,26.66666667,27,27.33333333,27.66666667,28,28.33333333,28.66666667,29,29.33333333,29.66666667],"raw_data":[220.8835,220.3098,222.6047,222.6047,222.6047,222.6047,300.0574,299.4836,302.926,303.4997,304.0734,304.0734,302.3523,304.0734,306.942,305.7946,306.3683,304.0734,304.0734,304.0734,305.7946,305.2209,308.6632,306.942,305.2209,302.926,304.0734,304.0734,305.2209,305.7946,304.0734,302.926,305.7946,308.6632,309.2369,305.7946,306.3683,306.942,304.0734,305.2209,300.0574,301.7785,300.0574,301.2048,300.0574,299.4836,302.926,301.2048,304.0734,303.4997,304.0734,302.3523,302.926,304.0734,303.4997,305.2209,304.0734,302.3523,303.4997,304.0734,303.4997,303.4997,302.926,305.2209,304.0734,306.3683,306.3683,306.3683,306.3683,304.0734,302.3523,299.4836,306.942,300.0574,301.2048,301.7785,301.2048,301.7785,302.3523,304.0734,305.7946,309.2369,307.5158,302.3523,300.0574,301.2048,306.942,303.4997,301.2048,299.4836],"processed_data":[-80.91590669,-84.83982516,-84.21121109,-79.03006448,-69.29638533,-50.93971517,-30.93639014,-12.04077333,2.168192149,7.590001622,0.928847144,1.587013146,1.73106774,2.47120039,2.953028691,3.263484278,3.193937888,2.722045106,1.89499126,2.317211201,3.064792782,4.147665181,4.247013769,3.899302297,3.000216133,2.267539284,1.701271751,1.999307872,2.01669219,2.026631145,2.148332604,3.121920631,3.73289787,4.321521313,5.297596985,5.267788181,4.808312222,3.335511311,2.230284984,1.172250062,-0.094410686,-1.120159067,-1.9720529,-2.20799949,-1.867739062,-1.609438545,-0.83702596,0.022315484,0.809628705,1.07786527,0.973553546,1.038130062,0.963622386,1.430549126,1.492640508,1.641656785,1.549760695,1.323749096,1.266620983,0.78727306,1.115119042,1.279042166,1.447934105,1.932246221,2.667406883,3.546616327,4.097980978,3.976282425,2.540735022,1.937209356,1.028196789,0.104279489,-0.419770344,-0.536504308,-0.591148079,-0.784872476,-1.520035385,-0.499251989,0.673034932,2.605317483,4.040870171,4.078126717,2.739437087,1.865191835,1.070418849,0.315386619,-0.372586046,-0.810951675,-0.999710268,-0.938861824],"differential_data":[-11.77175543,-4.942956612,8.714641016,22.37223864,42.13552398,57.53999279,58.34841275,49.65687343,29.44616243,-1.859017508,-9.004482715,1.203330895,1.326280866,1.832941427,1.188425832,0.361363795,-0.812158758,-1.948419942,-0.607250858,1.754702283,2.74568097,1.773331481,-0.372544326,-1.870196454,-2.447644519,-1.948416574,-0.402347119,0.47313066,0.040984909,0.19746062,1.642934229,2.376847899,1.799401023,2.347048673,1.419400302,-0.733927145,-2.898415305,-3.867040857,-3.244891873,-3.487043505,-3.438613693,-2.816463322,-1.631760634,0.156470757,0.897841416,1.546069653,2.447631043,2.469981999,1.58332468,0.245887261,-0.059602812,-0.01489674,0.588628596,0.793527182,0.316661488,0.08568028,-0.476861533,-0.424709568,-0.804714054,-0.227252911,0.737653658,0.499222594,0.979806083,1.829209167,2.42155516,2.145861143,0.644499147,-2.335868935,-3.058609603,-2.268807349,-2.749394801,-2.171950699,-0.961175696,-0.257066603,-0.372552252,-1.393330958,0.428430731,3.289605475,4.656854208,5.051752858,2.209213851,-1.952149626,-3.319402323,-2.503527356,-2.324707824,-2.164507343,-1.689507442,-0.940686332,-0.191865222,0.182545332,-11.77175543,-4.942956612,8.714641016,22.37223864,42.13552398,57.53999279,58.34841275,49.65687343,29.44616243,-1.859017508,-9.004482715,1.203330895,1.326280866,1.832941427,1.188425832,0.361363795,-0.812158758,-1.948419942,-0.607250858,1.754702283,2.74568097,1.773331481,-0.372544326,-1.870196454,-2.447644519,-1.948416574,-0.402347119,0.47313066,0.040984909,0.19746062,1.642934229,2.376847899,1.799401023,2.347048673,1.419400302,-0.733927145,-2.898415305,-3.867040857,-3.244891873,-3.487043505,-3.438613693,-2.816463322,-1.631760634,0.156470757,0.897841416,1.546069653,2.447631043,2.469981999,1.58332468,0.245887261,-0.059602812,-0.01489674,0.588628596,0.793527182,0.316661488,0.08568028,-0.476861533,-0.424709568,-0.804714054,-0.227252911,0.737653658,0.499222594,0.979806083,1.829209167,2.42155516,2.145861143,0.644499147,-2.335868935,-3.058609603,-2.268807349,-2.749394801,-2.171950699,-0.961175696,-0.257066603,-0.372552252,-1.393330958,0.428430731,3.289605475,4.656854208,5.051752858,2.209213851,-1.952149626,-3.319402323,-2.503527356,-2.324707824,-2.164507343,-1.689507442,-0.940686332,-0.191865222,0.182545332]}

Slot 7:
Outcome check: Negative
Index Rising data : 0.000000
Index Break data : 0.000000
Index Transition time: 20.333333
[dash] heap free=83504 maxAlloc=69620 intFree=83504 intLargest=69620 clients=0 ap=0
{"outcome":{"outcome":"Negative","transition_time":{"x":20.33333333,"y":0.961099336,"i":61},"plateau_point":{"x":21.66666667,"y":3.499060957,"i":65},"increase":2.537961621,"suspect_score":3,"arm_width":1.333333333,"window_rate":0.985875877,"rise_width":7.666666667,"shape_flag":0,"climbs_fixed":0,"climb_first_i":-1},"peak_features":{"main_peak":{"x":21.33333333,"y":2.256860114,"i":64},"left_arm":{"x":20.33333333,"y":0.582285695,"i":61},"right_arm":{"x":21.66666667,"y":0.730866271,"i":65}},"time_data":[0,0.333333333,0.666666667,1,1.333333333,1.666666667,2,2.333333333,2.666666667,3,3.333333333,3.666666667,4,4.333333333,4.666666667,5,5.333333333,5.666666667,6,6.333333333,6.666666667,7,7.333333333,7.666666667,8,8.333333333,8.666666667,9,9.333333333,9.666666667,10,10.33333333,10.66666667,11,11.33333333,11.66666667,12,12.33333333,12.66666667,13,13.33333333,13.66666667,14,14.33333333,14.66666667,15,15.33333333,15.66666667,16,16.33333333,16.66666667,17,17.33333333,17.66666667,18,18.33333333,18.66666667,19,19.33333333,19.66666667,20,20.33333333,20.66666667,21,21.33333333,21.66666667,22,22.33333333,22.66666667,23,23.33333333,23.66666667,24,24.33333333,24.66666667,25,25.33333333,25.66666667,26,26.33333333,26.66666667,27,27.33333333,27.66666667,28,28.33333333,28.66666667,29,29.33333333,29.66666667],"raw_data":[329.0043,334.5702,332.0965,330.8596,330.8596,329.0043,392.0841,393.321,395.1763,393.9394,393.321,393.321,394.5578,393.9394,394.5578,395.1763,397.0316,394.5578,393.9394,393.9394,394.5578,395.1763,393.9394,395.1763,395.1763,393.9394,393.9394,393.9394,393.9394,393.9394,393.9394,394.5578,397.0316,396.4131,393.9394,394.5578,394.5578,393.9394,393.9394,393.9394,391.4657,391.4657,390.8473,393.321,392.0841,392.0841,392.0841,393.9394,392.0841,393.321,393.9394,393.9394,393.9394,393.9394,391.4657,393.9394,394.5578,396.4131,395.1763,395.1763,395.1763,393.9394,395.1763,395.1763,397.0316,397.65,396.4131,397.65,395.1763,393.9394,393.9394,393.321,396.4131,390.8473,392.0841,393.321,393.321,392.0841,391.4657,393.9394,393.9394,394.5578,396.4131,393.321,393.9394,393.9394,399.5052,393.321,393.9394,393.9394],"processed_data":[-61.44297041,-65.33720287,-65.45660643,-61.80118111,-54.37092689,-40.52988635,-24.11875499,-9.07031065,1.724093218,6.029005439,0.350699817,0.163292294,-0.040173815,0.75227455,1.394797057,1.646452272,1.480466504,1.317156507,1.129752816,0.685336951,0.431005305,0.953061191,1.156530207,1.116371848,0.888807817,0.65053489,0.548800382,0.171311812,-0.091053356,0.331946171,1.081560936,1.507234251,1.758890656,1.865979612,1.651804342,1.116364846,0.661241936,0.364073782,0.120446011,-0.880823969,-1.392162637,-1.716097613,-1.92223804,-2.042709152,-1.378767005,-1.19939961,-1.062865022,-1.076250877,-0.610418411,-0.270416128,0.200768013,-0.101756174,-0.077665783,-0.444442551,-0.22491138,0.211472152,0.75494464,1.46440501,1.874016304,1.576849207,1.175271699,0.961099336,1.563462162,1.994487548,2.837795902,3.499060957,3.325040082,2.837789164,1.547389175,1.319832013,0.728176365,-0.155293915,-0.377501252,-0.457810835,-0.688046938,-1.250259333,-1.614357688,-0.923649247,-0.961131967,-0.297195633,0.315882827,0.915577149,0.615735867,1.183294783,1.477785449,1.451011889,1.324647846,1.089858084,0.746642604,0.295001406],"differential_data":[-11.68269737,-6.02045403,5.30403264,16.62851931,31.90694213,45.37825785,47.18936355,38.76427232,22.64897413,-2.060090102,-8.798569716,-0.586310449,0.883473384,2.152456308,1.341266583,0.128504171,-0.493943648,-0.526070533,-0.947729334,-1.048121267,0.401586359,1.088287354,0.244965987,-0.401583585,-0.698755438,-0.510011153,-0.718834617,-0.959780606,0.240951538,1.758921437,1.762932121,1.01599458,0.53811804,-0.160629471,-1.124422148,-1.485843609,-1.128436596,-0.811193887,-1.867346627,-2.268912972,-1.252910465,-0.795113105,-0.489917309,0.815206552,1.264964314,0.473852975,0.184723099,0.678669917,1.208752124,1.216779635,0.25298993,-0.417650693,-0.514029565,-0.220868396,0.983872054,1.469784031,1.879399287,1.678607495,0.168666295,-1.048116907,-0.923624807,0.582285695,1.550082318,1.911500609,2.256860114,0.730866271,-0.991907689,-2.666476361,-2.276935726,-1.228819215,-2.212688892,-1.658516426,-0.453775381,-0.465818529,-1.188672747,-1.389466125,0.489915129,0.979838582,0.939680422,1.915522191,1.819159173,0.44977956,0.401576451,1.293074373,0.401575658,-0.229706405,-0.541730707,-0.867007862,-1.192285018,-1.354923595,-11.68269737,-6.02045403,5.30403264,16.62851931,31.90694213,45.37825785,47.18936355,38.76427232,22.64897413,-2.060090102,-8.798569716,-0.586310449,0.883473384,2.152456308,1.341266583,0.128504171,-0.493943648,-0.526070533,-0.947729334,-1.048121267,0.401586359,1.088287354,0.244965987,-0.401583585,-0.698755438,-0.510011153,-0.718834617,-0.959780606,0.240951538,1.758921437,1.762932121,1.01599458,0.53811804,-0.160629471,-1.124422148,-1.485843609,-1.128436596,-0.811193887,-1.867346627,-2.268912972,-1.252910465,-0.795113105,-0.489917309,0.815206552,1.264964314,0.473852975,0.184723099,0.678669917,1.208752124,1.216779635,0.25298993,-0.417650693,-0.514029565,-0.220868396,0.983872054,1.469784031,1.879399287,1.678607495,0.168666295,-1.048116907,-0.923624807,0.582285695,1.550082318,1.911500609,2.256860114,0.730866271,-0.991907689,-2.666476361,-2.276935726,-1.228819215,-2.212688892,-1.658516426,-0.453775381,-0.465818529,-1.188672747,-1.389466125,0.489915129,0.979838582,0.939680422,1.915522191,1.819159173,0.44977956,0.401576451,1.293074373,0.401575658,-0.229706405,-0.541730707,-0.867007862,-1.192285018,-1.354923595]}

Slot 8:
Outcome check: Negative
Index Rising data : 20.000000
Index Break data : 0.000000
Index Transition time: 20.000000
{"outcome":{"outcome":"Negative","transition_time":{"x":20,"y":-2.360514719,"i":60},"plateau_point":{"x":22.33333333,"y":3.482277214,"i":67},"increase":5.842791933,"suspect_score":3,"arm_width":2,"window_rate":1.307551958,"rise_width":5,"shape_flag":0,"climbs_fixed":0,"climb_first_i":-1},"peak_features":{"main_peak":{"x":21.66666667,"y":4.034965218,"i":65},"left_arm":{"x":20.33333333,"y":2.013381364,"i":61},"right_arm":{"x":22.33333333,"y":-2.356435999,"i":67}},"time_data":[0,0.333333333,0.666666667,1,1.333333333,1.666666667,2,2.333333333,2.666666667,3,3.333333333,3.666666667,4,4.333333333,4.666666667,5,5.333333333,5.666666667,6,6.333333333,6.666666667,7,7.333333333,7.666666667,8,8.333333333,8.666666667,9,9.333333333,9.666666667,10,10.33333333,10.66666667,11,11.33333333,11.66666667,12,12.33333333,12.66666667,13,13.33333333,13.66666667,14,14.33333333,14.66666667,15,15.33333333,15.66666667,16,16.33333333,16.66666667,17,17.33333333,17.66666667,18,18.33333333,18.66666667,19,19.33333333,19.66666667,20,20.33333333,20.66666667,21,21.33333333,21.66666667,22,22.33333333,22.66666667,23,23.33333333,23.66666667,24,24.33333333,24.66666667,25,25.33333333,25.66666667,26,26.33333333,26.66666667,27,27.33333333,27.66666667,28,28.33333333,28.66666667,29,29.33333333,29.66666667],"raw_data":[210.6918,210.6918,210.6918,210.6918,211.9497,215.0943,284.2767,284.9057,285.5346,287.4214,283.6478,287.4214,288.0503,288.0503,288.0503,288.6793,289.3082,288.6793,288.0503,285.5346,288.6793,286.1635,288.0503,288.6793,285.5346,285.5346,285.5346,283.0189,288.6793,289.9371,288.6793,285.5346,288.6793,289.3082,289.3082,287.4214,288.6793,288.6793,289.3082,289.3082,283.6478,283.6478,283.6478,283.0189,283.6478,284.2767,283.0189,284.9057,284.2767,284.2767,284.2767,284.2767,283.6478,284.2767,285.5346,284.2767,284.2767,281.761,283.0189,283.0189,283.0189,287.4214,283.0189,284.2767,287.4214,288.0503,288.6793,289.3082,289.3082,288.6793,283.0189,283.0189,288.6793,284.2767,284.2767,283.0189,284.2767,285.5346,285.5346,288.0503,285.5346,288.6793,285.5346,283.6478,284.2767,285.5346,285.5346,284.2767,283.6478,283.6478],"processed_data":[-75.28219198,-78.64983317,-77.84774395,-72.87592432,-63.73437427,-46.4918672,-27.16381763,-10.32970445,1.709830478,6.145019069,0.465583306,0.936598741,1.380388136,1.965758353,2.915960931,3.003089145,2.562021231,2.502123019,1.957595627,1.410342922,1.478408219,1.521971467,1.467519256,1.55736512,0.11436469,-0.367543935,-0.473723308,0.38118767,1.129915312,1.658107477,2.267979081,2.967699455,2.303372866,2.235304135,2.551130551,2.984030455,3.23723599,2.95952735,2.262534137,1.391294009,-0.157889626,-1.568215639,-2.469413724,-2.967659162,-2.333286434,-2.145428018,-1.916730212,-1.674418396,-1.568240872,-1.625412846,-1.685312907,-1.745206891,-1.565510011,-1.241515717,-1.440270758,-1.747930618,-2.110043216,-3.052070915,-2.84242744,-2.49664703,-2.360514719,-1.614514239,-1.018260477,-0.160630395,0.751455728,1.502909607,3.44143254,3.482277214,1.870475208,1.217042205,0.294064212,-0.498230377,-1.26601684,-1.603627391,-1.16800693,-1.61179725,-1.690752566,-0.901183554,0.168815844,1.138074999,1.078182336,0.473754222,-0.12522723,-0.718762022,-0.835839738,-1.413041284,-1.726688322,-1.891949912,-1.908826054,-1.777316747],"differential_data":[-10.10292358,-3.848327964,8.660863277,21.17005452,39.57608568,54.85583496,54.24324412,43.31047217,24.71208528,-1.866370758,-7.812630492,1.372207245,1.543739418,2.303359193,1.555996189,-0.530909551,-0.751449189,-0.906638406,-1.637670145,-0.718781112,0.167442817,-0.016333444,0.053090479,-2.02973185,-2.887363582,-0.882131998,1.123097407,2.40545793,1.91537971,1.707095654,1.964387968,0.053090678,-1.098592981,0.371636527,1.123089481,1.029158159,-0.036754658,-1.462052779,-2.352350012,-3.630635645,-4.439264471,-3.467286147,-2.099165285,0.204190935,1.233346716,0.624834333,0.706514433,0.52273401,0.073508325,-0.175608053,-0.179691067,0.179704344,0.755536761,0.187858879,-0.759622351,-1.004658687,-1.956210446,-1.098576335,0.833135828,0.72286908,1.323199185,2.013381364,2.180825766,2.654574308,2.495310003,4.034965218,2.969051411,-2.356435999,-3.397852514,-2.364616493,-2.572908872,-2.340121579,-1.658095521,0.147014866,-0.012254789,-0.784118454,1.065920545,2.789352615,3.058887828,1.364049738,-0.996481165,-1.80511435,-1.788774367,-1.065918761,-1.041418893,-1.336272876,-0.718362942,-0.273206597,0.171949748,0.394527921,-10.10292358,-3.848327964,8.660863277,21.17005452,39.57608568,54.85583496,54.24324412,43.31047217,24.71208528,-1.866370758,-7.812630492,1.372207245,1.543739418,2.303359193,1.555996189,-0.530909551,-0.751449189,-0.906638406,-1.637670145,-0.718781112,0.167442817,-0.016333444,0.053090479,-2.02973185,-2.887363582,-0.882131998,1.123097407,2.40545793,1.91537971,1.707095654,1.964387968,0.053090678,-1.098592981,0.371636527,1.123089481,1.029158159,-0.036754658,-1.462052779,-2.352350012,-3.630635645,-4.439264471,-3.467286147,-2.099165285,0.204190935,1.233346716,0.624834333,0.706514433,0.52273401,0.073508325,-0.175608053,-0.179691067,0.179704344,0.755536761,0.187858879,-0.759622351,-1.004658687,-1.956210446,-1.098576335,0.833135828,0.72286908,1.323199185,2.013381364,2.180825766,2.654574308,2.495310003,4.034965218,2.969051411,-2.356435999,-3.397852514,-2.364616493,-2.572908872,-2.340121579,-1.658095521,0.147014866,-0.012254789,-0.784118454,1.065920545,2.789352615,3.058887828,1.364049738,-0.996481165,-1.80511435,-1.788774367,-1.065918761,-1.041418893,-1.336272876,-0.718362942,-0.273206597,0.171949748,0.394527921]}

Slot 9:
Outcome check: Negative
Index Rising data : 0.000000
Index Break data : 0.000000
Index Transition time: 25.333333
{"outcome":{"outcome":"Negative","transition_time":{"x":25.33333333,"y":1.214412144,"i":76},"plateau_point":{"x":27,"y":3.867346033,"i":81},"increase":2.652933889,"suspect_score":3,"arm_width":1.333333333,"window_rate":0.767778471,"rise_width":8.333333333,"shape_flag":0,"climbs_fixed":0,"climb_first_i":-1},"peak_features":{"main_peak":{"x":26.33333333,"y":2.368571492,"i":79},"left_arm":{"x":25.33333333,"y":0.782832951,"i":76},"right_arm":{"x":26.66666667,"y":1.083922547,"i":80}},"time_data":[0,0.333333333,0.666666667,1,1.333333333,1.666666667,2,2.333333333,2.666666667,3,3.333333333,3.666666667,4,4.333333333,4.666666667,5,5.333333333,5.666666667,6,6.333333333,6.666666667,7,7.333333333,7.666666667,8,8.333333333,8.666666667,9,9.333333333,9.666666667,10,10.33333333,10.66666667,11,11.33333333,11.66666667,12,12.33333333,12.66666667,13,13.33333333,13.66666667,14,14.33333333,14.66666667,15,15.33333333,15.66666667,16,16.33333333,16.66666667,17,17.33333333,17.66666667,18,18.33333333,18.66666667,19,19.33333333,19.66666667,20,20.33333333,20.66666667,21,21.33333333,21.66666667,22,22.33333333,22.66666667,23,23.33333333,23.66666667,24,24.33333333,24.66666667,25,25.33333333,25.66666667,26,26.33333333,26.66666667,27,27.33333333,27.66666667,28,28.33333333,28.66666667,29,29.33333333,29.66666667],"raw_data":[229.5209,233.3848,229.5209,229.5209,229.5209,228.7481,295.9814,295.9814,294.4359,295.9814,294.4359,297.527,298.2998,297.527,298.2998,299.0726,299.8454,300.6182,299.0726,297.527,302.1638,302.1638,302.1638,300.6182,299.8454,297.527,297.527,299.0726,298.2998,300.6182,300.6182,297.527,301.391,300.6182,299.0726,299.8454,300.6182,297.527,298.2998,298.2998,295.9814,295.9814,295.9814,295.9814,294.4359,295.9814,295.9814,296.7542,295.2086,296.7542,297.527,296.7542,297.527,297.527,298.2998,297.527,299.0726,298.2998,299.8454,297.527,297.527,299.8454,296.7542,299.8454,299.0726,299.8454,300.6182,300.6182,300.6182,299.0726,297.527,297.527,299.0726,297.527,295.9814,298.2998,297.527,297.527,297.527,299.8454,299.0726,300.6182,301.391,296.7542,295.9814,295.2086,300.6182,295.9814,296.7542,295.9814],"processed_data":[-64.79119411,-68.70201758,-68.73547168,-64.89155641,-57.17027177,-42.47039075,-25.15437403,-10.04300389,1.083942298,5.540072949,-0.13045472,0.491797113,1.311429903,1.870118376,2.843641405,3.214985241,3.010913403,3.2952758,3.609747156,4.185162829,4.700360583,5.262394496,5.459775454,4.773960262,3.415711638,2.38531613,1.990554215,2.579351648,2.676369407,3.342111959,3.870691473,3.894109553,3.904145872,3.974400112,3.917527632,3.843927953,3.181530841,2.719860126,2.121026374,1.214412144,0.635651031,0.187362076,-0.441580636,-0.752706552,-0.388053597,-0.458307836,-0.414817116,-0.033436961,0.361324954,0.481760793,0.70590527,1.083939986,1.408447662,1.5790651,1.682773739,2.318407331,2.532515489,2.371934371,2.609460608,2.335134531,2.144444453,2.191280613,2.231425892,2.897168444,3.352148279,3.813818994,4.576579304,4.205235469,3.690037715,3.144731001,2.626187808,1.799864137,1.428520302,1.425174862,1.482047341,1.154194225,1.214412144,1.676082859,2.261534852,3.144731001,3.840582513,3.867346033,2.683060287,2.121026374,1.515501741,0.859795508,0.482429881,0.329208731,0.400132058,0.695199862],"differential_data":[-11.73247043,-5.916416366,5.715691752,17.34779987,33.6317485,48.02384661,48.64108029,39.35747449,23.37461526,-1.821595526,-7.572413754,2.162826934,2.067481896,2.298317253,2.017300296,0.250907997,0.120435839,0.898250629,1.334830544,1.635920141,1.615847501,1.139122307,-0.732651351,-3.066095724,-3.582966198,-2.137736135,0.291053277,1.028722788,1.144140466,1.791483099,0.82799639,0.050181599,0.120435839,0.02007264,-0.195708238,-1.103995187,-1.68610174,-1.590756701,-2.258171973,-2.228063014,-1.540575102,-1.615847501,-1.410102943,0.080290559,0.441598075,-0.04014528,0.637306312,1.164213106,0.772796631,0.516870474,0.903268789,1.053813588,0.742687671,0.411489115,1.109013347,1.274612625,0.080290559,0.115417679,-0.055199759,-0.697524232,-0.215780877,0.130472158,1.058831747,1.68108358,1.374975824,1.836646538,0.587124713,-1.329812384,-1.590756701,-1.595774861,-2.017300296,-1.796501259,-0.562033913,0.080290559,-0.406470955,-0.401452795,0.782832951,1.570684061,2.202972214,2.368571492,1.083922547,-1.736283339,-2.619479489,-1.751337819,-1.891846298,-1.54960779,-0.795880167,-0.123446735,0.548986698,0.885203414,-11.73247043,-5.916416366,5.715691752,17.34779987,33.6317485,48.02384661,48.64108029,39.35747449,23.37461526,-1.821595526,-7.572413754,2.162826934,2.067481896,2.298317253,2.017300296,0.250907997,0.120435839,0.898250629,1.334830544,1.635920141,1.615847501,1.139122307,-0.732651351,-3.066095724,-3.582966198,-2.137736135,0.291053277,1.028722788,1.144140466,1.791483099,0.82799639,0.050181599,0.120435839,0.02007264,-0.195708238,-1.103995187,-1.68610174,-1.590756701,-2.258171973,-2.228063014,-1.540575102,-1.615847501,-1.410102943,0.080290559,0.441598075,-0.04014528,0.637306312,1.164213106,0.772796631,0.516870474,0.903268789,1.053813588,0.742687671,0.411489115,1.109013347,1.274612625,0.080290559,0.115417679,-0.055199759,-0.697524232,-0.215780877,0.130472158,1.058831747,1.68108358,1.374975824,1.836646538,0.587124713,-1.329812384,-1.590756701,-1.595774861,-2.017300296,-1.796501259,-0.562033913,0.080290559,-0.406470955,-0.401452795,0.782832951,1.570684061,2.202972214,2.368571492,1.083922547,-1.736283339,-2.619479489,-1.751337819,-1.891846298,-1.54960779,-0.795880167,-0.123446735,0.548986698,0.885203414]}

Slot 10:
Outcome check: Negative
Index Rising data : 0.000000
Index Break data : 0.000000
Index Transition time: 25.333333
{"outcome":{"outcome":"Negative","transition_time":{"x":25.33333333,"y":-1.166073886,"i":76},"plateau_point":{"x":27,"y":3.681512742,"i":81},"increase":4.847586628,"suspect_score":3,"arm_width":1.666666667,"window_rate":0.845172535,"rise_width":3.333333333,"shape_flag":0,"climbs_fixed":0,"climb_first_i":-1},"peak_features":{"main_peak":{"x":26,"y":4.585429402,"i":78},"left_arm":{"x":25.33333333,"y":-0.455534502,"i":76},"right_arm":{"x":27,"y":-0.283626804,"i":81}},"time_data":[0,0.333333333,0.666666667,1,1.333333333,1.666666667,2,2.333333333,2.666666667,3,3.333333333,3.666666667,4,4.333333333,4.666666667,5,5.333333333,5.666666667,6,6.333333333,6.666666667,7,7.333333333,7.666666667,8,8.333333333,8.666666667,9,9.333333333,9.666666667,10,10.33333333,10.66666667,11,11.33333333,11.66666667,12,12.33333333,12.66666667,13,13.33333333,13.66666667,14,14.33333333,14.66666667,15,15.33333333,15.66666667,16,16.33333333,16.66666667,17,17.33333333,17.66666667,18,18.33333333,18.66666667,19,19.33333333,19.66666667,20,20.33333333,20.66666667,21,21.33333333,21.66666667,22,22.33333333,22.66666667,23,23.33333333,23.66666667,24,24.33333333,24.66666667,25,25.33333333,25.66666667,26,26.33333333,26.66666667,27,27.33333333,27.66666667,28,28.33333333,28.66666667,29,29.33333333,29.66666667],"raw_data":[212.4421,217.0748,216.413,213.1039,214.4275,217.0748,293.1833,293.8451,294.5069,294.5069,295.1688,295.8306,299.1396,294.5069,297.816,298.4778,299.1396,297.816,299.8015,296.4924,299.1396,299.8015,299.8015,299.8015,298.4778,298.4778,297.816,298.4778,297.1542,298.4778,299.1396,297.816,302.4487,295.8306,297.816,297.816,298.4778,298.4778,298.4778,297.1542,295.8306,294.5069,295.8306,294.5069,294.5069,294.5069,295.1688,294.5069,294.5069,295.1688,295.8306,295.1688,299.1396,295.8306,295.1688,297.1542,297.1542,299.1396,297.1542,296.4924,297.816,298.4778,299.1396,299.8015,299.8015,299.8015,298.4778,299.1396,299.8015,297.1542,293.8451,294.5069,295.1688,296.4924,293.1833,294.5069,294.5069,294.5069,294.5069,295.8306,299.1396,301.1251,299.1396,295.8306,295.1688,294.5069,298.4778,295.1688,294.5069,294.5069],"processed_data":[-80.42837543,-84.34711308,-83.73629734,-78.59592819,-68.92600564,-51.01693574,-30.66975978,-11.74648282,1.317882719,6.84445633,0.378168147,0.813650684,1.320754278,2.108628046,2.415180289,3.068401518,2.953799161,3.50961198,3.271817162,3.377822942,3.750271488,4.139911866,4.19720961,4.360514059,3.870593711,3.257486583,2.816275857,2.824873491,2.569893181,3.483827269,3.73021589,3.715891124,3.629939884,3.223111239,2.936607988,2.959525765,2.681622129,3.374951912,2.572752453,1.942455077,1.068632712,0.283622577,-0.361006303,-0.472742518,-0.446955693,-0.48706636,-0.693345107,-0.375328031,-0.552955528,0.128917083,0.727701427,1.034260539,1.280651538,1.231945616,1.624452005,1.994038239,1.753377411,2.300591539,2.486809933,2.409452628,2.68449065,3.016829718,3.979470653,4.41495068,4.357650691,4.532415481,4.58111995,3.827629056,2.730333733,1.498386928,0.954035639,-0.060174719,-0.684744038,-0.590201506,-0.363867293,-0.716264601,-1.166073886,-1.019954269,0.530005649,2.036998666,3.180134034,3.681512742,2.991049498,2.372206254,1.289238207,0.435471308,-0.071061343,-0.311150832,-0.28479716,0.007999674],"differential_data":[-11.75621296,-4.961882861,8.626777342,22.21543754,41.36848868,57.3843688,58.90567938,47.98146374,27.88640872,-1.409571858,-9.046208468,1.413879196,1.942466042,1.641639016,1.439660209,0.807928308,0.661815693,0.477027001,-0.197683557,0.717681488,1.143133386,0.670407184,0.330903289,-0.489923849,-1.654541214,-1.581476781,-0.648919638,-0.369574014,0.988430667,1.740484064,0.348095782,-0.150414009,-0.739169827,-1.039997844,-0.395378212,-0.382478788,0.62313922,-0.163304515,-2.148745252,-2.256179611,-2.488248751,-2.144458523,-1.134547642,-0.128924085,-0.021485762,-0.369584121,0.167607493,0.210584368,0.756367671,1.920985432,1.358015184,0.829425168,0.296527615,0.515700699,1.143138935,0.193388109,0.45982995,1.100148783,0.163291634,0.296521075,0.911065634,1.942470006,2.097181444,0.567270056,0.176197201,0.335203889,-1.057179637,-2.776179326,-3.493863192,-2.66444714,-2.337842471,-2.458169516,-0.79504018,0.481315117,-0.189094643,-1.203309889,-0.455534502,2.544119302,4.585429402,3.975192578,2.466771113,-0.283626804,-1.963959731,-2.552716936,-2.90510242,-2.040449326,-1.11993321,-0.320603725,0.47872576,0.878390503,-11.75621296,-4.961882861,8.626777342,22.21543754,41.36848868,57.3843688,58.90567938,47.98146374,27.88640872,-1.409571858,-9.046208468,1.413879196,1.942466042,1.641639016,1.439660209,0.807928308,0.661815693,0.477027001,-0.197683557,0.717681488,1.143133386,0.670407184,0.330903289,-0.489923849,-1.654541214,-1.581476781,-0.648919638,-0.369574014,0.988430667,1.740484064,0.348095782,-0.150414009,-0.739169827,-1.039997844,-0.395378212,-0.382478788,0.62313922,-0.163304515,-2.148745252,-2.256179611,-2.488248751,-2.144458523,-1.134547642,-0.128924085,-0.021485762,-0.369584121,0.167607493,0.210584368,0.756367671,1.920985432,1.358015184,0.829425168,0.296527615,0.515700699,1.143138935,0.193388109,0.45982995,1.100148783,0.163291634,0.296521075,0.911065634,1.942470006,2.097181444,0.567270056,0.176197201,0.335203889,-1.057179637,-2.776179326,-3.493863192,-2.66444714,-2.337842471,-2.458169516,-0.79504018,0.481315117,-0.189094643,-1.203309889,-0.455534502,2.544119302,4.585429402,3.975192578,2.466771113,-0.283626804,-1.963959731,-2.552716936,-2.90510242,-2.040449326,-1.11993321,-0.320603725,0.47872576,0.878390503]}

[len] set(90) was=90 APPLIED
[stack] Control=2128/4096 Sensor=1520/10240 Display=6080/10240 Network=2208/6144 Input=1488/6144 Setting=7016/8192 | unused=24616 B

>>> {"Slot":[216,231,220,222,219,220,217,214,219,223,220,231,220,222,231,225,223,223,217,217,226,222,223...(372 B)
data received from Serial port

Receive long json data in 1 receiving
{"Slot":[216,231,220,222,219,220,217,214,219,223,220,231,220,222,231,225,223,223,217,217,226,222,223,226,223,232,220,220,220,225,226,231,232,220,226,217,225,219,222,223,226,223,226,222,219,229,226,223,222,220,220,225,222,228,222,220,217,222,223,222,225,222,228,220,226,223,222,225,213,220,231,219,217,226,222,225,219,222,220,216,219,217,217,217,220,226,225,223,217,222]}0
Json data received

>>> {"Slot":[264,274,281,277,279,276,289,272,311,315,308,311,310,308,313,308,303,308,307,307,307,303,308...(372 B)
data received from Serial port

Receive long json data in 1 receiving
{"Slot":[264,274,281,277,279,276,289,272,311,315,308,311,310,308,313,308,303,308,307,307,307,303,308,310,308,308,310,310,308,305,308,307,305,307,295,303,305,303,305,302,302,302,300,307,302,303,305,307,305,302,308,307,307,307,303,305,300,307,300,303,300,305,302,302,302,305,303,300,307,300,300,300,300,305,298,298,302,300,305,300,300,295,300,300,298,303,300,302,303,302]}1
Json data received

>>> {"Slot":[41,86,165,202,221,227,218,223,226,220,224,226,224,223,223,229,221,230,224,221,226,224,229,2...(370 B)
data received from Serial port
finish one round maintenance

Receive long json data in 1 receiving
{"Slot":[41,86,165,202,221,227,218,223,226,220,224,226,224,223,223,229,221,230,224,221,226,224,229,230,230,229,238,233,229,229,232,233,235,245,239,238,238,241,235,236,244,239,241,239,239,247,244,242,241,244,239,239,247,248,250,247,244,241,242,241,248,238,238,250,242,247,257,256,253,251,260,253,250,257,256,260,250,262,256,268,266,266,275,271,263,274,277,278,278,287]}2
Json data received

>>> {"Slot":[644,751,785,801,804,810,806,801,804,804,804,803,801,799,801,799,798,803,801,803,803,804,799...(372 B)
data received from Serial port

Receive long json data in 1 receiving
{"Slot":[644,751,785,801,804,810,806,801,804,804,804,803,801,799,801,799,798,803,801,803,803,804,799,803,799,803,808,804,808,804,810,801,808,806,810,811,815,806,811,808,813,817,810,810,813,810,804,803,808,810,815,811,803,804,803,808,803,803,799,806,808,810,813,808,810,808,803,808,804,804,806,810,810,808,806,804,798,804,803,804,808,801,803,803,804,804,799,801,799,803]}3
Json data received

>>> {"Slot":[686,689,685,689,691,688,683,688,686,686,682,682,680,682,682,678,685,688,686,682,685,683,685...(372 B)
data received from Serial port

Receive long json data in 1 receiving
{"Slot":[686,689,685,689,691,688,683,688,686,686,682,682,680,682,682,678,685,688,686,682,685,683,685,685,685,682,688,683,689,682,682,682,678,686,682,683,686,685,686,680,680,680,680,677,683,680,678,680,678,678,680,680,685,686,678,682,685,685,688,680,680,682,683,682,675,682,686,682,685,685,682,678,682,686,678,678,685,685,686,688,685,683,678,685,685,688,683,688,685,686]}4
[dash] heap free=97964 maxAlloc=86004 intFree=97964 intLargest=86004 clients=0 ap=0
Json data received

>>> {"Slot":[577,627,647,662,657,661,683,692,690,697,692,695,697,697,699,711,720,737,753,760,772,781,788...(372 B)
data received from Serial port

Receive long json data in 1 receiving
{"Slot":[577,627,647,662,657,661,683,692,690,697,692,695,697,697,699,711,720,737,753,760,772,781,788,797,802,809,814,819,819,835,831,833,833,835,835,838,837,835,838,837,840,838,835,838,831,840,840,837,842,840,835,833,837,842,838,840,837,837,840,838,838,837,837,837,837,840,840,840,842,838,838,840,842,837,842,842,844,845,840,845,845,840,845,847,849,838,844,847,851,851]}5
Json data received

>>> {"Slot":[479,516,555,569,579,579,582,582,585,584,587,585,584,582,582,584,587,584,587,589,587,585,585...(372 B)
data received from Serial port

Receive long json data in 1 receiving
{"Slot":[479,516,555,569,579,579,582,582,585,584,587,585,584,582,582,584,587,584,587,589,587,585,585,585,589,589,585,589,592,589,590,589,593,589,589,587,595,593,595,592,589,593,589,595,590,595,595,593,589,590,595,593,593,593,595,595,595,595,595,592,595,593,595,595,593,595,595,595,597,595,593,595,597,597,598,595,598,597,597,595,600,595,595,595,595,595,595,595,595,595]}6
Json data received

>>> {"Slot":[377,545,641,673,681,685,684,685,687,685,681,679,682,679,674,673,674,673,674,676,673,673,669...(372 B)
data received from Serial port

Receive long json data in 1 receiving
{"Slot":[377,545,641,673,681,685,684,685,687,685,681,679,682,679,674,673,674,673,674,676,673,673,669,669,668,669,666,668,663,666,661,661,661,666,661,663,663,663,660,663,661,660,660,657,661,658,660,665,666,661,661,660,663,661,665,665,660,666,668,669,668,668,669,669,665,671,671,673,674,671,673,673,673,673,674,677,676,677,677,681,679,677,676,684,685,685,684,684,687,685]}7
Json data received

>>> {"Slot":[547,668,705,718,722,726,723,726,722,726,725,725,722,725,725,722,725,725,725,726,727,726,723...(372 B)
data received from Serial port

Receive long json data in 1 receiving
{"Slot":[547,668,705,718,722,726,723,726,722,726,725,725,722,725,725,722,725,725,725,726,727,726,723,723,726,729,721,722,726,722,729,725,726,727,730,729,727,731,729,729,726,729,732,731,729,729,731,732,732,727,732,731,731,734,732,731,731,734,730,734,734,731,735,729,730,731,734,732,735,732,735,734,734,736,729,734,735,736,735,732,735,734,734,732,734,735,734,731,734,739]}8
Json data received

>>> {"Slot":[840,842,840,843,842,843,843,842,842,845,845,840,845,836,842,842,845,839,842,842,837,834,845...(372 B)
data received from Serial port
[stack]
Receive long json data in 1 receiving
{"Slot":[840,842,840,843,842,843,843,842,842,845,845,840,845,836,842,842,845,839,842,842,837,834,845,843,846,845,846,834,845,839,837,845,836,845,834,836,834,834,836,837,840,839,833,834,836,840,834,837,836,834,837,831,833,834,834,836,836,834,840,836,837,837,837,839,846,840,837,842,842,833,842,842,837,840,842,837,837,834,839,837,834,842,845,845,839,840,840,843,833,839]}9
 Control=2128/4096 Sensor=1520/10240 Display=6080/10240 Network=2208/6144 Input=1488/6144 Setting=7016/8192 | unused=24616 B
Json data received

>>> getResult
data received from Serial port
[dash] heap free=97964 maxAlloc=86004 intFree=97964 intLargest=86004 clients=0 ap=0
getResult
<AmpStart/>
<AmpStart>
{"calibration":{"slopes":[1.508,1.622,1.504,1.73,1.542,1.743,1.617,1.59,1.294,1.511],"origins":[0,0,0,0,0,0,0,0,0,0]},"led_power":[150,150,150,150,150,150,150,150,150,150],"units":"nM FAM","device_id":"RPL01015","slots":10,"amplification_time":30,"reading_interval":0.333333,"software_version":"v2.4.5AT1"}
Amplification Time[min],Sensor 1 Fluorescence[nM FAM],Sensor 2 Fluorescence[nM FAM],Sensor 3 Fluorescence[nM FAM],Sensor 4 Fluorescence[nM FAM],Sensor 5 Fluorescence[nM FAM],Temperature[C]
0.00,143.24,162.76,27.26,372.25,444.88,331.04,296.23,237.11,422.72,555.92,65.80
0.33,153.18,168.93,57.18,434.10,446.82,359.72,319.11,342.77,516.23,557.25,65.80
0.67,145.89,173.24,109.71,453.76,444.23,371.20,343.23,403.14,544.82,555.92,65.80
1.00,147.21,170.78,134.31,463.01,446.82,379.80,351.89,423.27,554.87,557.91,65.80
1.33,145.23,172.01,146.94,464.74,448.12,376.94,358.07,428.30,557.96,557.25,65.80
1.67,145.89,170.16,150.93,468.21,446.17,379.23,358.07,430.82,561.05,557.91,65.80
2.00,143.90,178.18,144.95,465.90,442.93,391.85,359.93,430.19,558.73,557.91,65.80
2.33,141.91,167.69,148.27,463.01,446.17,397.02,359.93,430.82,561.05,557.25,65.80
2.67,145.23,191.74,150.27,464.74,444.88,395.87,361.78,432.08,557.96,557.25,65.80
3.00,147.88,194.20,146.28,464.74,444.88,399.89,361.16,430.82,561.05,559.23,65.80
3.33,145.89,189.89,148.94,464.74,442.28,397.02,363.02,428.30,560.28,559.23,65.80
3.67,153.18,191.74,150.27,464.16,442.28,398.74,361.78,427.04,560.28,555.92,65.80
4.00,145.89,191.12,148.94,463.01,440.99,399.89,361.16,428.93,557.96,559.23,65.80
4.33,147.21,189.89,148.27,461.85,442.28,399.89,359.93,427.04,560.28,553.28,65.80
4.67,153.18,192.97,148.27,463.01,442.28,401.03,359.93,423.90,560.28,557.25,65.80
5.00,149.20,189.89,152.26,461.85,439.69,407.92,361.16,423.27,557.96,557.25,65.80
5.33,147.88,186.81,146.94,461.27,444.23,413.08,363.02,423.90,560.28,559.23,65.80
5.67,147.88,189.89,152.93,464.16,446.17,422.83,361.16,423.27,560.28,555.26,65.80
6.00,143.90,189.27,148.94,463.01,444.88,432.01,363.02,423.90,560.28,557.25,65.80
6.33,143.90,189.27,146.94,464.16,442.28,436.03,364.25,425.16,561.05,557.25,65.80
6.67,149.87,189.27,150.27,464.16,444.23,442.91,363.02,423.27,561.82,553.94,65.80
7.00,147.21,186.81,148.94,464.74,442.93,448.08,361.78,423.27,561.05,551.95,65.80
7.33,147.88,189.89,152.26,461.85,444.23,452.09,361.78,420.75,558.73,559.23,65.80
7.67,149.87,191.12,152.93,464.16,444.23,457.26,361.78,420.75,558.73,557.91,65.80
8.00,147.88,189.89,152.93,461.85,444.23,460.13,364.25,420.13,561.05,559.89,65.80
8.33,153.85,189.89,152.26,464.16,442.28,464.14,364.25,420.75,563.37,559.23,65.80
8.67,145.89,191.12,158.24,467.05,446.17,467.01,361.78,418.87,557.19,559.89,65.80
9.00,145.89,191.12,154.92,464.74,442.93,469.88,364.25,420.13,557.96,551.95,65.80
9.33,145.89,189.89,152.26,467.05,446.82,469.88,366.11,416.98,561.05,559.23,65.80
9.67,149.20,188.04,152.26,464.74,442.28,479.06,364.25,418.87,557.96,555.26,65.80
10.00,149.87,189.89,154.26,468.21,442.28,476.76,364.87,415.72,563.37,553.94,65.80
10.33,153.18,189.27,154.92,463.01,442.28,477.91,364.25,415.72,560.28,559.23,65.80
10.67,153.85,188.04,156.25,467.05,439.69,477.91,366.73,415.72,561.05,553.28,65.80
11.00,145.89,189.27,162.90,465.90,444.88,479.06,364.25,418.87,561.82,559.23,65.80
11.33,149.87,181.87,158.91,468.21,442.28,479.06,364.25,415.72,564.14,551.95,65.80
11.67,143.90,186.81,158.24,468.79,442.93,480.78,363.02,416.98,563.37,553.28,65.80
12.00,149.20,188.04,158.24,471.10,444.88,480.21,367.97,416.98,561.82,551.95,65.80
12.33,145.23,186.81,160.24,465.90,444.23,479.06,366.73,416.98,564.91,551.95,65.80
12.67,147.21,188.04,156.25,468.79,444.88,480.78,367.97,415.09,563.37,553.28,65.80
13.00,147.88,186.19,156.91,467.05,440.99,480.21,366.11,416.98,563.37,553.94,65.80
13.33,149.87,186.19,162.23,469.94,440.99,481.93,364.25,415.72,561.05,555.92,65.80
13.67,147.88,186.19,158.91,472.25,440.99,480.78,366.73,415.09,563.37,555.26,65.80
14.00,149.87,184.96,160.24,468.21,440.99,479.06,364.25,415.09,565.69,551.29,65.80
14.33,147.21,189.27,158.91,468.21,439.04,480.78,367.97,413.21,564.91,551.95,65.80
14.67,145.23,186.19,158.91,469.94,442.93,476.76,364.87,415.72,563.37,553.28,65.80
15.00,151.86,186.81,164.23,468.21,440.99,481.93,367.97,413.84,563.37,555.92,65.80
15.33,149.87,188.04,162.23,464.74,439.69,481.93,367.97,415.09,564.91,551.95,65.80
15.67,147.88,189.27,160.90,464.16,440.99,480.21,366.73,418.24,565.69,553.94,65.80
16.00,147.21,188.04,160.24,467.05,439.69,483.08,364.25,418.87,565.69,553.28,65.80
16.33,145.89,186.19,162.23,468.21,439.69,481.93,364.87,415.72,561.82,551.95,65.80
16.67,145.89,189.89,158.91,471.10,440.99,479.06,367.97,415.72,565.69,553.94,65.80
17.00,149.20,189.27,158.91,468.79,440.99,477.91,366.73,415.09,564.91,549.97,65.80
17.33,147.21,189.27,164.23,464.16,444.23,480.21,366.73,416.98,564.91,551.29,65.80
17.67,151.19,189.27,164.89,464.74,444.88,483.08,366.73,415.72,567.23,551.95,65.80
18.00,147.21,186.81,166.22,464.16,439.69,480.78,367.97,418.24,565.69,551.95,65.80
18.33,145.89,188.04,164.23,467.05,442.28,481.93,367.97,418.24,564.91,553.28,65.80
18.67,143.90,184.96,162.23,464.16,444.23,480.21,367.97,415.09,564.91,553.28,65.80
19.00,147.21,189.27,160.24,464.16,444.23,480.21,367.97,418.87,567.23,551.95,65.80
19.33,147.88,184.96,160.90,461.85,446.17,481.93,367.97,420.13,564.14,555.92,65.80
19.67,147.21,186.81,160.24,465.90,440.99,480.78,366.11,420.75,567.23,553.28,65.80
20.00,149.20,184.96,164.89,467.05,440.99,480.78,367.97,420.13,567.23,553.94,65.80
20.33,147.21,188.04,158.24,468.21,442.28,480.21,366.73,420.13,564.91,553.94,65.80
20.67,151.19,186.19,158.24,469.94,442.93,480.21,367.97,420.75,568.01,553.94,65.80
21.00,145.89,186.19,166.22,467.05,442.28,480.21,367.97,420.75,563.37,555.26,65.80
21.33,149.87,186.19,160.90,468.21,437.74,480.21,366.73,418.24,564.14,559.89,65.80
21.67,147.88,188.04,164.23,467.05,442.28,481.93,367.97,422.01,564.91,555.92,65.80
22.00,147.21,186.81,170.88,464.16,444.88,481.93,367.97,422.01,567.23,553.94,65.80
22.33,149.20,184.96,170.21,467.05,442.28,481.93,367.97,423.27,565.69,557.25,65.80
22.67,141.25,189.27,168.22,464.74,444.23,483.08,369.20,423.90,568.01,557.25,65.80
23.00,145.89,184.96,166.89,464.74,444.23,480.78,367.97,422.01,565.69,551.29,65.80
23.33,153.18,184.96,172.87,465.90,442.28,480.78,366.73,423.27,568.01,557.25,65.80
23.67,145.23,184.96,168.22,468.21,439.69,481.93,367.97,423.27,567.23,557.25,65.80
24.00,143.90,184.96,166.22,468.21,442.28,483.08,369.20,423.27,567.23,553.94,65.80
24.33,149.87,188.04,170.88,467.05,444.88,480.21,369.20,423.27,568.78,555.92,65.80
24.67,147.21,183.72,170.21,465.90,439.69,483.08,369.82,423.90,563.37,557.25,65.80
25.00,149.20,183.72,172.87,464.74,439.69,483.08,367.97,425.79,567.23,553.94,65.80
25.33,145.23,186.19,166.22,461.27,444.23,484.22,369.82,425.16,568.01,553.94,65.80
25.67,147.21,184.96,174.20,464.74,444.23,484.80,369.20,425.79,568.78,551.95,65.80
26.00,145.89,188.04,170.21,464.16,444.88,481.93,369.20,425.79,568.01,555.26,65.80
26.33,143.24,184.96,178.19,464.74,446.17,484.80,367.97,428.30,565.69,553.94,65.80
26.67,145.23,184.96,176.86,467.05,444.23,484.80,371.06,427.04,568.01,551.95,65.80
27.00,143.90,181.87,176.86,463.01,442.93,481.93,367.97,425.79,567.23,557.25,65.80
27.33,143.90,184.96,182.85,464.16,439.69,484.80,367.97,425.16,567.23,559.23,65.80
27.67,143.90,184.96,180.19,464.16,444.23,485.94,367.97,430.19,565.69,559.23,65.80
28.00,145.89,183.72,174.87,464.74,444.23,487.09,367.97,430.82,567.23,555.26,65.80
28.33,149.87,186.81,182.18,464.74,446.17,480.78,367.97,430.82,568.01,555.92,65.80
28.67,149.20,184.96,184.18,461.85,442.93,484.22,367.97,430.19,567.23,555.92,65.80
29.00,147.88,186.19,184.84,463.01,446.17,485.94,367.97,430.19,564.91,557.91,65.80
29.33,143.90,186.81,184.84,461.85,444.23,488.24,367.97,432.08,567.23,551.29,65.80
29.67,147.21,186.19,190.82,464.16,444.88,488.24,367.97,430.82,571.10,555.26,65.80
load algo para from flash
Slot 1:
Outcome check: Negative
Index Rising data : 9.333333
Index Break data : 0.000000
Index Transition time: 9.000000
{"outcome":{"outcome":"Negative","transition_time":{"x":9,"y":0.861198855,"i":27},"plateau_point":{"x":10.33333333,"y":5.256229351,"i":31},"increase":4.395030496,"suspect_score":2,"arm_width":1.333333333,"window_rate":1.385109559,"rise_width":5.333333333,"shape_flag":0,"climbs_fixed":0,"climb_first_i":-1},"peak_features":{"main_peak":{"x":9.666666667,"y":4.517031484,"i":29},"left_arm":{"x":9,"y":-0.943018926,"i":27},"right_arm":{"x":10.33333333,"y":0.572702779,"i":31}},"time_data":[0,0.333333333,0.666666667,1,1.333333333,1.666666667,2,2.333333333,2.666666667,3,3.333333333,3.666666667,4,4.333333333,4.666666667,5,5.333333333,5.666666667,6,6.333333333,6.666666667,7,7.333333333,7.666666667,8,8.333333333,8.666666667,9,9.333333333,9.666666667,10,10.33333333,10.66666667,11,11.33333333,11.66666667,12,12.33333333,12.66666667,13,13.33333333,13.66666667,14,14.33333333,14.66666667,15,15.33333333,15.66666667,16,16.33333333,16.66666667,17,17.33333333,17.66666667,18,18.33333333,18.66666667,19,19.33333333,19.66666667,20,20.33333333,20.66666667,21,21.33333333,21.66666667,22,22.33333333,22.66666667,23,23.33333333,23.66666667,24,24.33333333,24.66666667,25,25.33333333,25.66666667,26,26.33333333,26.66666667,27,27.33333333,27.66666667,28,28.33333333,28.66666667,29,29.33333333,29.66666667],"raw_data":[143.2361,153.183,145.8886,147.2149,145.2255,145.8886,143.8992,141.9098,145.2255,147.878,145.8886,153.183,145.8886,147.2149,153.183,149.2042,147.878,147.878,143.8992,143.8992,149.8674,147.2149,147.878,149.8674,147.878,153.8461,145.8886,145.8886,145.8886,149.2042,149.8674,153.183,153.8461,145.8886,149.8674,143.8992,149.2042,145.2255,147.2149,147.878,149.8674,147.878,149.8674,147.2149,145.2255,151.8568,149.8674,147.878,147.2149,145.8886,145.8886,149.2042,147.2149,151.1936,147.2149,145.8886,143.8992,147.2149,147.878,147.2149,149.2042,147.2149,151.1936,145.8886,149.8674,147.878,147.2149,149.2042,141.2467,145.8886,153.183,145.2255,143.8992,149.8674,147.2149,149.2042,145.2255,147.2149,145.8886,143.2361,145.2255,143.8992,143.8992,143.8992,145.8886,149.8674,149.2042,147.878,143.8992,147.2149],"processed_data":[0.915168993,0.872971275,0.694415072,0.379500385,-0.071772786,-2.331010034,-1.840124023,-2.503256001,-0.846865369,0.292800573,1.036312615,2.506110782,3.068767399,3.215172838,3.648643527,2.595096274,1.863067759,0.795167667,-0.442099039,-0.284208884,0.482267702,0.786560983,2.919483135,3.556775906,2.974025115,2.488879117,1.716665491,0.861198855,1.087986207,2.388408975,4.09934053,5.256229351,4.481142383,3.507977374,1.995121019,0.42485304,-0.221051501,0.838233452,0.777948487,2.095594794,2.262095067,2.107077264,1.972156079,2.198944092,2.259227406,2.620935217,2.328123745,1.914743927,1.598967581,0.12343244,0.803787628,1.653513789,2.259229454,1.914746107,1.188462361,0.364572434,-0.037325574,-0.137801067,0.450690464,1.84871842,2.219039124,2.259228991,2.417116504,2.210425439,2.62380453,1.848716439,-0.057422721,0.772209201,0.565521769,0.106211741,0.410502578,0.559779708,2.026701428,1.211423667,0.594224806,1.699443602,1.082245071,-0.223920153,-0.772223601,-1.604724306,-1.9492097,-2.77309923,-2.150158242,-0.79519039,0.551162984,1.231515926,1.4430865,1.259937303,0.682068333,-0.290520408],"differential_data":[-0.126593156,-0.331130882,-0.740206334,-1.149281787,-4.065765629,-2.652526855,-0.25836895,1.489887981,4.194084861,2.824766976,3.319965313,3.048682176,1.063593084,0.869814192,-0.930114845,-2.678363651,-2.699892911,-3.457750197,-1.619064826,1.386550111,1.606154801,3.65582315,4.155322385,0.08181297,-1.601845184,-1.886039437,-2.441520394,-0.943018926,2.29081518,4.517031484,4.301730565,0.572702779,-2.622377965,-3.729032046,-4.624686501,-3.32425878,0.620070618,1.498499982,1.886042013,2.226219871,0.017223705,-0.434908483,0.137800241,0.430606991,0.632986688,0.103344509,-1.059286935,-1.093734246,-2.68696723,-1.19276993,2.295122023,2.183162739,0.391848477,-1.60615064,-2.325260509,-1.838681902,-0.753560252,0.732024057,2.979779231,2.652522991,0.615765856,0.297116069,-0.073205329,0.310032039,-0.5425635,-4.021840876,-1.614760857,0.934416734,-0.99899619,-0.232528786,0.680351951,2.424298274,0.977465939,-2.148714933,0.732029902,0.732030398,-2.885045634,-2.781703008,-2.071206229,-1.76547915,-1.752562387,-0.301422813,2.966863261,4.051981839,3.040059474,1.337885275,0.042632066,-1.14152725,-2.325686566,-2.917766224,-0.126593156,-0.331130882,-0.740206334,-1.149281787,-4.065765629,-2.652526855,-0.25836895,1.489887981,4.194084861,2.824766976,3.319965313,3.048682176,1.063593084,0.869814192,-0.930114845,-2.678363651,-2.699892911,-3.457750197,-1.619064826,1.386550111,1.606154801,3.65582315,4.155322385,0.08181297,-1.601845184,-1.886039437,-2.441520394,-0.943018926,2.29081518,4.517031484,4.301730565,0.572702779,-2.622377965,-3.729032046,-4.624686501,-3.32425878,0.620070618,1.498499982,1.886042013,2.226219871,0.017223705,-0.434908483,0.137800241,0.430606991,0.632986688,0.103344509,-1.059286935,-1.093734246,-2.68696723,-1.19276993,2.295122023,2.183162739,0.391848477,-1.60615064,-2.325260509,-1.838681902,-0.753560252,0.732024057,2.979779231,2.652522991,0.615765856,0.297116069,-0.073205329,0.310032039,-0.5425635,-4.021840876,-1.614760857,0.934416734,-0.99899619,-0.232528786,0.680351951,2.424298274,0.977465939,-2.148714933,0.732029902,0.732030398,-2.885045634,-2.781703008,-2.071206229,-1.76547915,-1.752562387,-0.301422813,2.966863261,4.051981839,3.040059474,1.337885275,0.042632066,-1.14152725,-2.325686566,-2.917766224]}

Slot 2:
Outcome check: Negative
Index Rising data : 0.000000
Index Break data : 0.000000
Index Transition time: 7.000000
{"outcome":{"outcome":"Negative","transition_time":{"x":7,"y":2.65823536,"i":21},"plateau_point":{"x":8.333333333,"y":4.675942557,"i":25},"increase":2.017707197,"suspect_score":2,"arm_width":1,"window_rate":0.713270691,"rise_width":5,"shape_flag":0,"climbs_fixed":0,"climb_first_i":-1},"peak_features":{"main_peak":{"x":8,"y":2.065751212,"i":24},"left_arm":{"x":7.333333333,"y":0.960809584,"i":22},"right_arm":{"x":8.333333333,"y":0.188160884,"i":25}},"time_data":[0,0.333333333,0.666666667,1,1.333333333,1.666666667,2,2.333333333,2.666666667,3,3.333333333,3.666666667,4,4.333333333,4.666666667,5,5.333333333,5.666666667,6,6.333333333,6.666666667,7,7.333333333,7.666666667,8,8.333333333,8.666666667,9,9.333333333,9.666666667,10,10.33333333,10.66666667,11,11.33333333,11.66666667,12,12.33333333,12.66666667,13,13.33333333,13.66666667,14,14.33333333,14.66666667,15,15.33333333,15.66666667,16,16.33333333,16.66666667,17,17.33333333,17.66666667,18,18.33333333,18.66666667,19,19.33333333,19.66666667,20,20.33333333,20.66666667,21,21.33333333,21.66666667,22,22.33333333,22.66666667,23,23.33333333,23.66666667,24,24.33333333,24.66666667,25,25.33333333,25.66666667,26,26.33333333,26.66666667,27,27.33333333,27.66666667,28,28.33333333,28.66666667,29,29.33333333,29.66666667],"raw_data":[162.762,168.9272,173.2429,170.7768,172.0099,170.1603,178.1751,167.6942,191.7386,194.2047,189.889,191.7386,191.1221,189.889,192.9716,189.889,186.8064,189.889,189.2725,189.2725,189.2725,186.8064,189.889,191.1221,189.889,189.889,191.1221,191.1221,189.889,188.0395,189.889,189.2725,188.0395,189.2725,181.8742,186.8064,188.0395,186.8064,188.0395,186.1899,186.1899,186.1899,184.9568,189.2725,186.1899,186.8064,188.0395,189.2725,188.0395,186.1899,189.889,189.2725,189.2725,189.2725,186.8064,188.0395,184.9568,189.2725,184.9568,186.8064,184.9568,188.0395,186.1899,186.1899,186.1899,188.0395,186.8064,184.9568,189.2725,184.9568,184.9568,184.9568,184.9568,188.0395,183.7238,183.7238,186.1899,184.9568,188.0395,184.9568,184.9568,181.8742,184.9568,184.9568,183.7238,186.8064,184.9568,186.1899,186.8064,186.1899],"processed_data":[-19.25848564,-19.01374428,-18.26057159,-16.99896755,-15.22893217,-14.79122429,-11.35898005,-6.568253951,-1.732152898,2.781008303,4.92415609,7.328861715,5.164360079,4.264932343,4.166180565,3.448236969,3.058574264,2.983844906,2.129787032,2.257897051,2.751648676,2.65823536,2.893098905,3.298775083,3.963338348,4.675942557,4.088778938,3.75783126,3.717798208,3.173337135,3.288101527,2.19918024,1.278400636,0.771304308,-0.0694084,-0.026707174,0.186807013,0.408328168,1.294413711,0.061370255,-0.016028202,0.056034171,-0.06940622,0.258870509,0.811338218,1.491914229,1.435867508,1.243703801,1.897591133,2.124450882,2.471411965,2.418032956,2.837054562,2.177828702,1.596003082,0.968804562,0.613836643,-0.03471282,0.125423019,-0.005354778,0.176132532,-0.411030757,0.253533632,0.467048017,0.2295124,0.362958437,0.683228992,0.515086319,0.08005124,-0.848734934,-0.54981453,-0.589849233,-1.475934644,-1.043568202,-1.363839418,-1.016878665,-0.883431967,-0.683261954,-0.563159629,-1.022215278,-1.609379756,-2.252591154,-2.506140044,-2.017727146,-1.572015804,-0.736641954,-0.364860006,-0.133196414,-0.041651177,-0.090224295],"differential_data":[0.734224077,1.496871086,3.022165105,4.547459124,3.311614881,5.804928173,12.33445551,14.44024074,14.02389338,9.984463481,6.821780118,0.360305984,-4.595894058,-1.497269271,-1.225043061,-1.661409452,-0.696588095,-1.393180847,-1.088921782,0.932792465,0.600507464,0.212175344,0.960809584,1.605359164,2.065751212,0.188160884,-1.377166946,-0.556471094,-0.876741186,-0.644545023,-1.461235344,-3.014551336,-2.141813897,-2.021713554,-1.197017224,0.38432312,0.652553013,1.661410047,-0.520436869,-1.96566287,-0.008004127,-0.080067028,0.304254507,1.321116658,1.84956558,0.936793934,-0.372315642,0.692585437,1.321120621,0.860731249,0.440373111,0.548463896,-0.360306381,-1.86157722,-1.81353621,-1.473249658,-1.505276073,-0.732620437,0.044037063,0.076064271,-0.608513968,0.116101649,1.317118162,-0.036031847,-0.15613437,0.680574888,0.228191822,-0.904766628,-2.045731879,-0.944798655,0.388328552,-1.389180171,-0.680578455,0.168142839,0.040034307,0.720611176,0.500425066,0.480408508,-0.508429986,-1.569330191,-1.845563814,-1.345140432,0.352296012,1.401186361,1.921627788,1.810733696,0.90516831,0.484813244,0.064458178,-0.145719355,0.734224077,1.496871086,3.022165105,4.547459124,3.311614881,5.804928173,12.33445551,14.44024074,14.02389338,9.984463481,6.821780118,0.360305984,-4.595894058,-1.497269271,-1.225043061,-1.661409452,-0.696588095,-1.393180847,-1.088921782,0.932792465,0.600507464,0.212175344,0.960809584,1.605359164,2.065751212,0.188160884,-1.377166946,-0.556471094,-0.876741186,-0.644545023,-1.461235344,-3.014551336,-2.141813897,-2.021713554,-1.197017224,0.38432312,0.652553013,1.661410047,-0.520436869,-1.96566287,-0.008004127,-0.080067028,0.304254507,1.321116658,1.84956558,0.936793934,-0.372315642,0.692585437,1.321120621,0.860731249,0.440373111,0.548463896,-0.360306381,-1.86157722,-1.81353621,-1.473249658,-1.505276073,-0.732620437,0.044037063,0.076064271,-0.608513968,0.116101649,1.317118162,-0.036031847,-0.15613437,0.680574888,0.228191822,-0.904766628,-2.045731879,-0.944798655,0.388328552,-1.389180171,-0.680578455,0.168142839,0.040034307,0.720611176,0.500425066,0.480408508,-0.508429986,-1.569330191,-1.845563814,-1.345140432,0.352296012,1.401186361,1.921627788,1.810733696,0.90516831,0.484813244,0.064458178,-0.145719355]}

Slot 3:
Outcome check: Negative
Index Rising data : 0.000000
Index Break data : 0.000000
Index Transition time: 28.333333
{"outcome":{"outcome":"Negative","transition_time":{"x":28.33333333,"y":32.67765035,"i":85},"plateau_point":{"x":29.66666667,"y":41.52966068,"i":89},"increase":8.852010329,"suspect_score":4,"arm_width":-1,"window_rate":4.491918945,"rise_width":6.666666667,"shape_flag":0,"climbs_fixed":0,"climb_first_i":-1},"peak_features":{"main_peak":{"x":29.66666667,"y":8.601306846,"i":89},"left_arm":{"x":28.33333333,"y":3.197537697,"i":85},"right_arm":{"x":-1,"y":-1,"i":-1}},"time_data":[0,0.333333333,0.666666667,1,1.333333333,1.666666667,2,2.333333333,2.666666667,3,3.333333333,3.666666667,4,4.333333333,4.666666667,5,5.333333333,5.666666667,6,6.333333333,6.666666667,7,7.333333333,7.666666667,8,8.333333333,8.666666667,9,9.333333333,9.666666667,10,10.33333333,10.66666667,11,11.33333333,11.66666667,12,12.33333333,12.66666667,13,13.33333333,13.66666667,14,14.33333333,14.66666667,15,15.33333333,15.66666667,16,16.33333333,16.66666667,17,17.33333333,17.66666667,18,18.33333333,18.66666667,19,19.33333333,19.66666667,20,20.33333333,20.66666667,21,21.33333333,21.66666667,22,22.33333333,22.66666667,23,23.33333333,23.66666667,24,24.33333333,24.66666667,25,25.33333333,25.66666667,26,26.33333333,26.66666667,27,27.33333333,27.66666667,28,28.33333333,28.66666667,29,29.33333333,29.66666667],"raw_data":[27.26064,57.18085,109.7074,134.3085,146.9415,150.9308,144.9468,148.2713,150.2659,146.2766,148.9362,150.2659,148.9362,148.2713,148.2713,152.2606,146.9415,152.9255,148.9362,146.9415,150.2659,148.9362,152.2606,152.9255,152.9255,152.2606,158.2447,154.9202,152.2606,152.2606,154.2553,154.9202,156.25,162.8989,158.9096,158.2447,158.2447,160.2393,156.25,156.9149,162.234,158.9096,160.2393,158.9096,158.9096,164.2287,162.234,160.9043,160.2393,162.234,158.9096,158.9096,164.2287,164.8936,166.2234,164.2287,162.234,160.2393,160.9043,160.2393,164.8936,158.2447,158.2447,166.2234,160.9043,164.2287,170.8777,170.2128,168.2181,166.8883,172.8723,168.2181,166.2234,170.8777,170.2128,172.8723,166.2234,174.2021,170.2128,178.1915,176.8617,176.8617,182.8457,180.1862,174.867,182.1808,184.1755,184.8404,184.8404,190.8245],"processed_data":[-120.7366187,-80.64957836,-47.95696106,-22.65876684,-4.754995676,3.479897833,2.363107987,0.849108015,-0.063323182,0.046050365,0.921060207,0.241774984,0.808806712,0.883643609,1.102399355,1.513999774,1.470824667,1.542781087,0.978626532,0.555512135,1.401741193,1.666547503,2.578978435,4.236895012,5.465942845,6.407157204,6.110690427,5.926478332,5.696212108,4.991022415,5.451555194,7.480773662,9.39486014,10.41090935,11.35787726,11.43271284,10.23532897,9.590586873,10.09141653,10.60951418,10.93764228,10.62390275,11.68024534,12.25015444,12.36528913,12.96973964,13.50223241,13.69508131,12.62146425,11.63131707,12.05442982,13.31226081,14.73127773,15.79626029,16.50720849,16.04092011,14.0289668,13.6662961,13.01867246,11.9680837,12.58692483,12.80855854,12.50345529,13.54253278,15.26377017,18.26298668,19.20707716,20.20009821,21.94148571,21.19312191,20.34689523,20.3094783,21.56442723,21.14994898,21.25069087,21.68819464,22.75893108,23.5619849,24.60394056,26.70511895,29.97777455,30.0094374,30.90172039,30.86717977,32.10486144,32.67765035,34.23655324,36.23152258,38.6625584,41.52966068],"differential_data":[120.2611211,109.1694865,86.98621729,64.80294808,39.20799701,10.67715549,-3.946184728,-3.639646753,-1.204586475,1.476575084,0.293586929,-0.168380242,0.962802937,0.440388964,0.945534248,0.552637967,0.043171969,-0.738297202,-1.480903427,0.634671992,1.666553051,1.765855863,3.855521264,4.330446615,3.255393288,0.967121372,-0.721018308,-0.621717478,-1.403183875,-0.366985371,3.734626869,5.914957418,4.395203528,2.944525682,1.532705233,-1.683822434,-2.763188944,-0.215868665,1.528390959,1.269338633,0.021582864,1.113904581,2.439377525,1.027565696,1.079377806,1.705414908,1.088012497,-1.321152229,-3.09564635,-0.850551655,2.521415611,4.015271868,3.725999213,2.66389614,0.36698973,-3.71736254,-3.561936019,-1.515441498,-2.547318595,-0.647621452,1.260712264,-0.125204309,1.100961363,4.140472313,7.080680847,5.91496049,2.905667293,4.101612834,1.489535542,-2.391885733,-1.325465413,1.826298008,1.260706022,-0.470604537,0.807368489,2.262360313,2.810685393,2.767514216,4.71470107,8.060750986,4.956477673,1.385918753,1.286613563,1.804711577,2.715705872,3.197537697,5.330808347,6.639007747,7.947207146,8.601306846,120.2611211,109.1694865,86.98621729,64.80294808,39.20799701,10.67715549,-3.946184728,-3.639646753,-1.204586475,1.476575084,0.293586929,-0.168380242,0.962802937,0.440388964,0.945534248,0.552637967,0.043171969,-0.738297202,-1.480903427,0.634671992,1.666553051,1.765855863,3.855521264,4.330446615,3.255393288,0.967121372,-0.721018308,-0.621717478,-1.403183875,-0.366985371,3.734626869,5.914957418,4.395203528,2.944525682,1.532705233,-1.683822434,-2.763188944,-0.215868665,1.528390959,1.269338633,0.021582864,1.113904581,2.439377525,1.027565696,1.079377806,1.705414908,1.088012497,-1.321152229,-3.09564635,-0.850551655,2.521415611,4.015271868,3.725999213,2.66389614,0.36698973,-3.71736254,-3.561936019,-1.515441498,-2.547318595,-0.647621452,1.260712264,-0.125204309,1.100961363,4.140472313,7.080680847,5.91496049,2.905667293,4.101612834,1.489535542,-2.391885733,-1.325465413,1.826298008,1.260706022,-0.470604537,0.807368489,2.262360313,2.810685393,2.767514216,4.71470107,8.060750986,4.956477673,1.385918753,1.286613563,1.804711577,2.715705872,3.197537697,5.330808347,6.639007747,7.947207146,8.601306846]}

Slot 4:
Outcome check: Negative
Index Rising data : 19.333333
Index Break data : 0.000000
Index Transition time: 19.000000
{"outcome":{"outcome":"Negative","transition_time":{"x":19,"y":-0.170161524,"i":57},"plateau_point":{"x":20.66666667,"y":4.594265364,"i":62},"increase":4.764426888,"suspect_score":3,"arm_width":1.333333333,"window_rate":1.37314751,"rise_width":6.666666667,"shape_flag":0,"climbs_fixed":0,"climb_first_i":-1},"peak_features":{"main_peak":{"x":20,"y":3.896122127,"i":60},"left_arm":{"x":19.33333333,"y":1.636516819,"i":58},"right_arm":{"x":20.66666667,"y":0.416642226,"i":62}},"time_data":[0,0.333333333,0.666666667,1,1.333333333,1.666666667,2,2.333333333,2.666666667,3,3.333333333,3.666666667,4,4.333333333,4.666666667,5,5.333333333,5.666666667,6,6.333333333,6.666666667,7,7.333333333,7.666666667,8,8.333333333,8.666666667,9,9.333333333,9.666666667,10,10.33333333,10.66666667,11,11.33333333,11.66666667,12,12.33333333,12.66666667,13,13.33333333,13.66666667,14,14.33333333,14.66666667,15,15.33333333,15.66666667,16,16.33333333,16.66666667,17,17.33333333,17.66666667,18,18.33333333,18.66666667,19,19.33333333,19.66666667,20,20.33333333,20.66666667,21,21.33333333,21.66666667,22,22.33333333,22.66666667,23,23.33333333,23.66666667,24,24.33333333,24.66666667,25,25.33333333,25.66666667,26,26.33333333,26.66666667,27,27.33333333,27.66666667,28,28.33333333,28.66666667,29,29.33333333,29.66666667],"raw_data":[372.2543,434.104,453.7572,463.0058,464.7399,468.2081,465.8959,463.0058,464.7399,464.7399,464.7399,464.1618,463.0058,461.8497,463.0058,461.8497,461.2717,464.1618,463.0058,464.1618,464.1618,464.7399,461.8497,464.1618,461.8497,464.1618,467.052,464.7399,467.052,464.7399,468.2081,463.0058,467.052,465.8959,468.2081,468.7861,471.0983,465.8959,468.7861,467.052,469.9422,472.2543,468.2081,468.2081,469.9422,468.2081,464.7399,464.1618,467.052,468.2081,471.0983,468.7861,464.1618,464.7399,464.1618,467.052,464.1618,464.1618,461.8497,465.8959,467.052,468.2081,469.9422,467.052,468.2081,467.052,464.1618,467.052,464.7399,464.7399,465.8959,468.2081,468.2081,467.052,465.8959,464.7399,461.2717,464.7399,464.1618,464.7399,467.052,463.0058,464.1618,464.1618,464.7399,464.7399,461.8497,463.0058,461.8497,464.1618],"processed_data":[-74.71761105,-45.65297657,-22.57763254,-5.491578958,5.605184183,3.10286815,2.00685047,1.035952481,0.535487319,-0.065071535,-0.242732721,-0.312797381,-0.99342551,-1.879243,-2.172013188,-2.232068611,-1.869233763,-1.413813471,-0.738189961,-0.442917465,-0.142640349,-0.768217673,-1.168589935,-1.025953681,-0.850791502,-0.002502045,0.683131891,1.641522296,1.891752433,1.699077259,1.218628458,1.498889741,1.496386639,2.940227822,3.260519977,4.46663636,4.048749255,3.951163156,4.27896356,4.541708017,4.536706702,5.475077311,5.605197395,5.33744845,3.685916389,2.354682559,1.884245769,1.994347378,2.787584842,3.560801849,4.10380574,3.330584109,2.379700632,1.303703804,0.505463968,-0.047547576,-0.002506669,-0.170161524,0.032527379,0.920849689,2.317148844,3.51826444,4.594265364,3.796025924,3.300565381,2.459785627,1.493888426,1.013435793,0.770707828,1.413802638,2.33215953,2.629935657,3.355610108,2.529846059,1.406303241,0.122608664,-0.760714444,-0.375356038,-0.087584392,0.332805551,0.683129513,0.242722416,0.430393632,-0.040043818,-0.465441023,-0.653111445,-0.801498387,-0.99617805,-1.237150435,-1.524415542],"differential_data":[87.19390342,78.20996775,60.24209642,42.27422509,12.89167066,-5.397500571,-3.100373503,-2.207044725,-1.651536025,-1.167330061,-0.371588769,-1.126039183,-2.349668428,-1.767881517,-0.529238416,0.454169137,1.227382709,1.696565702,1.45634401,0.893324419,-0.487950313,-1.538924378,-0.386604012,0.476697649,1.535177454,2.300885089,2.466036512,1.812930813,0.086332445,-1.009685962,-0.300281277,0.416637272,2.162007121,2.646200007,2.289612807,1.182343916,-0.773209807,0.345321457,0.885817292,0.386614713,1.400053941,1.60273604,-0.206443291,-2.878921509,-4.474148837,-2.702505929,-0.540502771,1.355008608,2.349681706,1.974331348,-0.345326609,-2.586157663,-3.040320458,-2.811354996,-2.026877069,-0.761955955,-0.183920922,0.052551071,1.636516819,3.426932199,3.896122127,3.415674779,0.416642226,-1.940549974,-2.004360447,-2.710015433,-2.16952475,-1.084770896,0.600550268,2.342177552,1.824199528,1.535175868,-0.150134396,-2.923960302,-3.610856093,-3.250526527,-0.746947053,1.009695078,1.062242384,1.156070858,-0.135124702,-0.379103822,-0.424149352,-1.343751982,-0.91960144,-0.504086046,-0.514599907,-0.653478073,-0.792356238,-0.861795321,87.19390342,78.20996775,60.24209642,42.27422509,12.89167066,-5.397500571,-3.100373503,-2.207044725,-1.651536025,-1.167330061,-0.371588769,-1.126039183,-2.349668428,-1.767881517,-0.529238416,0.454169137,1.227382709,1.696565702,1.45634401,0.893324419,-0.487950313,-1.538924378,-0.386604012,0.476697649,1.535177454,2.300885089,2.466036512,1.812930813,0.086332445,-1.009685962,-0.300281277,0.416637272,2.162007121,2.646200007,2.289612807,1.182343916,-0.773209807,0.345321457,0.885817292,0.386614713,1.400053941,1.60273604,-0.206443291,-2.878921509,-4.474148837,-2.702505929,-0.540502771,1.355008608,2.349681706,1.974331348,-0.345326609,-2.586157663,-3.040320458,-2.811354996,-2.026877069,-0.761955955,-0.183920922,0.052551071,1.636516819,3.426932199,3.896122127,3.415674779,0.416642226,-1.940549974,-2.004360447,-2.710015433,-2.16952475,-1.084770896,0.600550268,2.342177552,1.824199528,1.535175868,-0.150134396,-2.923960302,-3.610856093,-3.250526527,-0.746947053,1.009695078,1.062242384,1.156070858,-0.135124702,-0.379103822,-0.424149352,-1.343751982,-0.91960144,-0.504086046,-0.514599907,-0.653478073,-0.792356238,-0.861795321]}

Slot 5:
Outcome check: Negative
Index Rising data : 0.000000
Index Break data : 0.000000
Index Transition time: 24.333333
{"outcome":{"outcome":"Negative","transition_time":{"x":24.33333333,"y":-2.259971718,"i":73},"plateau_point":{"x":26.33333333,"y":1.308240618,"i":79},"increase":3.568212336,"suspect_score":3,"arm_width":1,"window_rate":0.837307026,"rise_width":6,"shape_flag":0,"climbs_fixed":0,"climb_first_i":-1},"peak_features":{"main_peak":{"x":25.66666667,"y":3.714200899,"i":77},"left_arm":{"x":25,"y":1.756029996,"i":75},"right_arm":{"x":26,"y":1.604429963,"i":78}},"time_data":[0,0.333333333,0.666666667,1,1.333333333,1.666666667,2,2.333333333,2.666666667,3,3.333333333,3.666666667,4,4.333333333,4.666666667,5,5.333333333,5.666666667,6,6.333333333,6.666666667,7,7.333333333,7.666666667,8,8.333333333,8.666666667,9,9.333333333,9.666666667,10,10.33333333,10.66666667,11,11.33333333,11.66666667,12,12.33333333,12.66666667,13,13.33333333,13.66666667,14,14.33333333,14.66666667,15,15.33333333,15.66666667,16,16.33333333,16.66666667,17,17.33333333,17.66666667,18,18.33333333,18.66666667,19,19.33333333,19.66666667,20,20.33333333,20.66666667,21,21.33333333,21.66666667,22,22.33333333,22.66666667,23,23.33333333,23.66666667,24,24.33333333,24.66666667,25,25.33333333,25.66666667,26,26.33333333,26.66666667,27,27.33333333,27.66666667,28,28.33333333,28.66666667,29,29.33333333,29.66666667],"raw_data":[444.8768,446.8223,444.2283,446.8223,448.1194,446.1738,442.9313,446.1738,444.8768,444.8768,442.2828,442.2828,440.9857,442.2828,442.2828,439.6887,444.2283,446.1738,444.8768,442.2828,444.2283,442.9313,444.2283,444.2283,444.2283,442.2828,446.1738,442.9313,446.8223,442.2828,442.2828,442.2828,439.6887,444.8768,442.2828,442.9313,444.8768,444.2283,444.8768,440.9857,440.9857,440.9857,440.9857,439.0402,442.9313,440.9857,439.6887,440.9857,439.6887,439.6887,440.9857,440.9857,444.2283,444.8768,439.6887,442.2828,444.2283,444.2283,446.1738,440.9857,440.9857,442.2828,442.9313,442.2828,437.7432,442.2828,444.8768,442.2828,444.2283,444.2283,442.2828,439.6887,442.2828,444.8768,439.6887,439.6887,444.2283,444.2283,444.8768,446.1738,444.2283,442.9313,439.6887,444.2283,444.2283,446.1738,442.9313,446.1738,444.2283,444.8768],"processed_data":[1.755170787,2.248433708,2.57605937,2.738047771,2.734398912,2.355400317,2.45927132,1.583363455,0.906780557,0.328456334,-0.202140379,-1.030320469,-1.948339949,-2.417176614,-1.701291039,-0.676592014,-0.025275028,0.471634902,0.729915867,0.918013668,0.210547773,0.12071195,-0.033693124,0.606394054,0.221781149,0.932051489,0.976967155,0.873092585,0.822561289,-0.190910306,-1.033131389,-1.215611049,-1.869735652,-1.058401265,-0.564298688,0.451980393,0.934855143,0.199315323,-0.092655727,-0.808541698,-2.296463211,-2.770914846,-2.863557097,-2.622122496,-2.560359938,-2.638968331,-2.919710894,-3.032008316,-3.826502812,-3.371701856,-2.004495068,-1.580579089,-1.15946716,-0.814155876,-0.800118318,-7.530311486e-6,-0.014043635,-0.033694313,0.22739493,-0.443577226,-0.718701383,-1.791129901,-2.692304075,-1.917462502,-1.875351811,-1.678834065,-0.920834232,0.145979976,0.440757322,-0.769232812,-0.870298576,-0.903991039,-2.035377535,-2.259971718,-1.813594009,-1.212808848,-0.642907345,0.238620642,1.833226588,1.308240618,0.235810912,-0.460423986,-0.426732976,-0.64290391,0.249849658,1.047154414,1.357933527,1.490441762,1.444679122,1.220645604],"differential_data":[1.479788763,1.231332873,0.734421093,0.237509314,-0.573971181,-0.412691389,-1.158055293,-2.328736144,-1.882360681,-1.663381403,-2.038165204,-2.619299356,-2.080284218,0.370573366,2.610876901,2.514024016,1.722340373,1.132786342,0.669568149,-0.77905214,-1.195952576,-0.366361346,0.728523155,0.383211408,0.488486154,1.13277901,-0.088438356,-0.2316088,-1.596004337,-2.783539017,-1.537051114,-1.254906394,0.235814677,1.958155446,2.265572486,2.248730746,-0.378997605,-1.541266305,-1.511785532,-3.305711226,-2.943559721,-0.85064083,0.223188524,0.454795738,-0.025268753,-0.539026434,-0.589559976,-1.360187877,-0.50954031,2.733011617,2.68668415,1.267541861,1.14963482,0.539023263,1.221222518,1.179112026,-0.050530174,0.362157846,-0.614824369,-1.419144469,-2.021329013,-2.960404037,-0.189498901,1.225428395,0.357942655,1.431776369,2.737221061,2.042387331,-1.372819182,-1.966583846,-0.20213734,-1.74761844,-2.033971019,0.33267529,1.570744304,1.756029996,2.177144236,3.714200899,1.604429963,-2.396123515,-2.652996905,-0.993815831,-0.273719887,1.014873951,2.535087486,1.662125803,0.664931022,0.130118392,-0.404694238,-0.672100553,1.479788763,1.231332873,0.734421093,0.237509314,-0.573971181,-0.412691389,-1.158055293,-2.328736144,-1.882360681,-1.663381403,-2.038165204,-2.619299356,-2.080284218,0.370573366,2.610876901,2.514024016,1.722340373,1.132786342,0.669568149,-0.77905214,-1.195952576,-0.366361346,0.728523155,0.383211408,0.488486154,1.13277901,-0.088438356,-0.2316088,-1.596004337,-2.783539017,-1.537051114,-1.254906394,0.235814677,1.958155446,2.265572486,2.248730746,-0.378997605,-1.541266305,-1.511785532,-3.305711226,-2.943559721,-0.85064083,0.223188524,0.454795738,-0.025268753,-0.539026434,-0.589559976,-1.360187877,-0.50954031,2.733011617,2.68668415,1.267541861,1.14963482,0.539023263,1.221222518,1.179112026,-0.050530174,0.362157846,-0.614824369,-1.419144469,-2.021329013,-2.960404037,-0.189498901,1.225428395,0.357942655,1.431776369,2.737221061,2.042387331,-1.372819182,-1.966583846,-0.20213734,-1.74761844,-2.033971019,0.33267529,1.570744304,1.756029996,2.177144236,3.714200899,1.604429963,-2.396123515,-2.652996905,-0.993815831,-0.273719887,1.014873951,2.535087486,1.662125803,0.664931022,0.130118392,-0.404694238,-0.672100553]}

Slot 6:
Outcome check: Positive
Index Rising data : 4.000000
Index Break data : 0.000000
Index Transition time: 4.333333
{"outcome":{"outcome":"Positive","transition_time":{"x":4.333333333,"y":2.674933231,"i":13},"plateau_point":{"x":8.333333333,"y":66.22163939,"i":25},"increase":63.54670616,"suspect_score":0,"arm_width":3.666666667,"window_rate":15.99906079,"rise_width":4.666666667,"shape_flag":0,"climbs_fixed":0,"climb_first_i":-1},"peak_features":{"main_peak":{"x":5.666666667,"y":23.34011623,"i":17},"left_arm":{"x":4.333333333,"y":5.94959368,"i":13},"right_arm":{"x":8,"y":9.8464298,"i":24}},"time_data":[0,0.333333333,0.666666667,1,1.333333333,1.666666667,2,2.333333333,2.666666667,3,3.333333333,3.666666667,4,4.333333333,4.666666667,5,5.333333333,5.666666667,6,6.333333333,6.666666667,7,7.333333333,7.666666667,8,8.333333333,8.666666667,9,9.333333333,9.666666667,10,10.33333333,10.66666667,11,11.33333333,11.66666667,12,12.33333333,12.66666667,13,13.33333333,13.66666667,14,14.33333333,14.66666667,15,15.33333333,15.66666667,16,16.33333333,16.66666667,17,17.33333333,17.66666667,18,18.33333333,18.66666667,19,19.33333333,19.66666667,20,20.33333333,20.66666667,21,21.33333333,21.66666667,22,22.33333333,22.66666667,23,23.33333333,23.66666667,24,24.33333333,24.66666667,25,25.33333333,25.66666667,26,26.33333333,26.66666667,27,27.33333333,27.66666667,28,28.33333333,28.66666667,29,29.33333333,29.66666667],"raw_data":[331.0384,359.7246,371.1991,379.8049,376.9363,379.2312,391.8531,397.0166,395.8692,399.8853,397.0166,398.7378,399.8853,399.8853,401.0327,407.9174,413.0809,422.8342,432.0138,436.0298,442.9145,448.078,452.0941,457.2576,460.1262,464.1423,467.0109,469.8795,469.8795,479.0591,476.7642,477.9117,477.9117,479.0591,479.0591,480.7802,480.2065,479.0591,480.7802,480.2065,481.9277,480.7802,479.0591,480.7802,476.7642,481.9277,481.9277,480.2065,483.0751,481.9277,479.0591,477.9117,480.2065,483.0751,480.7802,481.9277,480.2065,480.2065,481.9277,480.7802,480.7802,480.2065,480.2065,480.2065,480.2065,481.9277,481.9277,481.9277,483.0751,480.7802,480.7802,481.9277,483.0751,480.2065,483.0751,483.0751,484.2226,484.7963,481.9277,484.7963,484.7963,481.9277,484.7963,485.9438,487.0912,480.7802,484.2226,485.9438,488.2386,488.2386],"processed_data":[-57.84222135,-44.18759849,-32.47270863,-22.69755178,-14.86212792,-12.01835044,-7.746469473,-3.966352719,-0.067020961,1.808136118,1.477812928,1.097813065,1.798204166,2.674933231,5.764599953,10.74929241,17.21423353,24.91603584,32.77431102,39.53480695,45.84079693,50.73607619,55.21410116,59.65735286,63.559165,66.22163939,69.76084312,72.85298652,75.81846586,78.00905038,79.81963266,80.90250479,81.76432833,81.63766242,82.26354109,82.62118081,82.77765104,83.05085695,83.47307755,83.29177156,83.78104602,83.17751877,82.60627872,82.69568717,82.39765488,83.05582458,84.11882765,84.55843324,84.53607931,83.16759091,83.04837617,82.99870056,83.01111897,83.56993783,84.05425114,84.34483939,83.972294,83.62458319,83.74876371,83.55255272,83.5972582,83.20484521,82.94903406,83.24707586,83.51034361,84.28026974,84.73725673,84.804309,84.63045155,84.68012122,84.36469972,84.29764309,84.32496438,84.95084358,85.76548192,85.84744223,86.17032032,87.09423987,86.66457377,86.47830306,86.37398658,87.40718482,87.67044913,87.14391284,87.01724468,87.53632583,88.16021706,88.94182017,89.88113514,90.97816199],"differential_data":[40.96386857,38.05426907,32.23507007,26.41587106,16.018802,10.67348768,12.07799659,11.51917277,8.661733256,2.317250834,-1.06548458,0.480586857,2.365680249,5.94959368,12.11153878,17.17445037,21.25011513,23.34011623,21.92815667,19.59972887,16.80190386,14.05995634,13.38191501,12.51759576,9.8464298,9.302517185,9.947020692,9.086434104,7.734095784,6.001750203,4.340181623,2.917043513,1.102736436,0.748819128,1.475277591,0.771164931,0.644514208,1.043139767,0.36137192,0.461952705,-0.171379188,-1.76215095,-0.722747406,-0.312935767,0.540206117,2.581759168,2.253912988,0.625877479,-2.086263483,-2.2315547,-0.253335532,-0.05588581,0.856855913,1.564698256,1.162352327,-0.122935704,-1.080384292,-0.335295442,-0.108045702,-0.227258261,-0.521561263,-0.972336212,0.063345971,0.841964325,1.549790816,1.840369683,0.786058897,-0.160207773,-0.186281675,-0.398627739,-0.573717192,-0.05960301,0.979800732,2.160776312,1.344897976,0.607257595,1.870196454,0.741380171,-0.923905212,-0.435880785,1.393322635,1.944693825,-0.394907964,-0.979806677,0.58861948,1.714458575,2.10824151,2.581377124,3.054512737,3.291080544,40.96386857,38.05426907,32.23507007,26.41587106,16.018802,10.67348768,12.07799659,11.51917277,8.661733256,2.317250834,-1.06548458,0.480586857,2.365680249,5.94959368,12.11153878,17.17445037,21.25011513,23.34011623,21.92815667,19.59972887,16.80190386,14.05995634,13.38191501,12.51759576,9.8464298,9.302517185,9.947020692,9.086434104,7.734095784,6.001750203,4.340181623,2.917043513,1.102736436,0.748819128,1.475277591,0.771164931,0.644514208,1.043139767,0.36137192,0.461952705,-0.171379188,-1.76215095,-0.722747406,-0.312935767,0.540206117,2.581759168,2.253912988,0.625877479,-2.086263483,-2.2315547,-0.253335532,-0.05588581,0.856855913,1.564698256,1.162352327,-0.122935704,-1.080384292,-0.335295442,-0.108045702,-0.227258261,-0.521561263,-0.972336212,0.063345971,0.841964325,1.549790816,1.840369683,0.786058897,-0.160207773,-0.186281675,-0.398627739,-0.573717192,-0.05960301,0.979800732,2.160776312,1.344897976,0.607257595,1.870196454,0.741380171,-0.923905212,-0.435880785,1.393322635,1.944693825,-0.394907964,-0.979806677,0.58861948,1.714458575,2.10824151,2.581377124,3.054512737,3.291080544]}

Slot 7:
Outcome check: Negative
Index Rising data : 0.000000
Index Break data : 0.000000
Index Transition time: 4.666667
{"outcome":{"outcome":"Negative","transition_time":{"x":4.666666667,"y":-0.679985806,"i":14},"plateau_point":{"x":6,"y":1.828542998,"i":18},"increase":2.508528804,"suspect_score":2,"arm_width":1.333333333,"window_rate":0.874767122,"rise_width":5.666666667,"shape_flag":0,"climbs_fixed":0,"climb_first_i":-1},"peak_features":{"main_peak":{"x":5.333333333,"y":2.658448851,"i":16},"left_arm":{"x":4.666666667,"y":-0.020066893,"i":14},"right_arm":{"x":6,"y":0.558182754,"i":18}},"time_data":[0,0.333333333,0.666666667,1,1.333333333,1.666666667,2,2.333333333,2.666666667,3,3.333333333,3.666666667,4,4.333333333,4.666666667,5,5.333333333,5.666666667,6,6.333333333,6.666666667,7,7.333333333,7.666666667,8,8.333333333,8.666666667,9,9.333333333,9.666666667,10,10.33333333,10.66666667,11,11.33333333,11.66666667,12,12.33333333,12.66666667,13,13.33333333,13.66666667,14,14.33333333,14.66666667,15,15.33333333,15.66666667,16,16.33333333,16.66666667,17,17.33333333,17.66666667,18,18.33333333,18.66666667,19,19.33333333,19.66666667,20,20.33333333,20.66666667,21,21.33333333,21.66666667,22,22.33333333,22.66666667,23,23.33333333,23.66666667,24,24.33333333,24.66666667,25,25.33333333,25.66666667,26,26.33333333,26.66666667,27,27.33333333,27.66666667,28,28.33333333,28.66666667,29,29.33333333,29.66666667],"raw_data":[296.2276,319.1095,343.2282,351.8862,358.0705,358.0705,359.9258,359.9258,361.7811,361.1627,363.0179,361.7811,361.1627,359.9258,359.9258,361.1627,363.0179,361.1627,363.0179,364.2548,363.0179,361.7811,361.7811,361.7811,364.2548,364.2548,361.7811,364.2548,366.1101,364.2548,364.8732,364.2548,366.7285,364.2548,364.2548,363.0179,367.9654,366.7285,367.9654,366.1101,364.2548,366.7285,364.2548,367.9654,364.8732,367.9654,367.9654,366.7285,364.2548,364.8732,367.9654,366.7285,366.7285,366.7285,367.9654,367.9654,367.9654,367.9654,367.9654,366.1101,367.9654,366.7285,367.9654,367.9654,366.7285,367.9654,367.9654,367.9654,369.2022,367.9654,366.7285,367.9654,369.2022,369.2022,369.8206,367.9654,369.8206,369.2022,369.2022,367.9654,371.0575,367.9654,367.9654,367.9654,367.9654,367.9654,367.9654,367.9654,367.9654,367.9654],"processed_data":[-61.12914854,-41.3431697,-25.19012649,-12.67001891,-3.782846954,-0.891492967,-0.934328286,-0.35872779,0.01607814,0.704118208,0.70947477,0.369470638,-0.353369775,-0.364080784,-0.679985806,-0.377458713,0.433726918,1.394840521,1.828542998,1.766962357,1.258292722,1.293092141,1.343957546,1.151199539,1.384113526,2.195302592,2.703967338,3.121609775,2.939561456,3.582087926,4.11752676,3.9515402,3.159096061,3.410749824,3.515159838,4.179101589,4.754694158,5.249971993,5.664935091,5.180364435,4.623510584,4.275477422,4.21658127,4.971545067,5.822888923,5.726508863,5.426667185,4.934065385,5.073278254,4.677057836,4.717217516,5.266039167,5.970137955,6.181632963,6.141474208,6.711710216,6.639424642,6.626037201,6.205722429,6.031706839,6.103990431,6.010290897,6.103993073,6.385096959,6.211077537,6.612655838,6.826831768,6.853605328,6.82147732,6.676911986,6.722428227,7.110620408,7.142744585,7.678179456,8.074400006,8.149363728,7.680853641,7.940543699,7.986059808,8.047634505,7.619282644,7.399748171,7.123996091,6.90178981,6.433280251,6.714385986,6.714386,6.714385986,6.714385986,6.714385986],"differential_data":[59.35793651,53.90853307,43.00972619,32.11091931,17.66778891,4.272778003,0.799147767,1.425609638,1.594268997,1.040094945,-0.501971356,-1.594266817,-1.100327133,-0.489924047,-0.020066893,1.670569085,2.658448851,2.092224,0.558182754,-0.855375414,-0.710805323,0.128497235,-0.212838904,0.060233971,1.566154579,1.979780717,1.389460774,0.353391177,0.690717226,1.766947957,0.554178411,-1.437646048,-0.811185564,0.534095665,1.152527648,1.85930148,1.606305605,1.365361399,-0.104411336,-1.562136762,-1.35733052,-0.61039397,1.044101467,2.40946148,1.132445695,-0.594332608,-1.188665217,-0.530083396,-0.385511324,-0.534091107,0.883471997,1.87938066,1.373390693,0.257004379,0.79511588,0.746925651,-0.128509521,-0.650553319,-0.891495544,-0.152597997,-0.032123912,3.963321832e-6,0.562209092,0.160626696,0.341338319,0.923631346,0.361424236,-0.008031672,-0.265040014,-0.14857364,0.650562633,0.630474536,0.851338572,1.397483132,0.706776408,-0.590319547,-0.313230044,0.45780925,0.160636208,-0.550165746,-0.971829501,-0.74292983,-0.746937541,-1.036073759,-0.281105735,0.421658603,-2.797762022e-14,-1.199040867e-14,-1.33226763e-15,-7.993605777e-15,59.35793651,53.90853307,43.00972619,32.11091931,17.66778891,4.272778003,0.799147767,1.425609638,1.594268997,1.040094945,-0.501971356,-1.594266817,-1.100327133,-0.489924047,-0.020066893,1.670569085,2.658448851,2.092224,0.558182754,-0.855375414,-0.710805323,0.128497235,-0.212838904,0.060233971,1.566154579,1.979780717,1.389460774,0.353391177,0.690717226,1.766947957,0.554178411,-1.437646048,-0.811185564,0.534095665,1.152527648,1.85930148,1.606305605,1.365361399,-0.104411336,-1.562136762,-1.35733052,-0.61039397,1.044101467,2.40946148,1.132445695,-0.594332608,-1.188665217,-0.530083396,-0.385511324,-0.534091107,0.883471997,1.87938066,1.373390693,0.257004379,0.79511588,0.746925651,-0.128509521,-0.650553319,-0.891495544,-0.152597997,-0.032123912,3.963321832e-6,0.562209092,0.160626696,0.341338319,0.923631346,0.361424236,-0.008031672,-0.265040014,-0.14857364,0.650562633,0.630474536,0.851338572,1.397483132,0.706776408,-0.590319547,-0.313230044,0.45780925,0.160636208,-0.550165746,-0.971829501,-0.74292983,-0.746937541,-1.036073759,-0.281105735,0.421658603,-2.797762022e-14,-1.199040867e-14,-1.33226763e-15,-7.993605777e-15]}

Slot 8:
Outcome check: Negative
Index Rising data : 0.000000
Index Break data : 0.000000
Index Transition time: 26.666667
{"outcome":{"outcome":"Negative","transition_time":{"x":26.66666667,"y":-3.283513849,"i":80},"plateau_point":{"x":28.66666667,"y":1.416849006,"i":86},"increase":4.700362855,"suspect_score":3,"arm_width":2,"window_rate":1.723702607,"rise_width":8,"shape_flag":0,"climbs_fixed":0,"climb_first_i":-1},"peak_features":{"main_peak":{"x":28,"y":3.218157682,"i":84},"left_arm":{"x":26.66666667,"y":1.053656244,"i":80},"right_arm":{"x":28.66666667,"y":1.032428969,"i":86}},"time_data":[0,0.333333333,0.666666667,1,1.333333333,1.666666667,2,2.333333333,2.666666667,3,3.333333333,3.666666667,4,4.333333333,4.666666667,5,5.333333333,5.666666667,6,6.333333333,6.666666667,7,7.333333333,7.666666667,8,8.333333333,8.666666667,9,9.333333333,9.666666667,10,10.33333333,10.66666667,11,11.33333333,11.66666667,12,12.33333333,12.66666667,13,13.33333333,13.66666667,14,14.33333333,14.66666667,15,15.33333333,15.66666667,16,16.33333333,16.66666667,17,17.33333333,17.66666667,18,18.33333333,18.66666667,19,19.33333333,19.66666667,20,20.33333333,20.66666667,21,21.33333333,21.66666667,22,22.33333333,22.66666667,23,23.33333333,23.66666667,24,24.33333333,24.66666667,25,25.33333333,25.66666667,26,26.33333333,26.66666667,27,27.33333333,27.66666667,28,28.33333333,28.66666667,29,29.33333333,29.66666667],"raw_data":[237.1069,342.7673,403.1447,423.2705,428.3019,430.8176,430.1887,430.8176,432.0755,430.8176,428.3019,427.044,428.9308,427.044,423.8994,423.2705,423.8994,423.2705,423.8994,425.1573,423.2705,423.2705,420.7547,420.7547,420.1258,420.7547,418.868,420.1258,416.9811,418.868,415.7233,415.7233,415.7233,418.868,415.7233,416.9811,416.9811,416.9811,415.0944,416.9811,415.7233,415.0944,415.0944,413.2076,415.7233,413.8365,415.0944,418.239,418.868,415.7233,415.7233,415.0944,416.9811,415.7233,418.239,418.239,415.0944,418.868,420.1258,420.7547,420.1258,420.1258,420.7547,420.7547,418.239,422.0126,422.0126,423.2705,423.8994,422.0126,423.2705,423.2705,423.2705,423.2705,423.8994,425.7862,425.1573,425.7862,425.7862,428.3019,427.044,425.7862,425.1573,430.1887,430.8176,430.8176,430.1887,430.1887,432.0755,430.8176],"processed_data":[-164.627963,-103.7760449,-55.04533961,-18.4358471,6.052432634,5.472509211,2.992175478,1.949402516,1.040039591,0.337600642,-0.095298866,-1.208864683,-2.703595578,-3.740923332,-4.650283483,-5.671273632,-6.267534661,-6.161348153,-5.589589041,-5.725722012,-6.270251518,-7.087045381,-7.925619282,-9.011958927,-9.235214828,-9.964883912,-10.01388893,-10.67276939,-11.49501005,-12.72836502,-12.89717016,-13.39268949,-13.24294132,-13.32462539,-12.64124724,-12.81005397,-12.94619077,-13.3518653,-13.28107469,-13.58328458,-14.27210966,-14.51714282,-14.8356927,-15.61164559,-15.42923198,-14.43546734,-13.5941709,-12.81821722,-12.99790789,-12.75286958,-13.43897766,-13.99712091,-13.4934337,-13.13949123,-12.92712548,-12.45882531,-11.89523712,-11.03760466,-10.61014388,-9.81785273,-8.769636674,-9.425797896,-9.643612684,-9.657226563,-9.235217206,-8.399364653,-7.827606465,-7.116994883,-6.43361,-6.605134774,-6.599684678,-6.833832844,-6.515280984,-5.897244804,-5.47796142,-5.118573342,-4.318115366,-3.484988126,-3.030304748,-3.49315574,-3.283513849,-2.790718244,-1.96575822,-1.236090326,-0.245050868,0.909348129,1.416849006,1.597634108,1.451703436,0.979056988],"differential_data":[182.5557542,164.3739351,128.0102967,91.64665836,35.86253446,-4.590385734,-5.284660042,-2.92820383,-2.417702811,-1.703007686,-2.319697987,-3.912445068,-3.798087975,-2.920031857,-2.895525449,-2.425876766,-0.735111782,1.01691843,0.653439212,-1.020993716,-2.041985054,-2.483051647,-2.88737032,-1.964393318,-1.429387477,-1.168011158,-1.061828217,-2.221681669,-3.083393444,-2.103240174,-0.996486713,-0.518656743,0.102096161,0.902541123,0.771857125,-0.457415296,-0.812716992,-0.502325875,-0.34712893,-1.486552449,-1.400787354,-0.845374566,-1.64175415,-0.890308925,1.764267364,2.752591616,2.425875181,0.894394515,0.09802147,-0.661604646,-1.866377001,-0.081684063,1.286444528,0.849462336,1.020998868,1.547832539,2.131830983,1.92763985,1.829627892,2.760760815,0.588082252,-1.310964015,-0.347143,0.612593217,1.886792864,2.111416111,1.923554656,2.090994699,0.767790163,-0.249112018,-0.343047105,0.126605542,1.404882059,1.555979345,1.168007194,1.739769081,2.450377823,1.931715928,-0.01225142,-0.379813653,1.053656244,1.976633443,2.331941877,2.581061029,3.218157682,2.492849811,1.032428969,0.052281645,-0.92786568,-1.417939342,182.5557542,164.3739351,128.0102967,91.64665836,35.86253446,-4.590385734,-5.284660042,-2.92820383,-2.417702811,-1.703007686,-2.319697987,-3.912445068,-3.798087975,-2.920031857,-2.895525449,-2.425876766,-0.735111782,1.01691843,0.653439212,-1.020993716,-2.041985054,-2.483051647,-2.88737032,-1.964393318,-1.429387477,-1.168011158,-1.061828217,-2.221681669,-3.083393444,-2.103240174,-0.996486713,-0.518656743,0.102096161,0.902541123,0.771857125,-0.457415296,-0.812716992,-0.502325875,-0.34712893,-1.486552449,-1.400787354,-0.845374566,-1.64175415,-0.890308925,1.764267364,2.752591616,2.425875181,0.894394515,0.09802147,-0.661604646,-1.866377001,-0.081684063,1.286444528,0.849462336,1.020998868,1.547832539,2.131830983,1.92763985,1.829627892,2.760760815,0.588082252,-1.310964015,-0.347143,0.612593217,1.886792864,2.111416111,1.923554656,2.090994699,0.767790163,-0.249112018,-0.343047105,0.126605542,1.404882059,1.555979345,1.168007194,1.739769081,2.450377823,1.931715928,-0.01225142,-0.379813653,1.053656244,1.976633443,2.331941877,2.581061029,3.218157682,2.492849811,1.032428969,0.052281645,-0.92786568,-1.417939342]}

Slot 9:
Outcome check: Negative
Index Rising data : 0.000000
Index Break data : 0.000000
Index Transition time: 28.333333
finish one round maintenance
{"outcome":{"outcome":"Negative","transition_time":{"x":28.33333333,"y":6.811292508,"i":85},"plateau_point":{"x":29.66666667,"y":9.879717833,"i":89},"increase":3.068425325,"suspect_score":4,"arm_width":-1,"window_rate":1.014508136,"rise_width":5.666666667,"shape_flag":0,"climbs_fixed":0,"climb_first_i":-1},"peak_features":{"main_peak":{"x":29.66666667,"y":3.505677379,"i":89},"left_arm":{"x":28.66666667,"y":1.498413403,"i":86},"right_arm":{"x":-1,"y":-1,"i":-1}},"time_data":[0,0.333333333,0.666666667,1,1.333333333,1.666666667,2,2.333333333,2.666666667,3,3.333333333,3.666666667,4,4.333333333,4.666666667,5,5.333333333,5.666666667,6,6.333333333,6.666666667,7,7.333333333,7.666666667,8,8.333333333,8.666666667,9,9.333333333,9.666666667,10,10.33333333,10.66666667,11,11.33333333,11.66666667,12,12.33333333,12.66666667,13,13.33333333,13.66666667,14,14.33333333,14.66666667,15,15.33333333,15.66666667,16,16.33333333,16.66666667,17,17.33333333,17.66666667,18,18.33333333,18.66666667,19,19.33333333,19.66666667,20,20.33333333,20.66666667,21,21.33333333,21.66666667,22,22.33333333,22.66666667,23,23.33333333,23.66666667,24,24.33333333,24.66666667,25,25.33333333,25.66666667,26,26.33333333,26.66666667,27,27.33333333,27.66666667,28,28.33333333,28.66666667,29,29.33333333,29.66666667],"raw_data":[422.7202,516.2288,544.8223,554.8686,557.9598,561.051,558.7326,561.051,557.9598,561.051,560.2782,560.2782,557.9598,560.2782,560.2782,557.9598,560.2782,560.2782,560.2782,561.051,561.8238,561.051,558.7326,558.7326,561.051,563.3694,557.187,557.9598,561.051,557.9598,563.3694,560.2782,561.051,561.8238,564.1422,563.3694,561.8238,564.915,563.3694,563.3694,561.051,563.3694,565.6878,564.915,563.3694,563.3694,564.915,565.6878,565.6878,561.8238,565.6878,564.915,564.915,567.2334,565.6878,564.915,564.915,567.2334,564.1422,567.2334,567.2334,564.915,568.0062,563.3694,564.1422,564.915,567.2334,565.6878,568.0062,565.6878,568.0062,567.2334,567.2334,568.779,563.3694,567.2334,568.0062,568.779,568.0062,565.6878,568.0062,567.2334,567.2334,565.6878,567.2334,568.0062,567.2334,564.915,567.2334,571.0974],"processed_data":[-109.6275441,-67.81686679,-34.57386971,-9.898552833,6.209083854,2.030616925,0.97010572,0.568656888,0.638917073,0.143791166,0.247499672,0.250855813,0.187292322,-0.341287984,-0.27103652,-0.140558945,0.237476431,0.424819748,1.150776917,1.609102852,0.993540578,0.495066721,0.993537936,0.786128057,0.133765283,0.351219012,-0.060280804,0.033388873,-0.177368428,0.020007113,1.053747929,1.645903352,2.23136314,2.733183625,2.843583012,3.713400044,4.178421615,3.833830598,3.181459105,3.378845479,3.880664115,3.873975878,4.175068116,4.432666861,4.907723827,5.188742634,4.660161006,4.847515684,5.131881384,4.931151551,5.021475656,5.372746191,5.844454679,6.189034334,6.17899524,6.005037646,5.911367177,6.078641817,6.22584461,6.971880496,6.941763477,6.389759939,5.988300538,5.446337943,5.208818444,5.83442034,5.854498265,6.961836117,7.363285478,7.39339774,7.935360335,7.751360476,7.22278704,7.202708323,7.075585039,7.604155834,7.584083986,7.784807742,8.427134857,8.032372149,7.5138349,7.112386068,7.269623728,7.751367082,7.226131026,6.811292508,7.176946044,7.810234777,8.711158706,9.879717833],"differential_data":[125.4320318,112.5805115,86.87747093,61.17443035,17.89375464,-7.858467201,-2.192940056,-0.496782972,-0.637298584,-0.5871261,0.160596971,-0.090311026,-0.888215697,-0.687493262,0.30109356,0.762769427,0.848068039,1.369950728,1.776424656,-0.235854508,-1.671054196,-3.963321835e-6,0.436592003,-1.28965898,-0.652363567,-0.29106913,-0.476745209,-0.175631436,-0.02007264,1.846674535,2.438844359,1.766422817,1.63092041,0.918329809,1.470324628,2.002257904,0.180645831,-1.495443765,-0.682477679,1.048807516,0.742695598,0.441606001,0.838036475,1.098983566,1.134113659,-0.371344232,-0.511840424,0.707580566,0.1254538,-0.165608592,0.66239196,1.234468534,1.224432215,0.501810842,-0.275995032,-0.401442094,0.110406256,0.47171615,1.339858018,1.073878301,-0.873180835,-1.430194409,-1.415132993,-1.169223141,0.582123595,0.968519731,1.691123665,2.263180819,0.647342434,0.858112286,0.536944104,-1.068859943,-0.82297823,-0.220803001,0.602171266,0.762748421,0.270977862,1.264576305,0.37134661,-1.369949935,-1.379979121,-0.366316758,0.958471521,-0.065239052,-1.410111861,-0.073777474,1.498413403,2.301318994,3.104224584,3.505677379,125.4320318,112.5805115,86.87747093,61.17443035,17.89375464,-7.858467201,-2.192940056,-0.496782972,-0.637298584,-0.5871261,0.160596971,-0.090311026,-0.888215697,-0.687493262,0.30109356,0.762769427,0.848068039,1.369950728,1.776424656,-0.235854508,-1.671054196,-3.963321835e-6,0.436592003,-1.28965898,-0.652363567,-0.29106913,-0.476745209,-0.175631436,-0.02007264,1.846674535,2.438844359,1.766422817,1.63092041,0.918329809,1.470324628,2.002257904,0.180645831,-1.495443765,-0.682477679,1.048807516,0.742695598,0.441606001,0.838036475,1.098983566,1.134113659,-0.371344232,-0.511840424,0.707580566,0.1254538,-0.165608592,0.66239196,1.234468534,1.224432215,0.501810842,-0.275995032,-0.401442094,0.110406256,0.47171615,1.339858018,1.073878301,-0.873180835,-1.430194409,-1.415132993,-1.169223141,0.582123595,0.968519731,1.691123665,2.263180819,0.647342434,0.858112286,0.536944104,-1.068859943,-0.82297823,-0.220803001,0.602171266,0.762748421,0.270977862,1.264576305,0.37134661,-1.369949935,-1.379979121,-0.366316758,0.958471521,-0.065239052,-1.410111861,-0.073777474,1.498413403,2.301318994,3.104224584,3.505677379]}

Slot 10:
Outcome check: Negative
Index Rising data : 0.000000
Index Break data : 0.000000
Index Transition time: 26.000000
{"outcome":{"outcome":"Negative","transition_time":{"x":26,"y":-5.108363824,"i":78},"plateau_point":{"x":27.33333333,"y":-0.994241293,"i":82},"increase":4.114122531,"suspect_score":3,"arm_width":1.333333333,"window_rate":1.293545678,"rise_width":5.333333333,"shape_flag":0,"climbs_fixed":0,"climb_first_i":-1},"peak_features":{"main_peak":{"x":26.66666667,"y":4.147083233,"i":80},"left_arm":{"x":26,"y":0.760634385,"i":78},"right_arm":{"x":27.33333333,"y":1.138834371,"i":82}},"time_data":[0,0.333333333,0.666666667,1,1.333333333,1.666666667,2,2.333333333,2.666666667,3,3.333333333,3.666666667,4,4.333333333,4.666666667,5,5.333333333,5.666666667,6,6.333333333,6.666666667,7,7.333333333,7.666666667,8,8.333333333,8.666666667,9,9.333333333,9.666666667,10,10.33333333,10.66666667,11,11.33333333,11.66666667,12,12.33333333,12.66666667,13,13.33333333,13.66666667,14,14.33333333,14.66666667,15,15.33333333,15.66666667,16,16.33333333,16.66666667,17,17.33333333,17.66666667,18,18.33333333,18.66666667,19,19.33333333,19.66666667,20,20.33333333,20.66666667,21,21.33333333,21.66666667,22,22.33333333,22.66666667,23,23.33333333,23.66666667,24,24.33333333,24.66666667,25,25.33333333,25.66666667,26,26.33333333,26.66666667,27,27.33333333,27.66666667,28,28.33333333,28.66666667,29,29.33333333,29.66666667],"raw_data":[555.9232,557.2468,555.9232,557.9086,557.2468,557.9086,557.9086,557.2468,557.2468,559.2323,559.2323,555.9232,559.2323,553.2759,557.2468,557.2468,559.2323,555.2614,557.2468,557.2468,553.9378,551.9523,559.2323,557.9086,559.8941,559.2323,559.8941,551.9523,559.2323,555.2614,553.9378,559.2323,553.2759,559.2323,551.9523,553.2759,551.9523,551.9523,553.2759,553.9378,555.9232,555.2614,551.2905,551.9523,553.2759,555.9232,551.9523,553.9378,553.2759,551.9523,553.9378,549.9669,551.2905,551.9523,551.9523,553.2759,553.2759,551.9523,555.9232,553.2759,553.9378,553.9378,553.9378,555.2614,559.8941,555.9232,553.9378,557.2468,557.2468,551.2905,557.2468,557.2468,553.9378,555.9232,557.2468,553.9378,553.9378,551.9523,555.2614,553.9378,551.9523,557.2468,559.2323,559.2323,555.2614,555.9232,555.9232,557.9086,551.2905,555.2614],"processed_data":[-1.9958485,-1.430306729,-0.982228042,-0.651612438,-0.438459917,-0.581713127,-0.332458496,0.025676513,-0.065996971,0.452579647,-0.060249626,-0.501460352,-1.211987516,-1.289350501,-1.395353507,-1.057282155,-0.833817123,-0.157669133,-1.945424266,-2.578582896,-3.005473083,-2.14597522,-1.564376765,0.378089541,0.799237404,1.108661602,-0.031605906,-1.306519347,-1.701885273,-2.572846912,-1.896706849,-1.309382979,-2.355114693,-2.610105572,-3.675887731,-5.16568984,-5.437858813,-5.904854382,-4.237420681,-3.907939168,-3.807661841,-4.297578358,-4.311905766,-4.787506764,-5.056809463,-4.652846828,-4.331969422,-4.182985248,-4.853385628,-5.67850141,-5.775909556,-6.46923881,-6.50934657,-6.116854581,-6.291631525,-5.142770478,-4.773190453,-4.426523448,-4.148611358,-4.205897476,-4.406438126,-3.472446458,-2.850743942,-2.24049569,-1.870920949,-0.942671871,-1.644598626,-2.418149213,-2.727577375,-2.438212869,-2.486915754,-2.458262258,-2.171760328,-1.604484789,-3.097140225,-3.512565051,-3.446669541,-4.664285239,-5.108363824,-4.157195649,-2.6015049,-1.392473493,-0.994241293,-0.633250579,0.065807524,-1.481292592,-2.067470693,-2.700921578,-3.381645249,-4.109641705],"differential_data":[1.696625311,1.520430686,1.168041437,0.815652188,0.104848966,0.159002131,0.91108446,0.399692288,0.640354701,0.008621018,-1.431059998,-1.727606835,-1.181835224,-0.275048987,0.34810252,0.842304577,1.349419532,-1.667410714,-3.631370644,-1.590073226,0.648911513,2.161644477,3.786097143,3.545421254,1.095858091,-1.246264966,-3.622771424,-2.50541905,-1.899491347,-0.292232365,1.895195899,-0.687611766,-1.951083889,-1.981159557,-3.833376401,-2.642956622,-1.108746813,1.800657198,2.995372822,0.64463826,-0.584458785,-0.756365888,-0.73489261,-1.117355545,0.201989905,1.08726006,0.704792369,-0.782124309,-2.243274243,-1.383785892,-1.1861061,-1.100155521,0.528576343,0.326572567,1.461126154,2.277661608,1.074370545,0.936868643,0.330938959,-0.386740152,1.100176526,2.333541276,1.847926152,1.469734489,1.946735729,0.339483484,-2.213216014,-1.624468122,-0.030095484,0.360992432,-0.030074082,0.472733138,1.280666203,-1.388069846,-2.862120393,-0.524293974,-1.727580281,-2.492541425,0.760634385,3.760288387,4.147083233,2.41089541,1.138834371,1.590073226,-1.27206302,-3.199917325,-1.829443478,-1.971261834,-2.113080191,-2.183989369,1.696625311,1.520430686,1.168041437,0.815652188,0.104848966,0.159002131,0.91108446,0.399692288,0.640354701,0.008621018,-1.431059998,-1.727606835,-1.181835224,-0.275048987,0.34810252,0.842304577,1.349419532,-1.667410714,-3.631370644,-1.590073226,0.648911513,2.161644477,3.786097143,3.545421254,1.095858091,-1.246264966,-3.622771424,-2.50541905,-1.899491347,-0.292232365,1.895195899,-0.687611766,-1.951083889,-1.981159557,-3.833376401,-2.642956622,-1.108746813,1.800657198,2.995372822,0.64463826,-0.584458785,-0.756365888,-0.73489261,-1.117355545,0.201989905,1.08726006,0.704792369,-0.782124309,-2.243274243,-1.383785892,-1.1861061,-1.100155521,0.528576343,0.326572567,1.461126154,2.277661608,1.074370545,0.936868643,0.330938959,-0.386740152,1.100176526,2.333541276,1.847926152,1.469734489,1.946735729,0.339483484,-2.213216014,-1.624468122,-0.030095484,0.360992432,-0.030074082,0.472733138,1.280666203,-1.388069846,-2.862120393,-0.524293974,-1.727580281,-2.492541425,0.760634385,3.760288387,4.147083233,2.41089541,1.138834371,1.590073226,-1.27206302,-3.199917325,-1.829443478,-1.971261834,-2.113080191,-2.183989369]}

[len] set(90) was=90 APPLIED
